"employee_number","attrition","monthly_income","job_role","department"
1,Yes,36366.00,Sales Executive,Sales
2,No,9207.00,Research Scientist,Research & Development
3,Yes,45309.00,Laboratory Technician,Research & Development
4,No,45936.00,Research Scientist,Research & Development
5,No,19503.00,Laboratory Technician,Research & Development
6,No,33165.00,Laboratory Technician,Research & Development
7,No,43692.00,Laboratory Technician,Research & Development
8,No,44814.00,Laboratory Technician,Research & Development
9,No,7128.00,Manufacturing Director,Research & Development
10,No,42867.00,Healthcare Representative,Research & Development
11,No,26697.00,Laboratory Technician,Research & Development
12,No,5049.00,Laboratory Technician,Research & Development
13,No,22110.00,Research Scientist,Research & Development
14,No,44418.00,Laboratory Technician,Research & Development
15,Yes,3399.00,Laboratory Technician,Research & Development
16,No,45837.00,Manufacturing Director,Research & Development
17,No,11022.00,Research Scientist,Research & Development
18,No,37059.00,Laboratory Technician,Research & Development
20,No,12243.00,Research Scientist,Research & Development
21,No,22209.00,Manufacturing Director,Research & Development
22,Yes,40194.00,Sales Representative,Sales
23,No,13827.00,Research Director,Research & Development
24,No,12903.00,Research Scientist,Research & Development
25,Yes,23067.00,Research Scientist,Research & Development
27,Yes,37125.00,Research Scientist,Research & Development
28,No,22803.00,Sales Executive,Sales
29,No,15741.00,Healthcare Representative,Research & Development
31,No,30492.00,Laboratory Technician,Research & Development
32,No,48147.00,Healthcare Representative,Research & Development
33,No,4125.00,Laboratory Technician,Research & Development
34,Yes,29535.00,Sales Representative,Sales
35,Yes,26829.00,Research Scientist,Research & Development
36,No,42009.00,Research Scientist,Research & Development
37,Yes,28677.00,Sales Representative,Sales
38,No,29370.00,Sales Representative,Sales
39,No,28116.00,Research Scientist,Research & Development
40,No,37653.00,Sales Executive,Sales
41,No,15312.00,Laboratory Technician,Research & Development
42,No,40920.00,Laboratory Technician,Research & Development
43,Yes,44781.00,Laboratory Technician,Research & Development
44,No,32802.00,Sales Executive,Sales
45,No,23793.00,Laboratory Technician,Research & Development
46,Yes,44880.00,Research Director,Research & Development
47,No,35145.00,Sales Executive,Sales
48,No,13464.00,Research Scientist,Research & Development
49,No,39963.00,Sales Executive,Sales
50,No,40557.00,Laboratory Technician,Research & Development
51,Yes,20658.00,Laboratory Technician,Research & Development
52,Yes,47322.00,Laboratory Technician,Research & Development
53,No,49104.00,Sales Executive,Sales
54,No,36201.00,Healthcare Representative,Research & Development
55,No,47619.00,Sales Executive,Sales
56,No,16995.00,Research Director,Research & Development
57,No,28149.00,Sales Executive,Sales
58,No,37686.00,Laboratory Technician,Research & Development
59,No,21615.00,Laboratory Technician,Research & Development
60,No,36795.00,Manufacturing Director,Research & Development
61,No,14091.00,Manufacturing Director,Research & Development
62,No,21549.00,Laboratory Technician,Research & Development
63,No,32637.00,Research Director,Research & Development
64,No,47355.00,Sales Executive,Sales
65,No,40359.00,Healthcare Representative,Research & Development
67,No,39435.00,Manufacturing Director,Research & Development
68,No,44187.00,Research Scientist,Research & Development
69,No,21912.00,Research Scientist,Research & Development
70,Yes,10494.00,Research Scientist,Research & Development
71,No,40425.00,Sales Executive,Sales
72,No,43824.00,Research Scientist,Research & Development
73,No,35706.00,Research Scientist,Research & Development
74,No,18084.00,Research Scientist,Research & Development
75,No,4356.00,Laboratory Technician,Research & Development
76,No,24618.00,Manufacturing Director,Research & Development
77,No,25608.00,Sales Executive,Sales
78,No,6369.00,Research Director,Research & Development
79,No,13101.00,Research Director,Research & Development
80,No,31185.00,Human Resources,Human Resources
81,No,28116.00,Laboratory Technician,Research & Development
82,No,40062.00,Research Scientist,Research & Development
83,No,3663.00,Sales Executive,Sales
84,No,18909.00,Research Scientist,Research & Development
85,No,38049.00,Manufacturing Director,Research & Development
86,No,46200.00,Manufacturing Director,Research & Development
87,No,17853.00,Sales Representative,Sales
88,No,14256.00,Laboratory Technician,Research & Development
89,No,9504.00,Healthcare Representative,Research & Development
90,Yes,22077.00,Sales Executive,Sales
91,No,17490.00,Healthcare Representative,Research & Development
92,No,20856.00,Sales Executive,Sales
93,No,44022.00,Sales Executive,Sales
94,No,21054.00,Healthcare Representative,Research & Development
95,No,36069.00,Sales Executive,Sales
96,No,40161.00,Research Director,Research & Development
97,No,44649.00,Sales Executive,Sales
98,No,3960.00,Sales Executive,Sales
99,No,22506.00,Sales Executive,Sales
100,No,16137.00,Laboratory Technician,Research & Development
101,Yes,26631.00,Human Resources,Human Resources
102,No,27291.00,Research Scientist,Research & Development
103,Yes,28743.00,Laboratory Technician,Research & Development
104,No,21945.00,Research Scientist,Research & Development
105,No,34320.00,Healthcare Representative,Research & Development
107,No,36795.00,Research Director,Research & Development
108,Yes,7920.00,Sales Executive,Sales
109,No,42240.00,Research Scientist,Research & Development
110,No,17622.00,Laboratory Technician,Research & Development
111,No,48048.00,Healthcare Representative,Research & Development
112,Yes,21714.00,Laboratory Technician,Research & Development
114,No,37191.00,Laboratory Technician,Research & Development
115,No,34023.00,Research Scientist,Research & Development
116,No,39237.00,Sales Executive,Sales
118,No,48411.00,Sales Executive,Sales
119,No,30426.00,Laboratory Technician,Research & Development
121,No,43296.00,Research Scientist,Research & Development
122,No,24750.00,Sales Executive,Sales
123,Yes,14553.00,Research Scientist,Research & Development
124,No,22572.00,Research Director,Research & Development
125,Yes,8217.00,Sales Executive,Sales
126,No,27753.00,Research Scientist,Research & Development
127,Yes,4851.00,Healthcare Representative,Research & Development
128,Yes,17424.00,Sales Representative,Sales
129,No,19602.00,Laboratory Technician,Research & Development
130,No,15510.00,Manufacturing Director,Research & Development
131,No,31581.00,Research Scientist,Research & Development
132,No,26697.00,Sales Executive,Sales
133,Yes,17886.00,Sales Executive,Sales
134,No,26466.00,Sales Executive,Sales
135,No,44715.00,Human Resources,Human Resources
136,No,7128.00,Manufacturing Director,Research & Development
137,Yes,37950.00,Manufacturing Director,Research & Development
138,No,43857.00,Sales Executive,Sales
139,No,31647.00,Sales Executive,Sales
140,No,40920.00,Human Resources,Human Resources
141,Yes,34089.00,Laboratory Technician,Research & Development
142,No,43428.00,Research Scientist,Research & Development
143,No,12012.00,Research Scientist,Research & Development
144,No,14454.00,Research Scientist,Research & Development
145,No,22737.00,Sales Executive,Sales
146,No,6633.00,Research Scientist,Research & Development
147,No,47091.00,Laboratory Technician,Research & Development
149,No,30789.00,Laboratory Technician,Research & Development
150,No,38973.00,Laboratory Technician,Research & Development
151,No,46035.00,Research Scientist,Research & Development
152,No,21846.00,Sales Executive,Sales
153,No,47388.00,Sales Representative,Sales
154,No,6402.00,Laboratory Technician,Research & Development
155,No,31911.00,Sales Executive,Sales
156,No,49368.00,Manufacturing Director,Research & Development
157,No,38577.00,Manufacturing Director,Research & Development
158,No,37785.00,Research Scientist,Research & Development
159,No,20790.00,Sales Executive,Sales
160,No,9999.00,Sales Representative,Sales
161,No,41448.00,Research Scientist,Research & Development
162,No,22803.00,Research Scientist,Research & Development
163,No,14520.00,Research Scientist,Research & Development
164,No,11022.00,Healthcare Representative,Research & Development
165,No,47850.00,Research Scientist,Research & Development
167,No,15345.00,Research Scientist,Research & Development
168,No,44187.00,Sales Executive,Sales
169,No,23166.00,Sales Executive,Sales
170,No,3960.00,Research Scientist,Research & Development
171,No,38181.00,Research Scientist,Research & Development
172,Yes,19866.00,Sales Representative,Sales
173,No,48840.00,Laboratory Technician,Research & Development
174,No,3663.00,Laboratory Technician,Research & Development
175,No,41844.00,Sales Executive,Sales
176,No,23529.00,Research Scientist,Research & Development
177,No,4422.00,Research Scientist,Research & Development
178,Yes,9999.00,Laboratory Technician,Research & Development
179,No,17358.00,Sales Executive,Sales
180,No,45540.00,Laboratory Technician,Research & Development
181,No,4620.00,Research Scientist,Research & Development
182,No,20757.00,Research Scientist,Research & Development
183,Yes,44748.00,Sales Representative,Sales
184,No,10824.00,Laboratory Technician,Research & Development
185,No,35772.00,Manufacturing Director,Research & Development
186,No,30723.00,Research Scientist,Research & Development
188,No,22836.00,Research Director,Research & Development
189,No,35277.00,Manufacturing Director,Research & Development
190,No,10329.00,Healthcare Representative,Research & Development
192,No,29502.00,Research Scientist,Research & Development
193,Yes,18348.00,Manufacturing Director,Research & Development
194,No,44352.00,Research Scientist,Research & Development
196,No,9570.00,Research Scientist,Research & Development
197,No,4554.00,Laboratory Technician,Research & Development
198,No,30558.00,Manufacturing Director,Research & Development
199,No,41613.00,Manufacturing Director,Research & Development
200,No,35772.00,Manufacturing Director,Research & Development
201,No,15576.00,Manufacturing Director,Research & Development
202,No,33066.00,Manufacturing Director,Research & Development
203,No,28974.00,Research Scientist,Research & Development
204,No,29865.00,Laboratory Technician,Research & Development
205,Yes,38940.00,Healthcare Representative,Research & Development
206,Yes,3993.00,Sales Executive,Sales
207,No,37488.00,Research Scientist,Research & Development
208,No,20955.00,Laboratory Technician,Research & Development
209,No,37983.00,Healthcare Representative,Research & Development
210,No,21252.00,Healthcare Representative,Research & Development
211,Yes,34485.00,Sales Executive,Sales
212,No,27357.00,Manufacturing Director,Research & Development
213,No,40986.00,Sales Executive,Sales
214,No,48477.00,Research Director,Research & Development
215,Yes,33165.00,Research Scientist,Research & Development
217,Yes,11022.00,Sales Executive,Sales
218,Yes,32736.00,Research Scientist,Research & Development
219,No,34716.00,Sales Executive,Sales
220,No,37851.00,Sales Executive,Sales
221,No,46068.00,Laboratory Technician,Research & Development
222,No,4851.00,Research Scientist,Research & Development
223,No,21879.00,Research Director,Research & Development
224,No,3927.00,Sales Executive,Sales
225,No,32307.00,Manufacturing Director,Research & Development
226,No,4686.00,Research Scientist,Research & Development
227,No,10527.00,Sales Representative,Sales
228,No,46629.00,Sales Executive,Sales
229,No,31152.00,Sales Executive,Sales
230,Yes,29568.00,Research Scientist,Research & Development
231,No,43659.00,Laboratory Technician,Research & Development
233,No,26994.00,Human Resources,Human Resources
235,Yes,26829.00,Laboratory Technician,Research & Development
237,Yes,15345.00,Laboratory Technician,Research & Development
239,No,46233.00,Sales Representative,Sales
240,Yes,16995.00,Laboratory Technician,Research & Development
241,No,47223.00,Laboratory Technician,Research & Development
242,No,32208.00,Sales Executive,Sales
243,No,46563.00,Research Scientist,Research & Development
244,No,42900.00,Research Scientist,Research & Development
246,No,43791.00,Research Director,Research & Development
247,No,27456.00,Research Scientist,Research & Development
248,No,15510.00,Manufacturing Director,Research & Development
249,No,33561.00,Research Scientist,Research & Development
250,No,39567.00,Manufacturing Director,Research & Development
251,Yes,16632.00,Manufacturing Director,Research & Development
252,No,16665.00,Healthcare Representative,Research & Development
253,No,21945.00,Research Scientist,Research & Development
254,No,30228.00,Research Scientist,Research & Development
255,No,41151.00,Sales Executive,Sales
256,No,22605.00,Manufacturing Director,Research & Development
257,No,8877.00,Laboratory Technician,Research & Development
258,No,46728.00,Research Director,Research & Development
259,No,27489.00,Research Scientist,Research & Development
260,Yes,10131.00,Laboratory Technician,Research & Development
261,No,43263.00,Laboratory Technician,Research & Development
262,No,43791.00,Sales Executive,Sales
263,No,4224.00,Laboratory Technician,Research & Development
265,Yes,17457.00,Laboratory Technician,Research & Development
266,No,39930.00,Sales Executive,Sales
267,No,48279.00,Healthcare Representative,Research & Development
268,No,22275.00,Healthcare Representative,Research & Development
269,No,45705.00,Healthcare Representative,Research & Development
270,No,46299.00,Laboratory Technician,Research & Development
273,No,38214.00,Research Scientist,Research & Development
274,No,7524.00,Sales Executive,Sales
275,No,32868.00,Research Scientist,Research & Development
276,No,24024.00,Research Director,Research & Development
278,No,10626.00,Sales Executive,Sales
279,No,48807.00,Manufacturing Director,Research & Development
280,No,26301.00,Research Director,Research & Development
281,No,35310.00,Research Director,Research & Development
282,No,20955.00,Sales Executive,Sales
283,No,14586.00,Sales Executive,Sales
284,No,4851.00,Laboratory Technician,Research & Development
285,No,16368.00,Healthcare Representative,Research & Development
286,No,45276.00,Research Scientist,Research & Development
287,Yes,30360.00,Laboratory Technician,Research & Development
288,No,22704.00,Healthcare Representative,Research & Development
289,Yes,47817.00,Laboratory Technician,Research & Development
290,No,36861.00,Research Scientist,Research & Development
291,No,20988.00,Research Director,Research & Development
292,No,16698.00,Research Scientist,Research & Development
293,No,14652.00,Sales Representative,Sales
294,Yes,31350.00,Sales Executive,Sales
295,No,29337.00,Research Scientist,Research & Development
296,No,18315.00,Sales Executive,Sales
297,Yes,7590.00,Laboratory Technician,Research & Development
298,No,40656.00,Sales Executive,Sales
299,No,18678.00,Laboratory Technician,Research & Development
300,No,42966.00,Manufacturing Director,Research & Development
302,No,26796.00,Sales Representative,Sales
303,No,48708.00,Healthcare Representative,Research & Development
304,No,7194.00,Sales Executive,Sales
305,No,37356.00,Healthcare Representative,Research & Development
306,No,36465.00,Laboratory Technician,Research & Development
307,No,29898.00,Sales Executive,Sales
308,No,28017.00,Research Director,Research & Development
309,No,12870.00,Healthcare Representative,Research & Development
310,No,22803.00,Research Scientist,Research & Development
311,No,3498.00,Human Resources,Human Resources
312,No,41217.00,Laboratory Technician,Research & Development
313,No,6336.00,Research Scientist,Research & Development
316,No,6105.00,Laboratory Technician,Research & Development
317,No,36003.00,Healthcare Representative,Research & Development
318,Yes,23859.00,Research Scientist,Research & Development
319,No,40260.00,Research Scientist,Research & Development
320,No,19404.00,Sales Executive,Sales
321,No,45441.00,Sales Executive,Sales
322,No,22803.00,Sales Executive,Sales
323,No,33594.00,Research Scientist,Research & Development
324,Yes,38181.00,Research Scientist,Research & Development
325,No,42075.00,Research Scientist,Research & Development
326,No,26334.00,Manufacturing Director,Research & Development
328,Yes,38346.00,Sales Executive,Sales
329,No,16764.00,Sales Executive,Sales
330,No,48906.00,Research Director,Research & Development
331,No,18447.00,Laboratory Technician,Research & Development
332,No,6930.00,Sales Executive,Sales
333,No,30624.00,Research Scientist,Research & Development
334,No,33033.00,Healthcare Representative,Research & Development
335,No,18117.00,Research Scientist,Research & Development
336,No,37092.00,Sales Executive,Sales
337,Yes,10494.00,Laboratory Technician,Research & Development
338,No,24354.00,Laboratory Technician,Research & Development
339,No,18810.00,Sales Executive,Sales
340,No,37290.00,Sales Executive,Sales
341,No,39336.00,Manufacturing Director,Research & Development
342,No,11319.00,Research Director,Research & Development
343,No,40656.00,Manufacturing Director,Research & Development
344,No,4752.00,Sales Executive,Sales
345,No,42768.00,Manufacturing Director,Research & Development
346,No,43197.00,Research Scientist,Research & Development
347,No,15939.00,Manufacturing Director,Research & Development
348,No,43197.00,Sales Representative,Sales
349,No,26730.00,Research Director,Research & Development
350,No,24618.00,Sales Executive,Sales
351,No,17952.00,Human Resources,Human Resources
352,No,35046.00,Laboratory Technician,Research & Development
354,No,43527.00,Research Scientist,Research & Development
355,No,21153.00,Sales Executive,Sales
356,No,30789.00,Sales Executive,Sales
357,No,43956.00,Healthcare Representative,Research & Development
358,Yes,24948.00,Sales Representative,Sales
359,No,27885.00,Sales Executive,Sales
360,No,17853.00,Sales Executive,Sales
361,No,19569.00,Healthcare Representative,Research & Development
362,No,38643.00,Laboratory Technician,Research & Development
363,No,29535.00,Sales Representative,Sales
364,Yes,11550.00,Sales Representative,Sales
365,No,30393.00,Laboratory Technician,Research & Development
366,No,37752.00,Manufacturing Director,Research & Development
367,Yes,4719.00,Sales Executive,Sales
368,No,34518.00,Healthcare Representative,Research & Development
369,Yes,18975.00,Sales Executive,Sales
370,No,13464.00,Research Scientist,Research & Development
371,Yes,5148.00,Sales Representative,Sales
372,No,42339.00,Research Scientist,Research & Development
373,No,24915.00,Healthcare Representative,Research & Development
374,No,48477.00,Laboratory Technician,Research & Development
375,No,10032.00,Sales Executive,Sales
376,No,41613.00,Healthcare Representative,Research & Development
377,No,38874.00,Sales Executive,Sales
378,No,10857.00,Research Scientist,Research & Development
379,Yes,44946.00,Sales Executive,Sales
381,No,45243.00,Sales Executive,Sales
382,No,6666.00,Sales Representative,Sales
383,Yes,18975.00,Research Scientist,Research & Development
384,No,8349.00,Research Scientist,Research & Development
385,No,5412.00,Sales Executive,Sales
386,Yes,15312.00,Research Scientist,Research & Development
387,No,36531.00,Laboratory Technician,Research & Development
388,No,25047.00,Sales Executive,Sales
389,No,6633.00,Laboratory Technician,Research & Development
390,No,43065.00,Manufacturing Director,Research & Development
391,No,32406.00,Research Director,Research & Development
392,No,18315.00,Laboratory Technician,Research & Development
393,No,27093.00,Research Director,Research & Development
394,No,45573.00,Sales Executive,Sales
395,No,15840.00,Manufacturing Director,Research & Development
396,No,10329.00,Laboratory Technician,Research & Development
397,No,48609.00,Healthcare Representative,Research & Development
398,No,29403.00,Sales Executive,Sales
399,No,35079.00,Research Scientist,Research & Development
400,No,10857.00,Laboratory Technician,Research & Development
402,No,29898.00,Sales Executive,Sales
403,No,35706.00,Sales Executive,Sales
404,No,21285.00,Sales Executive,Sales
405,No,42900.00,Laboratory Technician,Research & Development
406,Yes,22704.00,Laboratory Technician,Research & Development
407,No,10527.00,Manufacturing Director,Research & Development
408,No,6336.00,Research Scientist,Research & Development
410,No,17556.00,Research Scientist,Research & Development
411,No,10461.00,Manufacturing Director,Research & Development
413,No,49005.00,Manufacturing Director,Research & Development
414,No,45144.00,Healthcare Representative,Research & Development
415,Yes,47784.00,Sales Representative,Sales
416,Yes,9768.00,Sales Representative,Sales
417,No,49170.00,Laboratory Technician,Research & Development
419,No,44517.00,Research Scientist,Research & Development
420,No,46200.00,Laboratory Technician,Research & Development
421,No,32538.00,Research Director,Research & Development
422,Yes,13464.00,Research Scientist,Research & Development
423,Yes,16137.00,Human Resources,Human Resources
424,No,46134.00,Sales Executive,Sales
427,No,36828.00,Laboratory Technician,Research & Development
428,No,49467.00,Sales Executive,Sales
429,No,32439.00,Manufacturing Director,Research & Development
430,No,33297.00,Research Director,Research & Development
431,No,4752.00,Laboratory Technician,Research & Development
432,No,18084.00,Laboratory Technician,Research & Development
433,No,42999.00,Research Scientist,Research & Development
434,No,37125.00,Sales Executive,Sales
435,No,42042.00,Manufacturing Director,Research & Development
437,Yes,19371.00,Laboratory Technician,Research & Development
438,No,13629.00,Sales Representative,Sales
439,No,42108.00,Healthcare Representative,Research & Development
440,Yes,17622.00,Healthcare Representative,Research & Development
441,Yes,32604.00,Human Resources,Human Resources
442,No,48642.00,Laboratory Technician,Research & Development
443,No,20955.00,Sales Executive,Sales
444,Yes,45144.00,Laboratory Technician,Research & Development
445,No,5379.00,Sales Executive,Sales
447,No,8811.00,Sales Executive,Sales
448,No,20427.00,Sales Executive,Sales
449,No,9966.00,Manufacturing Director,Research & Development
450,No,14619.00,Laboratory Technician,Research & Development
451,No,27324.00,Sales Executive,Sales
452,No,10527.00,Manufacturing Director,Research & Development
453,No,18513.00,Sales Executive,Sales
454,Yes,14058.00,Human Resources,Human Resources
455,No,7656.00,Manufacturing Director,Research & Development
456,No,30426.00,Research Director,Research & Development
458,Yes,43098.00,Sales Representative,Sales
459,No,36102.00,Sales Executive,Sales
460,No,16797.00,Healthcare Representative,Research & Development
461,No,25575.00,Sales Executive,Sales
462,No,6435.00,Sales Executive,Sales
463,No,8514.00,Sales Executive,Sales
464,Yes,15543.00,Laboratory Technician,Research & Development
465,No,26367.00,Manufacturing Director,Research & Development
466,No,34122.00,Healthcare Representative,Research & Development
468,No,4686.00,Sales Executive,Sales
469,No,31548.00,Research Scientist,Research & Development
470,Yes,48642.00,Sales Executive,Sales
471,No,17655.00,Sales Representative,Sales
472,No,49335.00,Healthcare Representative,Research & Development
473,No,14718.00,Manufacturing Director,Research & Development
474,No,41085.00,Research Director,Research & Development
475,No,22803.00,Research Scientist,Research & Development
476,No,23199.00,Sales Executive,Sales
477,No,27159.00,Laboratory Technician,Research & Development
479,No,20526.00,Sales Representative,Sales
480,Yes,42471.00,Laboratory Technician,Research & Development
481,Yes,14784.00,Sales Representative,Sales
482,No,8382.00,Research Scientist,Research & Development
483,Yes,45045.00,Sales Executive,Sales
484,No,17754.00,Laboratory Technician,Research & Development
485,No,17325.00,Sales Executive,Sales
486,No,26334.00,Research Scientist,Research & Development
487,No,18414.00,Sales Executive,Sales
488,No,31647.00,Research Scientist,Research & Development
489,No,20526.00,Healthcare Representative,Research & Development
490,No,25806.00,Research Director,Research & Development
491,No,11946.00,Research Scientist,Research & Development
492,No,33033.00,Laboratory Technician,Research & Development
494,No,36696.00,Human Resources,Human Resources
495,No,6732.00,Sales Representative,Sales
496,Yes,46860.00,Sales Representative,Sales
497,No,44319.00,Sales Representative,Sales
499,No,19932.00,Research Scientist,Research & Development
500,No,40128.00,Sales Executive,Sales
501,No,21318.00,Research Scientist,Research & Development
502,No,5280.00,Research Scientist,Research & Development
503,No,7854.00,Sales Executive,Sales
504,No,46101.00,Research Scientist,Research & Development
505,Yes,10098.00,Sales Executive,Sales
506,No,32703.00,Laboratory Technician,Research & Development
507,No,15906.00,Manufacturing Director,Research & Development
508,No,38808.00,Sales Executive,Sales
509,No,33561.00,Research Scientist,Research & Development
510,No,42768.00,Healthcare Representative,Research & Development
511,No,13101.00,Human Resources,Human Resources
512,No,30129.00,Manufacturing Director,Research & Development
513,No,36795.00,Research Scientist,Research & Development
514,Yes,44946.00,Research Scientist,Research & Development
515,Yes,35508.00,Research Scientist,Research & Development
516,No,23991.00,Laboratory Technician,Research & Development
517,No,29205.00,Research Scientist,Research & Development
518,No,26730.00,Sales Executive,Sales
519,No,8019.00,Sales Executive,Sales
520,No,26598.00,Research Scientist,Research & Development
521,No,26961.00,Sales Executive,Sales
522,No,46530.00,Sales Executive,Sales
523,No,40425.00,Research Scientist,Research & Development
524,No,39831.00,Laboratory Technician,Research & Development
525,No,47586.00,Healthcare Representative,Research & Development
526,Yes,22869.00,Sales Executive,Sales
527,No,13464.00,Healthcare Representative,Research & Development
528,No,30657.00,Sales Executive,Sales
529,Yes,18546.00,Sales Executive,Sales
530,No,27291.00,Healthcare Representative,Research & Development
531,No,20064.00,Manufacturing Director,Research & Development
532,No,33594.00,Research Director,Research & Development
533,No,23199.00,Sales Executive,Sales
534,No,19140.00,Sales Executive,Sales
535,No,32010.00,Research Director,Research & Development
537,No,38907.00,Sales Executive,Sales
538,No,9702.00,Manufacturing Director,Research & Development
540,No,10428.00,Sales Representative,Sales
541,Yes,21582.00,Research Scientist,Research & Development
542,No,14091.00,Research Director,Research & Development
543,No,5544.00,Manufacturing Director,Research & Development
544,No,12573.00,Laboratory Technician,Research & Development
545,No,7161.00,Sales Executive,Sales
546,No,16533.00,Sales Executive,Sales
547,No,46068.00,Sales Representative,Sales
548,Yes,30789.00,Research Scientist,Research & Development
549,No,25575.00,Sales Executive,Sales
550,No,32010.00,Healthcare Representative,Research & Development
551,No,21450.00,Laboratory Technician,Research & Development
552,No,4653.00,Human Resources,Human Resources
553,No,27456.00,Healthcare Representative,Research & Development
554,No,26532.00,Research Scientist,Research & Development
555,No,32175.00,Healthcare Representative,Research & Development
556,No,35970.00,Sales Representative,Sales
557,No,11418.00,Laboratory Technician,Research & Development
558,No,40425.00,Healthcare Representative,Research & Development
559,No,14190.00,Laboratory Technician,Research & Development
560,No,8844.00,Research Scientist,Research & Development
561,No,5511.00,Manufacturing Director,Research & Development
563,Yes,17391.00,Research Scientist,Research & Development
564,No,29139.00,Sales Executive,Sales
565,No,31482.00,Sales Representative,Sales
566,No,10230.00,Research Scientist,Research & Development
567,Yes,23727.00,Sales Executive,Sales
568,No,10032.00,Sales Executive,Sales
570,No,47322.00,Sales Executive,Sales
571,No,23595.00,Research Scientist,Research & Development
572,No,18975.00,Laboratory Technician,Research & Development
573,No,21681.00,Healthcare Representative,Research & Development
574,Yes,37818.00,Sales Executive,Sales
575,No,6006.00,Research Scientist,Research & Development
576,No,12408.00,Manufacturing Director,Research & Development
577,No,27357.00,Sales Executive,Sales
578,No,18843.00,Research Scientist,Research & Development
579,No,7920.00,Manufacturing Director,Research & Development
580,No,3993.00,Research Scientist,Research & Development
581,No,12672.00,Sales Representative,Sales
582,No,30393.00,Laboratory Technician,Research & Development
583,No,26103.00,Healthcare Representative,Research & Development
584,No,36663.00,Sales Executive,Sales
586,Yes,41019.00,Laboratory Technician,Research & Development
587,No,36036.00,Laboratory Technician,Research & Development
588,No,43725.00,Laboratory Technician,Research & Development
589,No,22803.00,Research Director,Research & Development
590,Yes,26565.00,Laboratory Technician,Research & Development
591,No,7029.00,Research Director,Research & Development
592,Yes,3894.00,Sales Executive,Sales
594,No,22308.00,Manufacturing Director,Research & Development
595,No,41316.00,Research Scientist,Research & Development
596,Yes,9438.00,Research Director,Research & Development
597,No,41514.00,Research Scientist,Research & Development
598,No,30756.00,Manufacturing Director,Research & Development
599,Yes,29370.00,Research Scientist,Research & Development
600,No,34353.00,Human Resources,Human Resources
601,No,28347.00,Manufacturing Director,Research & Development
602,No,23760.00,Laboratory Technician,Research & Development
603,No,31218.00,Manufacturing Director,Research & Development
604,No,8316.00,Research Scientist,Research & Development
605,No,30789.00,Manufacturing Director,Research & Development
606,No,15543.00,Healthcare Representative,Research & Development
607,No,23166.00,Research Scientist,Research & Development
608,Yes,39072.00,Sales Executive,Sales
609,Yes,14388.00,Sales Executive,Sales
610,No,19437.00,Research Director,Research & Development
611,No,8877.00,Research Director,Research & Development
612,No,31350.00,Manufacturing Director,Research & Development
613,No,25080.00,Sales Executive,Sales
614,No,27357.00,Human Resources,Human Resources
615,Yes,29271.00,Research Scientist,Research & Development
616,No,14619.00,Research Scientist,Research & Development
618,No,20625.00,Healthcare Representative,Research & Development
619,No,5940.00,Research Scientist,Research & Development
620,No,19338.00,Sales Executive,Sales
621,No,44319.00,Research Scientist,Research & Development
622,No,30624.00,Sales Executive,Sales
623,No,3861.00,Sales Executive,Sales
624,No,33396.00,Research Scientist,Research & Development
625,No,21813.00,Sales Executive,Sales
626,No,30690.00,Sales Executive,Sales
627,No,21054.00,Research Scientist,Research & Development
628,No,29370.00,Manufacturing Director,Research & Development
629,No,11286.00,Sales Executive,Sales
630,No,38577.00,Human Resources,Human Resources
631,No,40590.00,Manufacturing Director,Research & Development
632,No,32538.00,Laboratory Technician,Research & Development
633,No,41943.00,Research Scientist,Research & Development
634,No,42174.00,Human Resources,Human Resources
635,No,4653.00,Sales Executive,Sales
636,No,20031.00,Manufacturing Director,Research & Development
637,Yes,4290.00,Research Scientist,Research & Development
638,No,9900.00,Laboratory Technician,Research & Development
639,No,19239.00,Sales Executive,Sales
640,No,46794.00,Research Scientist,Research & Development
641,No,41877.00,Laboratory Technician,Research & Development
642,No,12507.00,Sales Executive,Sales
643,No,13035.00,Sales Representative,Sales
644,No,41745.00,Laboratory Technician,Research & Development
645,No,40326.00,Research Scientist,Research & Development
646,Yes,11253.00,Sales Representative,Sales
647,No,28644.00,Sales Executive,Sales
648,No,22176.00,Manufacturing Director,Research & Development
649,No,40623.00,Sales Representative,Sales
650,No,3366.00,Research Director,Research & Development
651,No,13926.00,Healthcare Representative,Research & Development
652,No,8217.00,Sales Executive,Sales
653,No,41316.00,Sales Executive,Sales
655,No,45639.00,Human Resources,Human Resources
656,No,35475.00,Human Resources,Human Resources
657,Yes,12342.00,Laboratory Technician,Research & Development
658,No,35838.00,Laboratory Technician,Research & Development
659,No,21813.00,Research Scientist,Research & Development
660,No,27093.00,Sales Executive,Sales
661,Yes,25773.00,Laboratory Technician,Research & Development
662,No,5841.00,Manufacturing Director,Research & Development
663,Yes,16500.00,Sales Representative,Sales
664,Yes,47091.00,Research Scientist,Research & Development
665,No,47025.00,Healthcare Representative,Research & Development
666,No,47982.00,Sales Representative,Sales
667,Yes,20361.00,Manufacturing Director,Research & Development
668,Yes,35805.00,Laboratory Technician,Research & Development
669,No,32835.00,Research Scientist,Research & Development
670,Yes,37026.00,Laboratory Technician,Research & Development
671,No,20394.00,Research Scientist,Research & Development
672,No,18018.00,Laboratory Technician,Research & Development
673,No,15246.00,Sales Executive,Sales
674,No,39534.00,Research Scientist,Research & Development
675,No,41976.00,Healthcare Representative,Research & Development
676,No,5082.00,Sales Representative,Sales
677,No,37521.00,Healthcare Representative,Research & Development
678,No,17391.00,Laboratory Technician,Research & Development
679,No,48477.00,Research Scientist,Research & Development
680,No,39204.00,Sales Executive,Sales
681,No,6204.00,Research Scientist,Research & Development
682,No,43989.00,Research Director,Research & Development
683,No,39072.00,Laboratory Technician,Research & Development
684,Yes,28611.00,Sales Representative,Sales
685,No,21714.00,Sales Executive,Sales
686,No,42339.00,Sales Executive,Sales
687,No,8679.00,Laboratory Technician,Research & Development
688,No,30954.00,Laboratory Technician,Research & Development
689,Yes,13827.00,Sales Representative,Sales
690,Yes,4257.00,Laboratory Technician,Research & Development
691,No,20328.00,Healthcare Representative,Research & Development
692,No,48477.00,Research Scientist,Research & Development
693,No,16434.00,Manufacturing Director,Research & Development
694,Yes,17490.00,Sales Executive,Sales
695,No,35277.00,Healthcare Representative,Research & Development
696,Yes,20625.00,Sales Executive,Sales
697,No,26565.00,Laboratory Technician,Research & Development
698,No,46332.00,Sales Representative,Sales
699,No,40227.00,Sales Executive,Sales
701,Yes,9537.00,Research Scientist,Research & Development
703,No,7623.00,Sales Executive,Sales
704,No,5016.00,Sales Executive,Sales
705,No,29106.00,Sales Executive,Sales
706,No,29799.00,Sales Executive,Sales
707,Yes,48807.00,Sales Executive,Sales
708,No,45507.00,Manufacturing Director,Research & Development
709,No,40557.00,Sales Executive,Sales
710,Yes,11055.00,Research Scientist,Research & Development
712,Yes,29898.00,Research Scientist,Research & Development
713,No,15213.00,Research Scientist,Research & Development
714,No,32142.00,Laboratory Technician,Research & Development
715,No,37158.00,Research Director,Research & Development
716,No,27291.00,Healthcare Representative,Research & Development
717,No,27720.00,Research Director,Research & Development
718,No,37422.00,Laboratory Technician,Research & Development
719,No,8184.00,Laboratory Technician,Research & Development
720,No,31515.00,Sales Executive,Sales
721,Yes,4554.00,Research Scientist,Research & Development
722,No,30987.00,Manufacturing Director,Research & Development
723,No,45903.00,Research Scientist,Research & Development
724,No,18678.00,Manufacturing Director,Research & Development
725,No,39798.00,Manufacturing Director,Research & Development
726,Yes,20526.00,Laboratory Technician,Research & Development
727,No,28149.00,Manufacturing Director,Research & Development
728,No,9471.00,Research Scientist,Research & Development
729,No,47553.00,Manufacturing Director,Research & Development
730,No,19239.00,Healthcare Representative,Research & Development
731,No,5049.00,Research Director,Research & Development
732,Yes,36201.00,Research Scientist,Research & Development
733,Yes,3597.00,Laboratory Technician,Research & Development
734,No,35178.00,Manufacturing Director,Research & Development
840,No,21351.00,Sales Executive,Sales
735,No,7161.00,Laboratory Technician,Research & Development
736,No,9141.00,Healthcare Representative,Research & Development
737,No,44715.00,Healthcare Representative,Research & Development
738,No,18117.00,Manufacturing Director,Research & Development
739,No,15378.00,Manufacturing Director,Research & Development
740,No,34815.00,Manufacturing Director,Research & Development
741,No,26466.00,Laboratory Technician,Research & Development
743,No,26532.00,Laboratory Technician,Research & Development
744,No,23595.00,Manufacturing Director,Research & Development
745,Yes,37653.00,Healthcare Representative,Research & Development
746,No,4455.00,Healthcare Representative,Research & Development
747,No,8151.00,Research Director,Research & Development
748,No,34155.00,Sales Executive,Sales
749,Yes,8745.00,Sales Executive,Sales
751,No,47784.00,Sales Executive,Sales
752,No,4785.00,Sales Executive,Sales
753,Yes,29205.00,Laboratory Technician,Research & Development
754,No,31185.00,Manufacturing Director,Research & Development
755,No,34254.00,Sales Representative,Sales
757,No,36597.00,Laboratory Technician,Research & Development
758,No,7128.00,Sales Executive,Sales
760,No,26004.00,Human Resources,Human Resources
761,No,4092.00,Sales Executive,Sales
762,Yes,21780.00,Laboratory Technician,Research & Development
763,Yes,11286.00,Research Scientist,Research & Development
764,No,43989.00,Sales Representative,Sales
765,No,37752.00,Sales Representative,Sales
766,No,39138.00,Research Scientist,Research & Development
767,No,48312.00,Research Director,Research & Development
768,No,4092.00,Healthcare Representative,Research & Development
769,No,9900.00,Sales Executive,Sales
770,No,30393.00,Research Scientist,Research & Development
771,No,14190.00,Research Director,Research & Development
772,No,35706.00,Sales Executive,Sales
773,No,40920.00,Research Scientist,Research & Development
774,No,26268.00,Manufacturing Director,Research & Development
776,No,13695.00,Sales Executive,Sales
777,Yes,25377.00,Sales Representative,Sales
778,Yes,44022.00,Laboratory Technician,Research & Development
779,No,33099.00,Research Scientist,Research & Development
780,Yes,43659.00,Research Scientist,Research & Development
781,Yes,45078.00,Healthcare Representative,Research & Development
782,No,6336.00,Laboratory Technician,Research & Development
783,No,38808.00,Manufacturing Director,Research & Development
784,No,16797.00,Research Scientist,Research & Development
785,No,10890.00,Healthcare Representative,Research & Development
786,No,49236.00,Healthcare Representative,Research & Development
787,No,42141.00,Laboratory Technician,Research & Development
788,No,36003.00,Manufacturing Director,Research & Development
789,No,28281.00,Research Scientist,Research & Development
790,Yes,45408.00,Human Resources,Human Resources
791,No,21582.00,Healthcare Representative,Research & Development
792,Yes,39732.00,Sales Executive,Sales
793,Yes,27291.00,Research Scientist,Research & Development
794,No,29535.00,Laboratory Technician,Research & Development
795,No,20394.00,Healthcare Representative,Research & Development
796,No,10197.00,Sales Executive,Sales
818,No,7161.00,Manufacturing Director,Research & Development
797,Yes,40227.00,Laboratory Technician,Research & Development
798,Yes,43890.00,Laboratory Technician,Research & Development
799,Yes,33561.00,Research Scientist,Research & Development
801,Yes,33297.00,Laboratory Technician,Research & Development
802,Yes,31647.00,Sales Executive,Sales
803,No,32010.00,Sales Executive,Sales
804,No,23001.00,Research Scientist,Research & Development
806,No,34650.00,Sales Executive,Sales
807,No,32802.00,Healthcare Representative,Research & Development
808,No,25410.00,Sales Executive,Sales
809,No,36531.00,Research Scientist,Research & Development
810,No,31350.00,Manufacturing Director,Research & Development
812,No,4290.00,Sales Executive,Sales
813,No,35706.00,Manufacturing Director,Research & Development
814,Yes,6699.00,Healthcare Representative,Research & Development
815,No,43164.00,Research Director,Research & Development
816,No,32472.00,Research Scientist,Research & Development
817,No,14487.00,Laboratory Technician,Research & Development
819,No,26169.00,Sales Representative,Sales
820,No,47883.00,Research Scientist,Research & Development
821,No,39006.00,Sales Executive,Sales
822,No,5742.00,Sales Executive,Sales
823,No,33099.00,Manufacturing Director,Research & Development
824,No,16170.00,Research Scientist,Research & Development
825,No,6204.00,Laboratory Technician,Research & Development
826,No,23694.00,Manufacturing Director,Research & Development
827,No,14289.00,Human Resources,Human Resources
828,No,25509.00,Research Scientist,Research & Development
829,Yes,8151.00,Laboratory Technician,Research & Development
830,Yes,19899.00,Sales Executive,Sales
831,No,5511.00,Laboratory Technician,Research & Development
832,Yes,28842.00,Laboratory Technician,Research & Development
833,No,12111.00,Healthcare Representative,Research & Development
834,No,6567.00,Research Scientist,Research & Development
835,No,46200.00,Sales Executive,Sales
836,No,17424.00,Human Resources,Human Resources
837,Yes,13464.00,Sales Executive,Sales
838,No,19569.00,Research Director,Research & Development
839,Yes,15873.00,Sales Executive,Sales
841,No,32406.00,Laboratory Technician,Research & Development
842,No,15741.00,Laboratory Technician,Research & Development
843,Yes,49005.00,Laboratory Technician,Research & Development
844,No,45672.00,Laboratory Technician,Research & Development
845,No,28116.00,Sales Executive,Sales
846,No,29766.00,Research Scientist,Research & Development
847,No,27027.00,Manufacturing Director,Research & Development
848,No,22077.00,Healthcare Representative,Research & Development
849,No,20988.00,Laboratory Technician,Research & Development
850,Yes,45276.00,Sales Executive,Sales
851,No,28446.00,Sales Representative,Sales
853,No,46233.00,Laboratory Technician,Research & Development
854,No,21285.00,Research Scientist,Research & Development
855,No,48081.00,Research Scientist,Research & Development
856,No,32241.00,Manufacturing Director,Research & Development
857,No,26565.00,Laboratory Technician,Research & Development
858,Yes,36201.00,Research Scientist,Research & Development
860,No,31086.00,Research Scientist,Research & Development
861,Yes,41448.00,Research Scientist,Research & Development
863,No,3663.00,Research Scientist,Research & Development
864,No,4851.00,Human Resources,Human Resources
865,Yes,29898.00,Research Scientist,Research & Development
866,No,43857.00,Sales Executive,Sales
867,No,39072.00,Sales Executive,Sales
869,No,38907.00,Laboratory Technician,Research & Development
870,No,47850.00,Research Director,Research & Development
871,No,44913.00,Sales Executive,Sales
872,Yes,32472.00,Laboratory Technician,Research & Development
873,No,37818.00,Sales Executive,Sales
874,No,30261.00,Laboratory Technician,Research & Development
875,No,28149.00,Laboratory Technician,Research & Development
876,No,6600.00,Research Scientist,Research & Development
877,No,21582.00,Sales Representative,Sales
878,No,4950.00,Manufacturing Director,Research & Development
879,No,5907.00,Human Resources,Human Resources
880,No,22968.00,Sales Executive,Sales
881,No,3828.00,Laboratory Technician,Research & Development
882,No,43428.00,Research Scientist,Research & Development
883,No,11979.00,Manufacturing Director,Research & Development
884,No,3861.00,Research Scientist,Research & Development
885,No,3531.00,Sales Executive,Sales
886,No,44748.00,Sales Executive,Sales
887,No,48345.00,Research Scientist,Research & Development
888,No,15114.00,Research Director,Research & Development
889,No,39996.00,Sales Executive,Sales
890,No,36399.00,Research Scientist,Research & Development
891,No,31878.00,Manufacturing Director,Research & Development
892,No,36861.00,Research Scientist,Research & Development
893,Yes,16632.00,Research Scientist,Research & Development
894,No,33330.00,Research Scientist,Research & Development
895,No,22605.00,Research Director,Research & Development
896,No,43956.00,Healthcare Representative,Research & Development
897,No,35046.00,Healthcare Representative,Research & Development
898,No,10758.00,Sales Executive,Sales
899,No,30360.00,Research Director,Research & Development
901,No,15477.00,Research Scientist,Research & Development
902,No,31977.00,Laboratory Technician,Research & Development
903,No,38511.00,Research Scientist,Research & Development
904,No,43857.00,Healthcare Representative,Research & Development
905,No,23595.00,Research Director,Research & Development
906,No,22902.00,Research Director,Research & Development
907,No,43560.00,Research Scientist,Research & Development
909,No,17688.00,Sales Executive,Sales
910,No,8745.00,Research Scientist,Research & Development
911,No,12309.00,Research Scientist,Research & Development
912,Yes,19767.00,Sales Representative,Sales
913,No,19239.00,Research Scientist,Research & Development
915,No,5841.00,Healthcare Representative,Research & Development
916,Yes,8283.00,Laboratory Technician,Research & Development
918,No,4323.00,Sales Executive,Sales
920,No,47157.00,Manufacturing Director,Research & Development
921,No,4455.00,Laboratory Technician,Research & Development
922,No,26103.00,Laboratory Technician,Research & Development
924,No,21384.00,Human Resources,Human Resources
925,No,24255.00,Research Scientist,Research & Development
926,No,19899.00,Research Scientist,Research & Development
927,No,17523.00,Sales Executive,Sales
928,No,14157.00,Manufacturing Director,Research & Development
929,Yes,20493.00,Healthcare Representative,Research & Development
930,No,6369.00,Laboratory Technician,Research & Development
931,No,31944.00,Laboratory Technician,Research & Development
932,No,29007.00,Manufacturing Director,Research & Development
933,Yes,26598.00,Laboratory Technician,Research & Development
934,No,21120.00,Research Scientist,Research & Development
935,No,8778.00,Research Scientist,Research & Development
936,No,19932.00,Sales Executive,Sales
939,No,27984.00,Research Scientist,Research & Development
940,Yes,35937.00,Laboratory Technician,Research & Development
941,Yes,11880.00,Research Scientist,Research & Development
942,No,37554.00,Laboratory Technician,Research & Development
943,No,10725.00,Healthcare Representative,Research & Development
944,No,32703.00,Human Resources,Human Resources
945,No,48708.00,Laboratory Technician,Research & Development
946,No,43626.00,Research Director,Research & Development
947,Yes,9867.00,Sales Executive,Sales
948,Yes,33990.00,Sales Executive,Sales
950,No,17292.00,Manufacturing Director,Research & Development
951,No,19371.00,Sales Executive,Sales
952,No,8448.00,Sales Executive,Sales
953,Yes,34980.00,Sales Representative,Sales
954,Yes,30855.00,Laboratory Technician,Research & Development
958,No,15114.00,Research Scientist,Research & Development
959,No,31119.00,Healthcare Representative,Research & Development
960,No,17259.00,Research Scientist,Research & Development
961,No,33594.00,Sales Executive,Sales
962,No,15906.00,Research Scientist,Research & Development
964,No,33297.00,Sales Executive,Sales
965,No,16731.00,Sales Executive,Sales
966,No,29106.00,Laboratory Technician,Research & Development
967,Yes,19833.00,Manufacturing Director,Research & Development
968,No,10857.00,Laboratory Technician,Research & Development
969,No,20031.00,Sales Executive,Sales
970,No,28215.00,Manufacturing Director,Research & Development
971,No,42603.00,Sales Representative,Sales
972,No,46365.00,Manufacturing Director,Research & Development
973,No,37092.00,Laboratory Technician,Research & Development
974,No,26961.00,Laboratory Technician,Research & Development
975,No,26169.00,Sales Executive,Sales
976,Yes,8811.00,Sales Executive,Sales
977,No,45177.00,Manufacturing Director,Research & Development
978,No,32967.00,Research Scientist,Research & Development
979,No,39666.00,Healthcare Representative,Research & Development
980,No,9405.00,Laboratory Technician,Research & Development
981,Yes,23199.00,Sales Representative,Sales
982,Yes,21846.00,Sales Executive,Sales
983,No,22869.00,Research Scientist,Research & Development
984,No,13332.00,Healthcare Representative,Research & Development
985,No,24288.00,Sales Executive,Sales
986,Yes,10890.00,Manufacturing Director,Research & Development
987,No,49434.00,Sales Executive,Sales
988,No,17853.00,Sales Executive,Sales
989,No,39600.00,Research Scientist,Research & Development
990,No,47487.00,Research Scientist,Research & Development
991,No,36663.00,Sales Executive,Sales
992,No,16467.00,Sales Executive,Sales
993,No,49005.00,Healthcare Representative,Research & Development
994,No,45276.00,Sales Executive,Sales
995,No,10626.00,Manufacturing Director,Research & Development
996,No,30690.00,Research Scientist,Research & Development
997,No,6765.00,Sales Executive,Sales
998,Yes,4455.00,Research Scientist,Research & Development
999,No,22539.00,Research Scientist,Research & Development
1001,No,8514.00,Laboratory Technician,Research & Development
1002,No,48246.00,Laboratory Technician,Research & Development
1003,No,6600.00,Manufacturing Director,Research & Development
1004,No,31317.00,Laboratory Technician,Research & Development
1005,No,21516.00,Laboratory Technician,Research & Development
1006,No,10956.00,Human Resources,Human Resources
1007,Yes,48675.00,Laboratory Technician,Research & Development
1008,Yes,11121.00,Healthcare Representative,Research & Development
1009,No,32043.00,Research Director,Research & Development
1010,No,34815.00,Research Director,Research & Development
1011,No,37488.00,Research Director,Research & Development
1012,No,38742.00,Sales Executive,Sales
1013,Yes,22011.00,Sales Representative,Sales
1014,No,28215.00,Sales Executive,Sales
1015,No,6006.00,Research Director,Research & Development
1016,No,18480.00,Research Scientist,Research & Development
1017,Yes,6666.00,Research Scientist,Research & Development
1018,No,45441.00,Laboratory Technician,Research & Development
1019,No,5676.00,Laboratory Technician,Research & Development
1020,No,10857.00,Sales Executive,Sales
1021,No,15345.00,Research Scientist,Research & Development
1022,Yes,12639.00,Sales Representative,Sales
1023,No,46629.00,Laboratory Technician,Research & Development
1024,No,41415.00,Research Scientist,Research & Development
1025,No,11847.00,Research Director,Research & Development
1026,No,48708.00,Sales Executive,Sales
1027,No,19833.00,Sales Executive,Sales
1028,No,13233.00,Laboratory Technician,Research & Development
1029,No,42339.00,Research Scientist,Research & Development
1030,No,21879.00,Laboratory Technician,Research & Development
1031,No,10758.00,Sales Executive,Sales
1032,Yes,12441.00,Sales Executive,Sales
1033,Yes,19536.00,Laboratory Technician,Research & Development
1034,Yes,47685.00,Manufacturing Director,Research & Development
1035,No,34254.00,Healthcare Representative,Research & Development
1036,No,46134.00,Human Resources,Human Resources
1037,Yes,17259.00,Laboratory Technician,Research & Development
1038,No,47784.00,Manufacturing Director,Research & Development
1039,No,40293.00,Sales Executive,Sales
1040,Yes,36531.00,Human Resources,Human Resources
1041,No,7194.00,Research Director,Research & Development
1042,No,28578.00,Sales Executive,Sales
1043,No,32373.00,Laboratory Technician,Research & Development
1044,No,14751.00,Research Director,Research & Development
1045,No,49335.00,Healthcare Representative,Research & Development
1046,No,29568.00,Research Scientist,Research & Development
1047,No,48411.00,Research Scientist,Research & Development
1048,No,14190.00,Sales Executive,Sales
1049,No,43758.00,Sales Executive,Sales
1050,No,44814.00,Sales Executive,Sales
1051,No,24684.00,Laboratory Technician,Research & Development
1052,No,12639.00,Sales Executive,Sales
1053,No,32670.00,Research Scientist,Research & Development
1054,No,13365.00,Research Scientist,Research & Development
1055,No,49170.00,Healthcare Representative,Research & Development
1056,No,27357.00,Research Director,Research & Development
1057,Yes,49368.00,Sales Representative,Sales
1058,Yes,3795.00,Sales Executive,Sales
1059,Yes,26070.00,Sales Executive,Sales
1060,No,21780.00,Sales Representative,Sales
1061,Yes,12573.00,Laboratory Technician,Research & Development
1062,No,27390.00,Sales Representative,Sales
1063,No,39369.00,Manufacturing Director,Research & Development
1064,No,41118.00,Sales Executive,Sales
1065,No,10890.00,Human Resources,Human Resources
1066,No,40557.00,Healthcare Representative,Research & Development
1067,No,36267.00,Laboratory Technician,Research & Development
1068,No,18843.00,Sales Executive,Sales
1069,Yes,9537.00,Laboratory Technician,Research & Development
1070,No,46959.00,Research Scientist,Research & Development
1071,No,15411.00,Sales Executive,Sales
1072,No,8943.00,Laboratory Technician,Research & Development
1073,No,13530.00,Laboratory Technician,Research & Development
1074,No,35739.00,Manufacturing Director,Research & Development
1075,No,17028.00,Healthcare Representative,Research & Development
1078,Yes,7392.00,Research Scientist,Research & Development
1079,No,4488.00,Research Director,Research & Development
1080,No,35937.00,Manufacturing Director,Research & Development
1082,No,33957.00,Healthcare Representative,Research & Development
1083,No,16731.00,Laboratory Technician,Research & Development
1084,Yes,22308.00,Laboratory Technician,Research & Development
1085,No,32043.00,Sales Executive,Sales
1086,Yes,18513.00,Research Scientist,Research & Development
1087,No,10989.00,Research Director,Research & Development
1088,No,47520.00,Sales Representative,Sales
1089,No,39930.00,Laboratory Technician,Research & Development
1090,No,22242.00,Research Scientist,Research & Development
1091,No,14553.00,Healthcare Representative,Research & Development
1092,No,18975.00,Manufacturing Director,Research & Development
1093,No,31350.00,Research Scientist,Research & Development
1094,No,9504.00,Healthcare Representative,Research & Development
1095,No,44286.00,Sales Executive,Sales
1096,No,19437.00,Laboratory Technician,Research & Development
1098,No,11550.00,Laboratory Technician,Research & Development
1099,No,37686.00,Healthcare Representative,Research & Development
1100,No,17754.00,Healthcare Representative,Research & Development
1101,No,46266.00,Sales Representative,Sales
1102,No,27192.00,Research Scientist,Research & Development
1103,No,38181.00,Sales Representative,Sales
1104,No,16236.00,Sales Executive,Sales
1105,No,19734.00,Research Scientist,Research & Development
1106,No,40986.00,Sales Executive,Sales
1107,Yes,24420.00,Sales Executive,Sales
1108,No,29304.00,Human Resources,Human Resources
1109,No,32736.00,Laboratory Technician,Research & Development
1110,No,42504.00,Sales Executive,Sales
1111,Yes,3432.00,Laboratory Technician,Research & Development
1112,Yes,20031.00,Manufacturing Director,Research & Development
1113,Yes,29799.00,Manufacturing Director,Research & Development
1114,No,39600.00,Research Scientist,Research & Development
1115,No,36564.00,Research Scientist,Research & Development
1116,No,15807.00,Research Scientist,Research & Development
1118,No,44583.00,Research Scientist,Research & Development
1119,No,15642.00,Research Scientist,Research & Development
1120,No,41085.00,Sales Executive,Sales
1121,No,14421.00,Sales Executive,Sales
1122,No,29172.00,Sales Executive,Sales
1123,No,45210.00,Laboratory Technician,Research & Development
1124,No,22110.00,Healthcare Representative,Research & Development
1125,No,48246.00,Sales Executive,Sales
1126,No,32835.00,Healthcare Representative,Research & Development
1128,No,32241.00,Research Scientist,Research & Development
1129,No,42966.00,Laboratory Technician,Research & Development
1131,No,24750.00,Laboratory Technician,Research & Development
1132,No,21549.00,Healthcare Representative,Research & Development
1133,No,3894.00,Sales Executive,Sales
1134,No,32670.00,Laboratory Technician,Research & Development
1135,No,44517.00,Laboratory Technician,Research & Development
1137,Yes,10857.00,Laboratory Technician,Research & Development
1138,No,15081.00,Research Scientist,Research & Development
1139,No,40722.00,Healthcare Representative,Research & Development
1140,No,20922.00,Research Scientist,Research & Development
1141,No,43329.00,Research Director,Research & Development
1142,No,7953.00,Research Scientist,Research & Development
1143,No,33495.00,Laboratory Technician,Research & Development
1144,No,11088.00,Sales Executive,Sales
1145,No,23595.00,Sales Executive,Sales
1146,No,18447.00,Manufacturing Director,Research & Development
1147,No,14058.00,Manufacturing Director,Research & Development
1148,No,23826.00,Laboratory Technician,Research & Development
1149,No,45771.00,Manufacturing Director,Research & Development
1150,No,42966.00,Laboratory Technician,Research & Development
1151,No,27027.00,Research Scientist,Research & Development
1152,No,19140.00,Manufacturing Director,Research & Development
1153,No,18018.00,Research Scientist,Research & Development
1154,Yes,17952.00,Sales Representative,Sales
1156,No,5610.00,Laboratory Technician,Research & Development
1157,No,29172.00,Manufacturing Director,Research & Development
1158,No,6864.00,Healthcare Representative,Research & Development
1159,No,22143.00,Manufacturing Director,Research & Development
1160,No,23463.00,Manufacturing Director,Research & Development
1161,No,43857.00,Manufacturing Director,Research & Development
1162,No,13101.00,Manufacturing Director,Research & Development
1163,Yes,24321.00,Sales Executive,Sales
1164,No,48510.00,Research Scientist,Research & Development
1165,No,14784.00,Manufacturing Director,Research & Development
1166,No,19866.00,Human Resources,Human Resources
1168,Yes,25179.00,Sales Executive,Sales
1169,No,18711.00,Research Scientist,Research & Development
1170,No,16038.00,Research Scientist,Research & Development
1171,No,19503.00,Research Scientist,Research & Development
1172,Yes,43857.00,Laboratory Technician,Research & Development
1173,No,15477.00,Sales Executive,Sales
1174,No,23463.00,Healthcare Representative,Research & Development
1175,No,25476.00,Manufacturing Director,Research & Development
1176,No,16236.00,Manufacturing Director,Research & Development
1177,No,9933.00,Research Director,Research & Development
1178,No,26829.00,Research Director,Research & Development
1179,No,37653.00,Sales Representative,Sales
1180,No,37290.00,Research Scientist,Research & Development
1181,No,10263.00,Laboratory Technician,Research & Development
1182,No,15345.00,Healthcare Representative,Research & Development
1183,No,29502.00,Manufacturing Director,Research & Development
1184,No,34320.00,Healthcare Representative,Research & Development
1186,No,42603.00,Research Director,Research & Development
1187,Yes,29040.00,Sales Executive,Sales
1188,No,39237.00,Research Scientist,Research & Development
1189,No,32703.00,Sales Executive,Sales
1190,No,12936.00,Sales Executive,Sales
1191,No,32241.00,Research Scientist,Research & Development
1192,No,36696.00,Sales Executive,Sales
1193,No,15312.00,Laboratory Technician,Research & Development
1194,No,4884.00,Laboratory Technician,Research & Development
1197,No,39798.00,Sales Executive,Sales
1198,No,23991.00,Sales Representative,Sales
1199,No,17490.00,Sales Executive,Sales
1200,No,44583.00,Healthcare Representative,Research & Development
1201,No,17424.00,Human Resources,Human Resources
1202,Yes,43560.00,Laboratory Technician,Research & Development
1203,No,49335.00,Laboratory Technician,Research & Development
1204,No,46035.00,Healthcare Representative,Research & Development
1205,Yes,23364.00,Sales Representative,Sales
1206,Yes,41547.00,Laboratory Technician,Research & Development
1207,No,25938.00,Laboratory Technician,Research & Development
1208,No,47553.00,Research Scientist,Research & Development
1209,No,38181.00,Laboratory Technician,Research & Development
1210,No,12210.00,Healthcare Representative,Research & Development
1211,No,8811.00,Laboratory Technician,Research & Development
1212,No,42174.00,Sales Executive,Sales
1213,No,22374.00,Research Scientist,Research & Development
1214,Yes,14091.00,Sales Representative,Sales
1215,No,30393.00,Healthcare Representative,Research & Development
1216,No,4818.00,Research Scientist,Research & Development
1217,No,38907.00,Sales Executive,Sales
1218,No,19173.00,Research Scientist,Research & Development
1219,No,30294.00,Sales Executive,Sales
1220,No,35706.00,Laboratory Technician,Research & Development
1221,No,17490.00,Sales Representative,Sales
1222,No,40854.00,Healthcare Representative,Research & Development
1223,Yes,7920.00,Human Resources,Human Resources
1224,Yes,36069.00,Sales Executive,Sales
1225,No,12870.00,Laboratory Technician,Research & Development
1226,No,33165.00,Research Director,Research & Development
1227,No,19305.00,Research Scientist,Research & Development
1228,No,24453.00,Laboratory Technician,Research & Development
1229,No,18216.00,Human Resources,Human Resources
1230,No,12177.00,Manufacturing Director,Research & Development
1231,No,16698.00,Laboratory Technician,Research & Development
1232,No,23661.00,Healthcare Representative,Research & Development
1233,No,45210.00,Manufacturing Director,Research & Development
1234,No,26169.00,Research Scientist,Research & Development
1235,No,17919.00,Sales Executive,Sales
1236,No,42141.00,Sales Executive,Sales
1237,Yes,48048.00,Sales Executive,Sales
1238,Yes,31812.00,Sales Executive,Sales
1239,No,5280.00,Laboratory Technician,Research & Development
1240,No,5379.00,Manufacturing Director,Research & Development
1241,No,26136.00,Laboratory Technician,Research & Development
1242,No,12243.00,Sales Executive,Sales
1244,No,5808.00,Human Resources,Human Resources
1245,No,43296.00,Research Scientist,Research & Development
1246,No,29601.00,Human Resources,Human Resources
1247,Yes,19800.00,Human Resources,Human Resources
1248,No,33099.00,Sales Executive,Sales
1249,No,34782.00,Research Scientist,Research & Development
1250,Yes,14124.00,Sales Representative,Sales
1251,No,15213.00,Healthcare Representative,Research & Development
1252,No,32307.00,Sales Executive,Sales
1253,No,5973.00,Research Scientist,Research & Development
1254,No,42339.00,Sales Executive,Sales
1255,No,43329.00,Sales Executive,Sales
1256,Yes,6963.00,Sales Executive,Sales
1257,No,19602.00,Laboratory Technician,Research & Development
1258,Yes,35607.00,Sales Executive,Sales
1259,No,19470.00,Research Scientist,Research & Development
1260,No,10065.00,Healthcare Representative,Research & Development
1261,No,31449.00,Research Scientist,Research & Development
1262,No,27489.00,Healthcare Representative,Research & Development
1263,Yes,26631.00,Research Scientist,Research & Development
1264,No,28215.00,Laboratory Technician,Research & Development
1265,No,15774.00,Research Director,Research & Development
1266,No,25575.00,Research Scientist,Research & Development
1267,No,18084.00,Laboratory Technician,Research & Development
1268,No,45375.00,Sales Executive,Sales
1269,No,21813.00,Manufacturing Director,Research & Development
1270,No,8052.00,Human Resources,Human Resources
1271,No,16863.00,Sales Executive,Sales
1272,Yes,11121.00,Sales Representative,Sales
1273,No,38049.00,Laboratory Technician,Research & Development
1274,Yes,42702.00,Laboratory Technician,Research & Development
1275,No,6468.00,Sales Executive,Sales
1277,No,19437.00,Sales Executive,Sales
1278,No,24222.00,Research Director,Research & Development
1279,No,45639.00,Healthcare Representative,Research & Development
1280,Yes,14157.00,Research Scientist,Research & Development
1281,No,40887.00,Human Resources,Human Resources
1282,Yes,9999.00,Sales Executive,Sales
1283,No,28611.00,Research Scientist,Research & Development
1284,No,38973.00,Research Scientist,Research & Development
1285,No,41349.00,Research Director,Research & Development
1286,No,28017.00,Sales Executive,Sales
1287,No,20328.00,Laboratory Technician,Research & Development
1288,No,37224.00,Healthcare Representative,Research & Development
1289,No,38940.00,Manufacturing Director,Research & Development
1290,No,44088.00,Human Resources,Human Resources
1291,Yes,7722.00,Laboratory Technician,Research & Development
1292,Yes,12210.00,Manufacturing Director,Research & Development
1293,No,25278.00,Sales Executive,Sales
1294,No,11319.00,Research Scientist,Research & Development
1295,No,14751.00,Healthcare Representative,Research & Development
1296,No,26268.00,Sales Executive,Sales
1297,No,36036.00,Manufacturing Director,Research & Development
1298,Yes,30360.00,Human Resources,Human Resources
1299,Yes,8613.00,Healthcare Representative,Research & Development
1300,No,39402.00,Healthcare Representative,Research & Development
1301,No,26730.00,Sales Executive,Sales
1303,No,6105.00,Laboratory Technician,Research & Development
1304,No,33033.00,Manufacturing Director,Research & Development
1305,No,24750.00,Healthcare Representative,Research & Development
1306,No,14223.00,Research Scientist,Research & Development
1307,No,37125.00,Sales Executive,Sales
1308,No,40161.00,Research Scientist,Research & Development
1309,No,23859.00,Sales Representative,Sales
1310,No,18876.00,Sales Executive,Sales
1311,No,40128.00,Research Director,Research & Development
1312,No,47223.00,Research Scientist,Research & Development
1313,Yes,11847.00,Human Resources,Human Resources
1314,Yes,11550.00,Human Resources,Human Resources
1315,No,19437.00,Sales Executive,Sales
1316,No,14190.00,Research Scientist,Research & Development
1317,No,46926.00,Sales Executive,Sales
1318,No,42801.00,Laboratory Technician,Research & Development
1319,No,18942.00,Laboratory Technician,Research & Development
1320,No,43494.00,Sales Executive,Sales
1321,No,11715.00,Research Scientist,Research & Development
1322,No,6831.00,Laboratory Technician,Research & Development
1323,No,23298.00,Manufacturing Director,Research & Development
1324,No,9240.00,Human Resources,Human Resources
1325,No,23958.00,Healthcare Representative,Research & Development
1326,No,37686.00,Laboratory Technician,Research & Development
1327,Yes,13662.00,Sales Executive,Sales
1328,No,43527.00,Sales Executive,Sales
1329,No,24024.00,Sales Representative,Sales
1330,No,11616.00,Human Resources,Human Resources
1332,No,40392.00,Research Director,Research & Development
1333,Yes,15147.00,Research Scientist,Research & Development
1334,Yes,41382.00,Sales Executive,Sales
1335,No,37323.00,Research Scientist,Research & Development
1336,No,27555.00,Research Scientist,Research & Development
1337,No,27588.00,Research Scientist,Research & Development
1338,No,38676.00,Sales Representative,Sales
1339,Yes,31185.00,Sales Representative,Sales
1340,Yes,12903.00,Research Scientist,Research & Development
1341,No,41778.00,Sales Executive,Sales
1342,No,10263.00,Laboratory Technician,Research & Development
1343,No,48840.00,Sales Executive,Sales
1344,No,19536.00,Laboratory Technician,Research & Development
1345,No,25839.00,Research Scientist,Research & Development
1346,No,7227.00,Manufacturing Director,Research & Development
1347,No,18348.00,Manufacturing Director,Research & Development
1348,No,40029.00,Human Resources,Human Resources
1350,No,15906.00,Research Scientist,Research & Development
1351,No,16863.00,Sales Executive,Sales
1353,No,5610.00,Healthcare Representative,Research & Development
1354,Yes,31911.00,Research Scientist,Research & Development
1355,Yes,38346.00,Laboratory Technician,Research & Development
1356,No,11055.00,Sales Executive,Sales
1357,No,11121.00,Sales Executive,Sales
1358,No,46068.00,Research Director,Research & Development
1359,No,35607.00,Sales Executive,Sales
1360,No,24255.00,Sales Executive,Sales
1361,No,15543.00,Laboratory Technician,Research & Development
1362,No,36168.00,Laboratory Technician,Research & Development
1363,No,42801.00,Healthcare Representative,Research & Development
1364,No,7161.00,Sales Executive,Sales
1365,No,25839.00,Sales Executive,Sales
1366,Yes,24618.00,Sales Representative,Sales
1367,No,41283.00,Sales Executive,Sales
1368,No,44682.00,Research Scientist,Research & Development
1369,No,24255.00,Research Scientist,Research & Development
1370,Yes,48675.00,Sales Executive,Sales
1371,No,38577.00,Research Scientist,Research & Development
1372,No,47619.00,Sales Executive,Sales
1373,No,28611.00,Manufacturing Director,Research & Development
1374,No,46002.00,Research Scientist,Research & Development
1376,Yes,7854.00,Research Scientist,Research & Development
1377,No,39798.00,Research Scientist,Research & Development
1378,No,35112.00,Research Director,Research & Development
1379,No,13827.00,Sales Executive,Sales
1380,Yes,44121.00,Human Resources,Human Resources
1381,No,22506.00,Sales Executive,Sales
1382,No,36399.00,Research Scientist,Research & Development
1383,No,32208.00,Research Scientist,Research & Development
1384,No,44583.00,Laboratory Technician,Research & Development
1385,No,30921.00,Sales Executive,Sales
1386,No,40887.00,Sales Executive,Sales
1387,No,5181.00,Laboratory Technician,Research & Development
1388,No,4488.00,Healthcare Representative,Research & Development
1389,No,37818.00,Healthcare Representative,Research & Development
1390,No,37125.00,Research Scientist,Research & Development
1391,Yes,46332.00,Laboratory Technician,Research & Development
1392,No,46332.00,Sales Representative,Sales
1393,No,40392.00,Sales Executive,Sales
1394,No,31482.00,Sales Executive,Sales
1395,No,45309.00,Manufacturing Director,Research & Development
1396,Yes,24882.00,Sales Executive,Sales
1397,Yes,38544.00,Sales Executive,Sales
1398,No,5115.00,Research Scientist,Research & Development
1399,No,42999.00,Healthcare Representative,Research & Development
1400,No,18942.00,Healthcare Representative,Research & Development
1401,No,47652.00,Human Resources,Human Resources
1403,No,42108.00,Laboratory Technician,Research & Development
1404,No,3927.00,Sales Executive,Sales
1405,No,11055.00,Research Scientist,Research & Development
1406,No,23001.00,Research Director,Research & Development
1407,No,5181.00,Manufacturing Director,Research & Development
1408,No,25443.00,Healthcare Representative,Research & Development
1409,No,18843.00,Laboratory Technician,Research & Development
1410,No,22836.00,Laboratory Technician,Research & Development
1411,No,14652.00,Sales Executive,Sales
1412,No,10197.00,Human Resources,Human Resources
1413,No,30063.00,Laboratory Technician,Research & Development
1414,No,32241.00,Laboratory Technician,Research & Development
1415,No,38940.00,Healthcare Representative,Research & Development
1416,No,43329.00,Laboratory Technician,Research & Development
1417,No,43593.00,Sales Executive,Sales
1418,No,38082.00,Sales Representative,Sales
1419,No,16764.00,Manufacturing Director,Research & Development
1420,No,18381.00,Research Scientist,Research & Development
1421,No,21186.00,Research Scientist,Research & Development
1422,No,38346.00,Research Director,Research & Development
1423,No,49170.00,Laboratory Technician,Research & Development
1424,No,19173.00,Research Scientist,Research & Development
1425,No,46035.00,Research Scientist,Research & Development
1426,No,16533.00,Healthcare Representative,Research & Development
1427,No,8811.00,Laboratory Technician,Research & Development
1428,No,17919.00,Laboratory Technician,Research & Development
1429,No,7722.00,Sales Representative,Sales
1430,No,3828.00,Research Scientist,Research & Development
1431,No,6633.00,Research Director,Research & Development
1432,No,26433.00,Sales Executive,Sales
1433,No,5313.00,Research Director,Research & Development
1434,No,45606.00,Sales Executive,Sales
1435,No,19305.00,Sales Representative,Sales
1436,No,34221.00,Research Scientist,Research & Development
1437,No,16533.00,Sales Representative,Sales
1439,Yes,21054.00,Sales Representative,Sales
1440,No,18381.00,Sales Executive,Sales
1441,No,22704.00,Manufacturing Director,Research & Development
1442,No,22011.00,Healthcare Representative,Research & Development
1443,Yes,36036.00,Research Scientist,Research & Development
1445,Yes,10230.00,Laboratory Technician,Research & Development
1446,No,19206.00,Manufacturing Director,Research & Development
1447,No,23232.00,Sales Executive,Sales
1448,No,9933.00,Sales Executive,Sales
1449,No,30690.00,Sales Executive,Sales
1450,No,17457.00,Research Scientist,Research & Development
1451,No,37818.00,Human Resources,Human Resources
1452,No,11385.00,Sales Executive,Sales
1453,Yes,28974.00,Sales Executive,Sales
1454,No,36960.00,Sales Executive,Sales
1455,No,12342.00,Sales Executive,Sales
1456,No,43626.00,Research Scientist,Research & Development
1457,No,39567.00,Healthcare Representative,Research & Development
1458,No,39402.00,Research Scientist,Research & Development
1459,No,9471.00,Research Scientist,Research & Development
1460,No,45474.00,Laboratory Technician,Research & Development
1461,No,15444.00,Research Scientist,Research & Development
1462,Yes,13530.00,Sales Executive,Sales
1463,No,23826.00,Sales Executive,Sales
1464,No,10725.00,Manufacturing Director,Research & Development
1465,No,38511.00,Sales Representative,Sales
1466,No,29172.00,Laboratory Technician,Research & Development
1467,No,20229.00,Healthcare Representative,Research & Development
1468,No,5115.00,Manufacturing Director,Research & Development
1469,No,33759.00,Sales Executive,Sales
1470,No,20724.00,Laboratory Technician,Research & Development
1471,No,53168.00,Operations Director,Operations
1472,No,53853.00,Logistics,Operations
1473,No,47782.00,Operations Manager,Operations
1474,No,193877.00,CFO,Finance
1475,No,219477.00,Operations Director,Operations
1476,No,50321.00,Operations Manager,Operations
1477,No,94873.00,System Admin,IT
1478,No,146175.00,IT Manager,IT
1479,No,65562.00,CFO,Finance
1480,No,92642.00,CFO,Finance
1481,No,103815.00,Supply Chain,Operations
1482,No,56685.00,IT Manager,IT
1483,No,337527.00,Financial Analyst,Finance
1484,No,161295.00,Logistics,Operations
1485,Yes,43959.00,Operations Director,Operations
1486,No,96162.00,Data Engineer,IT
1487,No,150701.00,Operations Manager,Operations
1488,No,69082.00,Data Engineer,IT
1489,No,173797.00,Finance Manager,Finance
1490,No,109767.00,Accountant,Finance
1491,No,53499.00,Logistics,Operations
1492,No,67548.00,CFO,Finance
1493,No,252703.00,Tax Specialist,Finance
1494,No,282645.00,Software Developer,IT
1495,No,91466.00,Finance Manager,Finance
1496,No,109640.00,Data Engineer,IT
1497,No,55072.00,IT Manager,IT
1498,No,156273.00,Tax Specialist,Finance
1499,No,105142.00,DevOps Engineer,IT
1500,No,48357.00,Accountant,Finance
1501,No,94459.00,Data Engineer,IT
1502,No,52584.00,Software Developer,IT
1503,No,104387.00,Accountant,Finance
1504,No,130386.00,System Admin,IT
1505,No,59742.00,System Admin,IT
1506,No,50234.00,CFO,Finance
1507,No,54018.00,CFO,Finance
1508,No,55832.00,IT Manager,IT
1509,No,107324.00,IT Manager,IT
1510,No,62126.00,System Admin,IT
1511,No,57770.00,Accountant,Finance
1512,No,61160.00,System Admin,IT
1513,No,118852.00,System Admin,IT
1514,No,39952.00,Logistics,Operations
1515,No,264517.00,Operations Manager,Operations
1516,No,91250.00,IT Manager,IT
1517,No,51022.00,Operations Analyst,Operations
1518,No,58219.00,Operations Director,Operations
1519,Yes,70257.00,System Admin,IT
1520,No,130620.00,Operations Manager,Operations
1521,No,49370.00,Software Developer,IT
1522,No,44804.00,Operations Manager,Operations
1523,No,106058.00,IT Manager,IT
1524,No,51337.00,IT Manager,IT
1525,No,100542.00,DevOps Engineer,IT
1526,No,49489.00,Operations Director,Operations
1527,No,115311.00,IT Manager,IT
1528,No,59144.00,Operations Analyst,Operations
1529,No,58197.00,Logistics,Operations
1530,No,100153.00,Operations Director,Operations
1531,No,59159.00,Software Developer,IT
1532,No,158996.00,System Admin,IT
1533,No,93476.00,Operations Director,Operations
1534,No,81628.00,IT Manager,IT
1535,No,101404.00,IT Manager,IT
1536,No,86819.00,CFO,Finance
1537,No,101283.00,Finance Manager,Finance
1538,No,48903.00,Software Developer,IT
1539,No,47381.00,Operations Manager,Operations
1540,No,193604.00,CFO,Finance
1541,No,99176.00,Supply Chain,Operations
1542,No,60497.00,System Admin,IT
1543,No,55213.00,Software Developer,IT
1544,No,90453.00,IT Manager,IT
1545,No,167725.00,Data Engineer,IT
1546,No,57976.00,Financial Analyst,Finance
1547,No,61279.00,Operations Director,Operations
1548,No,96708.00,Financial Analyst,Finance
1549,No,57853.00,Software Developer,IT
1550,No,91953.00,Operations Manager,Operations
1551,No,109070.00,IT Manager,IT
1552,No,76083.00,Logistics,Operations
1553,No,158181.00,Operations Manager,Operations
1554,No,45496.00,Operations Manager,Operations
1555,Yes,54498.00,IT Manager,IT
1641,No,139213.00,DevOps Engineer,IT
1556,No,95936.00,Operations Manager,Operations
1557,No,124522.00,Operations Analyst,Operations
1558,No,153954.00,Operations Director,Operations
1559,No,166145.00,Operations Director,Operations
1560,No,61902.00,DevOps Engineer,IT
1561,No,69353.00,System Admin,IT
1562,No,95097.00,Logistics,Operations
1563,No,122655.00,Operations Director,Operations
1564,No,43402.00,Operations Manager,Operations
1565,No,90206.00,Software Developer,IT
1566,No,109255.00,Data Engineer,IT
1567,No,50578.00,Data Engineer,IT
1568,No,231826.00,DevOps Engineer,IT
1569,No,71079.00,Software Developer,IT
1570,Yes,43583.00,Operations Director,Operations
1571,No,73190.00,Software Developer,IT
1572,No,97821.00,Operations Director,Operations
1573,No,172394.00,Operations Analyst,Operations
1574,No,91492.00,Accountant,Finance
1575,No,174830.00,Software Developer,IT
1576,No,96097.00,Operations Director,Operations
1577,No,68282.00,Software Developer,IT
1578,No,44250.00,Logistics,Operations
1579,No,91329.00,Operations Analyst,Operations
1580,No,92077.00,IT Manager,IT
1581,No,56082.00,Data Engineer,IT
1582,No,49102.00,CFO,Finance
1583,No,152682.00,Supply Chain,Operations
1584,No,55524.00,Supply Chain,Operations
1585,No,50754.00,Tax Specialist,Finance
1586,No,65500.00,Data Engineer,IT
1587,No,105669.00,Data Engineer,IT
1588,No,61619.00,Software Developer,IT
1589,No,55518.00,Financial Analyst,Finance
1590,No,141879.00,System Admin,IT
1591,No,124857.00,Supply Chain,Operations
1592,No,96463.00,Data Engineer,IT
1593,No,89401.00,Data Engineer,IT
1594,No,187726.00,DevOps Engineer,IT
1595,No,56257.00,Logistics,Operations
1596,No,58649.00,Financial Analyst,Finance
1597,No,111117.00,Finance Manager,Finance
1598,No,79809.00,Supply Chain,Operations
1599,No,131742.00,Operations Manager,Operations
1600,No,64857.00,IT Manager,IT
1601,No,63087.00,Finance Manager,Finance
1602,No,114494.00,Data Engineer,IT
1603,No,237091.00,IT Manager,IT
1604,No,63504.00,Supply Chain,Operations
1605,No,128421.00,Data Engineer,IT
1606,No,126190.00,Operations Analyst,Operations
1607,No,74714.00,Operations Analyst,Operations
1608,No,59511.00,Operations Analyst,Operations
1609,No,97567.00,Logistics,Operations
1610,No,240149.00,Data Engineer,IT
1611,No,185546.00,Finance Manager,Finance
1612,No,62475.00,DevOps Engineer,IT
1613,No,60630.00,Financial Analyst,Finance
1614,No,61597.00,System Admin,IT
1615,No,196276.00,Operations Manager,Operations
1616,No,53477.00,DevOps Engineer,IT
1617,No,166065.00,Operations Manager,Operations
1618,No,89047.00,IT Manager,IT
1619,No,141215.00,Operations Analyst,Operations
1749,No,61242.00,System Admin,IT
1620,No,94799.00,Operations Analyst,Operations
1621,No,182677.00,Data Engineer,IT
1622,No,58933.00,Operations Director,Operations
1623,No,43685.00,Operations Manager,Operations
1624,No,58576.00,Operations Manager,Operations
1625,No,78906.00,Operations Director,Operations
1626,No,90863.00,Operations Manager,Operations
1627,No,55559.00,IT Manager,IT
1628,No,54741.00,Data Engineer,IT
1629,No,70494.00,IT Manager,IT
1630,No,60483.00,Data Engineer,IT
1631,No,177802.00,DevOps Engineer,IT
1632,No,146231.00,Operations Director,Operations
1633,No,52956.00,Data Engineer,IT
1634,No,100973.00,System Admin,IT
1635,No,82804.00,Operations Director,Operations
1636,No,53763.00,Supply Chain,Operations
1637,No,84001.00,Accountant,Finance
1638,No,108589.00,CFO,Finance
1639,No,114706.00,Data Engineer,IT
1640,No,58281.00,Software Developer,IT
1642,No,99590.00,Software Developer,IT
1643,No,103280.00,DevOps Engineer,IT
1644,No,41555.00,Operations Manager,Operations
1645,No,129673.00,Data Engineer,IT
1646,No,57916.00,System Admin,IT
1647,No,46744.00,Operations Manager,Operations
1648,No,139835.00,Operations Director,Operations
1649,No,101259.00,DevOps Engineer,IT
1650,No,107045.00,Accountant,Finance
1651,No,60101.00,Logistics,Operations
1652,No,174990.00,DevOps Engineer,IT
1653,No,48621.00,CFO,Finance
1654,No,61811.00,Financial Analyst,Finance
1655,No,63912.00,Data Engineer,IT
1656,No,114029.00,DevOps Engineer,IT
1657,No,151819.00,IT Manager,IT
1658,No,123427.00,Operations Manager,Operations
1659,No,90902.00,Operations Director,Operations
1660,No,105916.00,DevOps Engineer,IT
1661,No,50042.00,Software Developer,IT
1662,No,56344.00,Operations Analyst,Operations
1858,No,90063.00,Tax Specialist,Finance
1663,No,92869.00,Supply Chain,Operations
1664,No,99761.00,Finance Manager,Finance
1665,No,154196.00,Logistics,Operations
1666,No,51306.00,System Admin,IT
1667,No,98755.00,Data Engineer,IT
1668,No,82834.00,Operations Manager,Operations
1669,No,102689.00,Tax Specialist,Finance
1670,No,106327.00,DevOps Engineer,IT
1671,No,47681.00,Accountant,Finance
1672,No,50169.00,Logistics,Operations
1673,No,63962.00,IT Manager,IT
1674,No,142245.00,Accountant,Finance
1675,No,85930.00,Accountant,Finance
1676,No,164813.00,Accountant,Finance
1677,No,58586.00,DevOps Engineer,IT
1678,No,166316.00,IT Manager,IT
1679,No,75792.00,Logistics,Operations
1680,No,97462.00,Logistics,Operations
1681,No,175930.00,DevOps Engineer,IT
1682,No,63954.00,IT Manager,IT
1683,No,271463.00,CFO,Finance
1684,No,57247.00,Financial Analyst,Finance
1685,No,179645.00,CFO,Finance
1686,No,163161.00,Operations Analyst,Operations
1687,No,163254.00,Operations Analyst,Operations
1688,No,57113.00,Operations Director,Operations
1689,No,50782.00,Logistics,Operations
1690,No,69974.00,Software Developer,IT
1691,No,92910.00,Operations Director,Operations
1692,No,100709.00,Data Engineer,IT
1693,No,65254.00,DevOps Engineer,IT
1694,No,87084.00,Logistics,Operations
1695,No,84261.00,Supply Chain,Operations
1696,No,180541.00,Data Engineer,IT
1697,No,54775.00,CFO,Finance
1698,No,59925.00,Software Developer,IT
1699,No,225897.00,Operations Director,Operations
1700,No,95940.00,CFO,Finance
1701,No,92496.00,IT Manager,IT
1702,No,164721.00,Operations Analyst,Operations
1703,No,58091.00,DevOps Engineer,IT
1704,No,64013.00,Accountant,Finance
1705,No,68733.00,Financial Analyst,Finance
1706,No,87613.00,System Admin,IT
1707,No,108609.00,System Admin,IT
1708,No,48500.00,Tax Specialist,Finance
1709,No,56092.00,Financial Analyst,Finance
1710,No,90948.00,Software Developer,IT
1711,No,68478.00,System Admin,IT
1712,No,178770.00,Financial Analyst,Finance
1713,No,260102.00,IT Manager,IT
1714,No,55514.00,Software Developer,IT
1715,No,167959.00,System Admin,IT
1716,No,85189.00,Operations Director,Operations
1717,No,113622.00,DevOps Engineer,IT
1718,No,44850.00,Operations Analyst,Operations
1719,No,82791.00,Logistics,Operations
1720,No,55235.00,Logistics,Operations
1721,No,59958.00,System Admin,IT
1722,No,59672.00,Software Developer,IT
1723,No,56707.00,Supply Chain,Operations
1724,No,56422.00,CFO,Finance
1725,No,92681.00,Logistics,Operations
1726,No,150780.00,System Admin,IT
1925,No,52312.00,CFO,Finance
1727,No,85311.00,Supply Chain,Operations
1728,No,46435.00,Supply Chain,Operations
1729,Yes,86509.00,Accountant,Finance
1730,Yes,56294.00,Accountant,Finance
1731,No,45347.00,Tax Specialist,Finance
1732,No,65968.00,Software Developer,IT
1733,No,46389.00,Financial Analyst,Finance
1734,No,46461.00,Finance Manager,Finance
1735,No,157294.00,Financial Analyst,Finance
1736,No,70732.00,Data Engineer,IT
1737,No,89488.00,CFO,Finance
1738,No,60362.00,Operations Manager,Operations
1739,No,61132.00,Software Developer,IT
1740,No,65352.00,Accountant,Finance
1741,No,109898.00,Finance Manager,Finance
1742,No,157759.00,Financial Analyst,Finance
1743,No,55288.00,Software Developer,IT
1744,No,99885.00,Operations Manager,Operations
1745,No,64881.00,Financial Analyst,Finance
1746,No,166688.00,Operations Analyst,Operations
1747,No,46470.00,CFO,Finance
1748,No,52064.00,DevOps Engineer,IT
1750,No,55536.00,Operations Director,Operations
1751,No,92952.00,Supply Chain,Operations
1752,No,117758.00,Financial Analyst,Finance
1753,No,83678.00,Finance Manager,Finance
1754,No,141042.00,Tax Specialist,Finance
1755,No,94992.00,System Admin,IT
1756,No,91616.00,Tax Specialist,Finance
1757,No,95577.00,System Admin,IT
1758,Yes,119210.00,Data Engineer,IT
1759,No,92898.00,Accountant,Finance
1760,No,154574.00,DevOps Engineer,IT
1761,No,98994.00,System Admin,IT
1762,No,111067.00,IT Manager,IT
1763,No,95187.00,Data Engineer,IT
1764,No,54803.00,System Admin,IT
1765,No,56805.00,Data Engineer,IT
1766,No,94772.00,Logistics,Operations
1767,No,102715.00,Operations Analyst,Operations
1768,No,141706.00,Operations Director,Operations
1769,No,124858.00,Logistics,Operations
1770,No,137920.00,Finance Manager,Finance
1771,No,145671.00,System Admin,IT
1772,No,111860.00,Financial Analyst,Finance
1773,No,170281.00,System Admin,IT
1774,No,91532.00,Software Developer,IT
1775,No,59557.00,DevOps Engineer,IT
1776,No,106462.00,IT Manager,IT
1777,Yes,143160.00,System Admin,IT
1778,No,55460.00,Supply Chain,Operations
1779,No,46053.00,Logistics,Operations
1780,No,229477.00,Software Developer,IT
1781,No,179306.00,Software Developer,IT
1782,No,103141.00,Tax Specialist,Finance
1783,No,105431.00,Financial Analyst,Finance
1784,No,128288.00,DevOps Engineer,IT
1785,No,46139.00,Operations Manager,Operations
1786,No,108896.00,DevOps Engineer,IT
1787,No,102296.00,DevOps Engineer,IT
1788,No,190030.00,Operations Analyst,Operations
1789,No,104451.00,Tax Specialist,Finance
1790,No,97942.00,Operations Analyst,Operations
1791,No,90681.00,Operations Manager,Operations
1792,No,150516.00,DevOps Engineer,IT
1793,No,59372.00,Data Engineer,IT
1794,No,68361.00,Software Developer,IT
1795,No,143727.00,IT Manager,IT
1796,No,88726.00,Tax Specialist,Finance
1797,No,252798.00,CFO,Finance
1798,Yes,118866.00,System Admin,IT
1799,No,42785.00,Operations Director,Operations
1800,No,64068.00,Financial Analyst,Finance
1801,No,53539.00,IT Manager,IT
1802,No,68266.00,Financial Analyst,Finance
1803,No,63287.00,CFO,Finance
1804,No,63542.00,Tax Specialist,Finance
1805,No,101345.00,IT Manager,IT
1806,No,43021.00,Supply Chain,Operations
1807,No,50945.00,CFO,Finance
1808,No,58788.00,Operations Manager,Operations
1809,No,80380.00,Operations Analyst,Operations
1810,No,58978.00,System Admin,IT
1811,No,56060.00,Finance Manager,Finance
1812,No,255033.00,IT Manager,IT
1813,No,56683.00,System Admin,IT
1814,No,56252.00,Supply Chain,Operations
1815,No,144234.00,Operations Manager,Operations
1816,No,84412.00,Operations Manager,Operations
1817,No,53465.00,Data Engineer,IT
1818,No,175898.00,CFO,Finance
1819,No,72101.00,Software Developer,IT
1820,No,107147.00,Financial Analyst,Finance
1821,No,97451.00,Data Engineer,IT
1822,No,57079.00,Software Developer,IT
1823,No,133601.00,Operations Manager,Operations
1824,No,62959.00,Supply Chain,Operations
1825,No,99414.00,Data Engineer,IT
1826,No,88838.00,Finance Manager,Finance
1827,No,100960.00,Logistics,Operations
1828,No,142408.00,IT Manager,IT
1829,No,43255.00,Operations Manager,Operations
1830,No,87433.00,Logistics,Operations
1831,No,81877.00,Supply Chain,Operations
1832,No,95539.00,Software Developer,IT
1833,No,116868.00,Data Engineer,IT
1834,No,163023.00,Operations Analyst,Operations
1835,No,43743.00,Operations Manager,Operations
1836,No,61617.00,CFO,Finance
1837,No,91531.00,Finance Manager,Finance
1838,No,51796.00,DevOps Engineer,IT
1839,No,72597.00,Operations Manager,Operations
1840,No,100741.00,DevOps Engineer,IT
1841,No,86208.00,Logistics,Operations
1842,No,94286.00,Accountant,Finance
1843,No,59136.00,Tax Specialist,Finance
1844,No,129277.00,Operations Director,Operations
1845,No,56629.00,IT Manager,IT
1846,No,68640.00,Software Developer,IT
1847,No,88321.00,IT Manager,IT
1848,No,65161.00,Data Engineer,IT
1849,No,55795.00,IT Manager,IT
1850,No,108491.00,System Admin,IT
1851,No,70159.00,DevOps Engineer,IT
1852,No,101379.00,Software Developer,IT
1853,No,172691.00,Software Developer,IT
1854,No,98780.00,Finance Manager,Finance
1855,No,58980.00,Logistics,Operations
1856,No,217745.00,Operations Analyst,Operations
1857,No,147634.00,DevOps Engineer,IT
1859,No,93893.00,Financial Analyst,Finance
1860,No,96247.00,Operations Manager,Operations
1861,No,178211.00,Operations Director,Operations
1862,No,150423.00,DevOps Engineer,IT
1863,No,89793.00,Software Developer,IT
1864,No,53779.00,Software Developer,IT
1865,No,54098.00,Software Developer,IT
1866,No,77328.00,Logistics,Operations
1867,No,98448.00,Data Engineer,IT
1868,No,67741.00,Software Developer,IT
1869,Yes,42979.00,Operations Manager,Operations
1870,No,87776.00,Software Developer,IT
1871,No,102568.00,CFO,Finance
1872,No,55848.00,Finance Manager,Finance
1873,No,61386.00,IT Manager,IT
1874,No,103844.00,Software Developer,IT
1875,No,116262.00,Data Engineer,IT
1876,No,266603.00,IT Manager,IT
1877,No,54884.00,System Admin,IT
1878,No,90932.00,CFO,Finance
1879,No,41660.00,Supply Chain,Operations
1880,No,110293.00,Software Developer,IT
1881,No,70096.00,CFO,Finance
1882,No,50472.00,Logistics,Operations
1883,No,128767.00,Supply Chain,Operations
1884,No,156361.00,Tax Specialist,Finance
1885,No,47144.00,Finance Manager,Finance
1886,No,64583.00,Data Engineer,IT
1887,No,160239.00,Operations Director,Operations
1888,No,97566.00,IT Manager,IT
1889,No,83678.00,Finance Manager,Finance
1890,No,42599.00,Operations Manager,Operations
1891,No,62034.00,Data Engineer,IT
1892,No,82592.00,Operations Analyst,Operations
1893,No,58912.00,Data Engineer,IT
1894,No,84572.00,Supply Chain,Operations
1895,No,91658.00,DevOps Engineer,IT
1896,No,116613.00,Software Developer,IT
1897,No,106649.00,Accountant,Finance
1898,No,85245.00,Operations Director,Operations
1899,No,54899.00,IT Manager,IT
1900,No,97854.00,Data Engineer,IT
1901,No,104651.00,Software Developer,IT
1902,No,174830.00,Data Engineer,IT
1903,No,181704.00,Logistics,Operations
1904,No,88609.00,Accountant,Finance
1905,No,99876.00,System Admin,IT
1906,No,100050.00,IT Manager,IT
1907,No,166014.00,Operations Manager,Operations
1908,No,159838.00,DevOps Engineer,IT
1909,No,266393.00,CFO,Finance
1910,No,100200.00,Data Engineer,IT
1911,No,55567.00,Software Developer,IT
1912,No,90583.00,Logistics,Operations
1913,No,142675.00,CFO,Finance
1914,No,100538.00,Data Engineer,IT
1915,No,54319.00,Finance Manager,Finance
1916,No,61358.00,Supply Chain,Operations
1917,No,49634.00,Data Engineer,IT
1918,No,161311.00,Data Engineer,IT
1919,No,238465.00,Operations Director,Operations
1920,No,103039.00,IT Manager,IT
1921,No,63305.00,DevOps Engineer,IT
1922,No,89576.00,Tax Specialist,Finance
1923,No,65542.00,Software Developer,IT
1924,No,60277.00,IT Manager,IT
1926,No,102001.00,Finance Manager,Finance
1927,No,147208.00,Accountant,Finance
1928,No,100587.00,DevOps Engineer,IT
1929,No,86078.00,System Admin,IT
1930,No,94304.00,Data Engineer,IT
1931,No,64000.00,Finance Manager,Finance
1932,No,101893.00,Accountant,Finance
1933,No,50169.00,Operations Analyst,Operations
1934,No,53331.00,Software Developer,IT
1935,No,127296.00,Operations Director,Operations
1936,No,109917.00,Finance Manager,Finance
1937,No,160899.00,Software Developer,IT
1938,No,59160.00,Operations Manager,Operations
1939,No,88261.00,IT Manager,IT
1940,No,93102.00,Accountant,Finance
1941,No,60645.00,DevOps Engineer,IT
1942,No,104512.00,Operations Manager,Operations
1943,No,99056.00,Finance Manager,Finance
1944,No,69712.00,IT Manager,IT
1945,No,98709.00,Finance Manager,Finance
1946,No,65441.00,Tax Specialist,Finance
1947,No,102613.00,System Admin,IT
1948,No,77135.00,Logistics,Operations
1949,No,84440.00,Operations Director,Operations
1950,No,102377.00,DevOps Engineer,IT
1951,No,130721.00,Logistics,Operations
1952,No,114811.00,System Admin,IT
1953,No,106552.00,Accountant,Finance
1954,No,85727.00,Accountant,Finance
1955,No,104599.00,Financial Analyst,Finance
1956,No,236709.00,Operations Manager,Operations
1957,No,97359.00,DevOps Engineer,IT
1958,No,104692.00,DevOps Engineer,IT
1959,No,56967.00,Software Developer,IT
1960,No,81074.00,Tax Specialist,Finance
1961,No,98873.00,IT Manager,IT
1962,No,122155.00,Operations Director,Operations
1963,No,101682.00,DevOps Engineer,IT
1964,No,53088.00,Logistics,Operations
1965,No,104969.00,Finance Manager,Finance
1966,No,173662.00,Software Developer,IT
1967,Yes,45047.00,Logistics,Operations
1968,No,88783.00,Data Engineer,IT
1969,No,76300.00,Operations Manager,Operations
1970,No,154851.00,Software Developer,IT
1971,No,81857.00,Tax Specialist,Finance
1972,No,77159.00,Logistics,Operations
1973,No,61844.00,Software Developer,IT
1974,No,55211.00,Accountant,Finance
1975,No,61952.00,System Admin,IT
1976,No,92891.00,DevOps Engineer,IT
1977,No,128405.00,Logistics,Operations
1978,No,112170.00,Data Engineer,IT
1979,No,60107.00,Accountant,Finance
1980,No,61254.00,Operations Director,Operations
1981,No,89208.00,Operations Analyst,Operations
1982,No,44248.00,Operations Analyst,Operations
1983,Yes,136825.00,Finance Manager,Finance
1984,No,143915.00,Software Developer,IT
1985,Yes,52090.00,Financial Analyst,Finance
1986,No,140045.00,Operations Director,Operations
1987,No,292229.00,CFO,Finance
1988,No,86905.00,Software Developer,IT
1989,No,50015.00,Data Engineer,IT
1990,No,69149.00,System Admin,IT
1991,No,112897.00,IT Manager,IT
1992,No,48450.00,CFO,Finance
1993,No,106181.00,IT Manager,IT
1994,No,148324.00,Software Developer,IT
1995,No,92507.00,Accountant,Finance
1996,No,92197.00,Software Developer,IT
1997,No,55514.00,DevOps Engineer,IT
1998,No,202462.00,Supply Chain,Operations
1999,No,61531.00,Software Developer,IT
2000,No,53599.00,DevOps Engineer,IT
2001,No,93777.00,Operations Manager,Operations
2002,No,89885.00,Operations Analyst,Operations
2003,No,127154.00,Operations Analyst,Operations
2004,No,129079.00,Logistics,Operations
2005,No,170194.00,DevOps Engineer,IT
2006,No,141851.00,Operations Manager,Operations
2007,No,179122.00,CFO,Finance
2008,No,100623.00,Finance Manager,Finance
2009,No,232262.00,System Admin,IT
2010,No,96577.00,Finance Manager,Finance
2011,No,49295.00,Operations Director,Operations
2012,No,102067.00,Finance Manager,Finance
2013,No,70598.00,System Admin,IT
2014,No,234689.00,DevOps Engineer,IT
2015,No,61202.00,Software Developer,IT
2016,No,182142.00,Data Engineer,IT
2017,No,148999.00,DevOps Engineer,IT
2018,Yes,93383.00,Operations Director,Operations
2019,No,106704.00,Tax Specialist,Finance
2020,Yes,72828.00,Operations Manager,Operations
2021,No,102242.00,IT Manager,IT
2022,No,57191.00,System Admin,IT
2023,No,59563.00,Software Developer,IT
2024,No,162104.00,Operations Director,Operations
2025,No,51868.00,CFO,Finance
2026,No,50493.00,System Admin,IT
2027,No,81334.00,Operations Analyst,Operations
2028,No,83636.00,Tax Specialist,Finance
2029,No,53194.00,Operations Director,Operations
2030,No,42489.00,Operations Director,Operations
2031,No,114119.00,Tax Specialist,Finance
2032,No,104505.00,DevOps Engineer,IT
2033,No,51527.00,Operations Analyst,Operations
2034,No,45571.00,Operations Director,Operations
2035,No,101398.00,Operations Analyst,Operations
2036,No,88352.00,Accountant,Finance
2037,No,82192.00,Logistics,Operations
2038,No,138207.00,Operations Analyst,Operations
2039,No,55180.00,Data Engineer,IT
2040,No,93464.00,Tax Specialist,Finance
2041,No,109439.00,IT Manager,IT
2042,No,139940.00,System Admin,IT
2043,No,62441.00,Financial Analyst,Finance
2044,No,147108.00,Operations Director,Operations
2045,No,53334.00,Data Engineer,IT
2046,No,83677.00,CFO,Finance
2047,No,110696.00,Accountant,Finance
2048,No,106811.00,Financial Analyst,Finance
2049,No,145998.00,Operations Manager,Operations
2050,No,94152.00,Software Developer,IT
2051,No,42330.00,Logistics,Operations
2052,No,60187.00,IT Manager,IT
2053,No,97786.00,Operations Manager,Operations
2054,No,99836.00,System Admin,IT
2055,No,43340.00,Supply Chain,Operations
2056,No,66785.00,Tax Specialist,Finance
2057,No,253212.00,Operations Analyst,Operations
2058,No,45370.00,CFO,Finance
2059,No,150669.00,System Admin,IT
2060,No,93255.00,Operations Director,Operations
2061,No,47481.00,Operations Analyst,Operations
2062,No,155421.00,IT Manager,IT
2063,No,99916.00,Supply Chain,Operations
2064,No,106542.00,IT Manager,IT
2065,No,100854.00,CFO,Finance
2066,No,211620.00,Operations Analyst,Operations
2067,No,104663.00,Financial Analyst,Finance
2068,No,56988.00,Software Developer,IT
2069,No,103251.00,Financial Analyst,Finance
2070,No,53155.00,Operations Director,Operations
2071,No,46369.00,Logistics,Operations
2072,No,68889.00,Data Engineer,IT
2073,No,98285.00,Operations Director,Operations
2074,No,98362.00,IT Manager,IT
2075,No,169116.00,Operations Analyst,Operations
2076,No,131523.00,Operations Analyst,Operations
2077,No,102069.00,Data Engineer,IT
2078,No,99126.00,DevOps Engineer,IT
2079,No,99915.00,CFO,Finance
2080,No,87587.00,Supply Chain,Operations
2081,No,181430.00,Finance Manager,Finance
2082,No,91091.00,CFO,Finance
2083,No,47063.00,Supply Chain,Operations
2084,No,40639.00,Operations Analyst,Operations
2085,No,161911.00,Operations Manager,Operations
2086,No,97105.00,System Admin,IT
2087,No,58802.00,Operations Analyst,Operations
2088,No,45590.00,Supply Chain,Operations
2089,No,83503.00,System Admin,IT
2090,No,62053.00,CFO,Finance
2091,No,48800.00,Software Developer,IT
2092,No,154279.00,Accountant,Finance
2093,No,89932.00,Supply Chain,Operations
2094,No,45672.00,Accountant,Finance
2095,No,53375.00,IT Manager,IT
2096,No,96038.00,IT Manager,IT
2097,No,155540.00,Data Engineer,IT
2098,Yes,57791.00,Financial Analyst,Finance
2099,No,67452.00,IT Manager,IT
2100,No,65998.00,DevOps Engineer,IT
2101,No,55141.00,IT Manager,IT
2102,No,94450.00,IT Manager,IT
2103,No,100511.00,DevOps Engineer,IT
2104,No,231330.00,Finance Manager,Finance
2105,No,62758.00,Data Engineer,IT
2106,No,105895.00,DevOps Engineer,IT
2107,No,69177.00,Data Engineer,IT
2108,No,63674.00,Data Engineer,IT
2109,No,97577.00,DevOps Engineer,IT
2110,No,43489.00,Logistics,Operations
2111,No,106088.00,IT Manager,IT
2112,No,59582.00,IT Manager,IT
2113,No,149855.00,System Admin,IT
2114,No,164928.00,IT Manager,IT
2115,No,233372.00,Operations Director,Operations
2116,No,64761.00,Data Engineer,IT
2117,No,57670.00,Supply Chain,Operations
2118,No,80967.00,Financial Analyst,Finance
2119,No,56672.00,DevOps Engineer,IT
2120,No,63033.00,DevOps Engineer,IT
2121,No,79779.00,Operations Analyst,Operations
2122,No,102492.00,Logistics,Operations
2123,No,84587.00,Operations Manager,Operations
2124,No,106038.00,Data Engineer,IT
2125,No,57434.00,Data Engineer,IT
2126,No,88785.00,Finance Manager,Finance
2127,No,178889.00,Software Developer,IT
2128,No,97859.00,Finance Manager,Finance
2129,No,123780.00,Supply Chain,Operations
2130,No,58944.00,Software Developer,IT
2131,No,67733.00,Accountant,Finance
2132,No,175219.00,IT Manager,IT
2133,Yes,68284.00,Financial Analyst,Finance
2134,No,47689.00,Logistics,Operations
2135,No,258552.00,Operations Manager,Operations
2136,No,104234.00,Finance Manager,Finance
2137,No,74562.00,Supply Chain,Operations
2138,No,45801.00,Operations Director,Operations
2139,No,51073.00,Data Engineer,IT
2140,No,100662.00,Financial Analyst,Finance
2141,No,162132.00,Supply Chain,Operations
2142,Yes,61164.00,Accountant,Finance
2143,No,128727.00,CFO,Finance
2144,No,61759.00,Financial Analyst,Finance
2145,No,58374.00,IT Manager,IT
2146,No,55739.00,System Admin,IT
2147,No,108309.00,DevOps Engineer,IT
2148,No,93357.00,Software Developer,IT
2149,No,49658.00,Financial Analyst,Finance
2150,No,149411.00,Accountant,Finance
2151,No,152429.00,CFO,Finance
2152,No,89130.00,Tax Specialist,Finance
2153,No,158510.00,Accountant,Finance
2154,No,97643.00,DevOps Engineer,IT
2155,No,77051.00,Supply Chain,Operations
2156,No,93530.00,Finance Manager,Finance
2157,No,60418.00,IT Manager,IT
2158,No,87951.00,Operations Director,Operations
2159,No,146033.00,Finance Manager,Finance
2160,No,92604.00,Operations Analyst,Operations
2161,No,115591.00,Data Engineer,IT
2162,No,97639.00,Financial Analyst,Finance
2163,No,94659.00,System Admin,IT
2164,No,62955.00,Software Developer,IT
2165,No,94230.00,System Admin,IT
2166,No,106115.00,IT Manager,IT
2167,No,93182.00,Operations Manager,Operations
2168,No,55102.00,Operations Director,Operations
2169,No,85499.00,Data Engineer,IT
2170,No,65875.00,Financial Analyst,Finance
2171,No,107565.00,Software Developer,IT
2172,No,98632.00,Tax Specialist,Finance
2173,No,101321.00,Data Engineer,IT
2174,No,51198.00,Operations Manager,Operations
2175,No,86906.00,Accountant,Finance
2176,No,133415.00,Operations Director,Operations
2177,No,61116.00,Financial Analyst,Finance
2178,No,99350.00,Data Engineer,IT
2179,No,51735.00,Operations Director,Operations
2180,No,98425.00,Accountant,Finance
2181,No,96554.00,IT Manager,IT
2182,No,46121.00,Logistics,Operations
2183,No,57586.00,Logistics,Operations
2184,No,59456.00,Operations Analyst,Operations
2185,No,112692.00,Software Developer,IT
2186,No,111173.00,IT Manager,IT
2187,No,99447.00,Finance Manager,Finance
2188,No,92712.00,System Admin,IT
2189,No,57158.00,IT Manager,IT
2190,No,59661.00,CFO,Finance
2191,No,52946.00,Logistics,Operations
2192,No,55600.00,System Admin,IT
2193,No,88231.00,Data Engineer,IT
2194,No,57116.00,DevOps Engineer,IT
2195,No,71495.00,IT Manager,IT
2196,No,91828.00,Finance Manager,Finance
2197,No,116752.00,DevOps Engineer,IT
2198,No,47513.00,Operations Manager,Operations
2199,No,98902.00,Accountant,Finance
2200,No,112433.00,IT Manager,IT
2201,No,53529.00,Tax Specialist,Finance
2202,No,259898.00,Operations Analyst,Operations
2203,No,111420.00,IT Manager,IT
2204,No,88984.00,Logistics,Operations
2205,No,78856.00,Supply Chain,Operations
2206,No,147418.00,Operations Director,Operations
2207,No,79466.00,Operations Director,Operations
2208,No,91677.00,System Admin,IT
2209,No,66452.00,DevOps Engineer,IT
2210,No,50363.00,Tax Specialist,Finance
2211,No,106999.00,Software Developer,IT
2212,No,59030.00,Logistics,Operations
2213,No,178052.00,CFO,Finance
2214,No,50812.00,Supply Chain,Operations
2215,No,54589.00,Finance Manager,Finance
2216,No,144021.00,IT Manager,IT
2217,No,60868.00,DevOps Engineer,IT
2218,No,110734.00,System Admin,IT
2219,No,146097.00,Tax Specialist,Finance
2220,No,48532.00,Accountant,Finance
2221,No,93949.00,Operations Analyst,Operations
2222,No,48002.00,Supply Chain,Operations
2223,No,79621.00,Operations Director,Operations
2224,No,60542.00,DevOps Engineer,IT
2225,No,57392.00,DevOps Engineer,IT
2226,No,82151.00,Operations Director,Operations
2227,No,169156.00,System Admin,IT
2228,No,107530.00,IT Manager,IT
2229,No,60185.00,System Admin,IT
2230,No,53749.00,Finance Manager,Finance
2231,No,77870.00,Operations Analyst,Operations
2232,No,255125.00,Finance Manager,Finance
2233,No,58367.00,Operations Manager,Operations
2234,No,84381.00,DevOps Engineer,IT
2235,No,49392.00,Operations Analyst,Operations
2236,No,65521.00,Financial Analyst,Finance
2237,No,170047.00,Software Developer,IT
2238,No,80956.00,Supply Chain,Operations
2239,No,109016.00,Tax Specialist,Finance
2240,No,48727.00,System Admin,IT
2241,No,98965.00,Operations Manager,Operations
2242,No,96301.00,IT Manager,IT
2243,No,142848.00,CFO,Finance
2244,No,251625.00,Data Engineer,IT
2245,No,102967.00,Supply Chain,Operations
2246,No,108144.00,IT Manager,IT
2247,No,99844.00,Data Engineer,IT
2248,No,70039.00,Software Developer,IT
2271,No,95559.00,IT Manager,IT
2249,No,84817.00,Operations Analyst,Operations
2250,Yes,105494.00,Tax Specialist,Finance
2251,No,104604.00,Financial Analyst,Finance
2252,No,115781.00,System Admin,IT
2253,No,124537.00,Operations Analyst,Operations
2254,No,106516.00,Tax Specialist,Finance
2255,No,132709.00,DevOps Engineer,IT
2256,No,163241.00,Tax Specialist,Finance
2257,No,61376.00,Software Developer,IT
2258,No,170816.00,Finance Manager,Finance
2259,No,93341.00,System Admin,IT
2260,No,49571.00,Accountant,Finance
2261,No,54843.00,System Admin,IT
2262,No,220466.00,Supply Chain,Operations
2263,No,41762.00,Operations Director,Operations
2264,No,112451.00,DevOps Engineer,IT
2265,No,90534.00,Software Developer,IT
2266,No,43085.00,Logistics,Operations
2267,No,94388.00,IT Manager,IT
2268,No,66063.00,Data Engineer,IT
2269,No,52330.00,Operations Analyst,Operations
2270,No,63510.00,CFO,Finance
2272,No,53186.00,Tax Specialist,Finance
2273,No,147682.00,System Admin,IT
2274,No,100556.00,Financial Analyst,Finance
2275,No,85285.00,Operations Manager,Operations
2276,No,163978.00,Operations Analyst,Operations
2277,No,68922.00,Data Engineer,IT
2278,No,63097.00,Tax Specialist,Finance
2279,Yes,89030.00,Software Developer,IT
2280,No,97553.00,DevOps Engineer,IT
2281,No,47775.00,Finance Manager,Finance
2282,No,165984.00,Accountant,Finance
2283,No,62950.00,CFO,Finance
2284,No,126022.00,System Admin,IT
2285,No,57356.00,Supply Chain,Operations
2286,No,106845.00,Finance Manager,Finance
2287,No,153297.00,Operations Director,Operations
2288,No,116039.00,Financial Analyst,Finance
2289,No,109393.00,Data Engineer,IT
2290,No,58304.00,Accountant,Finance
2291,No,72991.00,IT Manager,IT
2292,No,97603.00,IT Manager,IT
2293,No,53960.00,Software Developer,IT
2294,No,58130.00,Operations Director,Operations
2295,No,50427.00,Software Developer,IT
2296,No,103774.00,Software Developer,IT
2297,No,136794.00,Operations Manager,Operations
2298,No,263634.00,System Admin,IT
2299,No,57146.00,DevOps Engineer,IT
2300,No,41566.00,Supply Chain,Operations
2301,No,187679.00,DevOps Engineer,IT
2302,No,77072.00,Operations Director,Operations
2303,No,147584.00,Financial Analyst,Finance
2304,No,46894.00,Finance Manager,Finance
2305,No,113745.00,Software Developer,IT
2306,No,169921.00,Finance Manager,Finance
2307,No,49403.00,Supply Chain,Operations
2308,No,45581.00,Logistics,Operations
2309,No,132739.00,System Admin,IT
2310,Yes,59675.00,Operations Analyst,Operations
2311,No,87692.00,Operations Director,Operations
2312,No,86812.00,Operations Manager,Operations
2313,No,172597.00,DevOps Engineer,IT
2314,No,42098.00,Operations Director,Operations
2315,No,114554.00,Data Engineer,IT
2316,No,70538.00,DevOps Engineer,IT
2317,No,165248.00,Software Developer,IT
2318,No,80896.00,Supply Chain,Operations
2319,No,52620.00,Software Developer,IT
2320,No,87047.00,DevOps Engineer,IT
2321,No,162374.00,Operations Analyst,Operations
2322,No,45653.00,Accountant,Finance
2323,No,148100.00,Data Engineer,IT
2324,No,101906.00,Operations Director,Operations
2325,No,115229.00,Software Developer,IT
2326,No,104250.00,System Admin,IT
2327,No,89589.00,CFO,Finance
2328,No,98938.00,IT Manager,IT
2329,No,238718.00,Operations Director,Operations
2330,No,102031.00,System Admin,IT
2331,No,110088.00,System Admin,IT
2332,No,145380.00,Operations Manager,Operations
2333,No,101357.00,Operations Director,Operations
2334,No,101050.00,DevOps Engineer,IT
2335,No,148233.00,Operations Analyst,Operations
2488,No,69243.00,Software Developer,IT
2336,No,50210.00,Operations Director,Operations
2337,No,94119.00,Accountant,Finance
2338,No,76740.00,Operations Analyst,Operations
2339,No,64982.00,Data Engineer,IT
2340,No,59675.00,Supply Chain,Operations
2341,No,168338.00,Operations Manager,Operations
2342,No,92783.00,DevOps Engineer,IT
2343,No,49080.00,CFO,Finance
2344,No,48616.00,Tax Specialist,Finance
2345,No,80919.00,Operations Analyst,Operations
2346,No,84682.00,Operations Analyst,Operations
2347,No,104392.00,Tax Specialist,Finance
2348,No,63175.00,System Admin,IT
2349,No,110908.00,System Admin,IT
2350,No,53575.00,Data Engineer,IT
2351,No,45274.00,Operations Analyst,Operations
2352,No,140990.00,Operations Analyst,Operations
2353,No,50326.00,Data Engineer,IT
2354,No,91048.00,Operations Analyst,Operations
2355,No,93823.00,Software Developer,IT
2356,No,57592.00,Operations Analyst,Operations
2357,No,107149.00,Data Engineer,IT
2358,No,52664.00,IT Manager,IT
2359,No,102933.00,Financial Analyst,Finance
2360,No,68025.00,Software Developer,IT
2361,No,54863.00,Accountant,Finance
2362,No,64276.00,System Admin,IT
2363,No,52681.00,DevOps Engineer,IT
2364,No,98705.00,Logistics,Operations
2365,No,85644.00,CFO,Finance
2366,No,57836.00,Operations Manager,Operations
2367,No,110559.00,DevOps Engineer,IT
2368,No,50541.00,Operations Director,Operations
2369,No,165740.00,System Admin,IT
2370,No,117096.00,Data Engineer,IT
2371,No,52286.00,Accountant,Finance
2372,No,88929.00,Logistics,Operations
2373,No,58164.00,Operations Analyst,Operations
2374,No,98617.00,System Admin,IT
2375,No,152058.00,Logistics,Operations
2376,No,144724.00,Operations Manager,Operations
2377,No,177615.00,System Admin,IT
2378,No,101195.00,DevOps Engineer,IT
2379,No,80213.00,Logistics,Operations
2380,No,42935.00,Supply Chain,Operations
2381,No,188258.00,IT Manager,IT
2382,No,152904.00,DevOps Engineer,IT
2383,No,155370.00,Financial Analyst,Finance
2384,No,59305.00,Software Developer,IT
2385,No,113427.00,DevOps Engineer,IT
2386,No,92393.00,IT Manager,IT
2387,No,97221.00,Operations Analyst,Operations
2388,No,55731.00,Supply Chain,Operations
2389,No,89400.00,CFO,Finance
2390,No,100184.00,Accountant,Finance
2391,No,84979.00,DevOps Engineer,IT
2392,No,107827.00,System Admin,IT
2393,No,73725.00,Operations Manager,Operations
2394,No,80456.00,Tax Specialist,Finance
2395,No,148113.00,DevOps Engineer,IT
2396,Yes,48194.00,Operations Analyst,Operations
2397,No,55815.00,Software Developer,IT
2398,No,165718.00,DevOps Engineer,IT
2399,No,87740.00,IT Manager,IT
2400,No,61990.00,CFO,Finance
2401,No,62165.00,Software Developer,IT
2402,No,55408.00,Tax Specialist,Finance
2403,No,127211.00,Supply Chain,Operations
2404,No,67019.00,Finance Manager,Finance
2405,No,42226.00,Logistics,Operations
2406,No,153486.00,Data Engineer,IT
2407,No,92059.00,Software Developer,IT
2408,No,154746.00,Supply Chain,Operations
2409,No,57233.00,IT Manager,IT
2410,No,89390.00,Operations Manager,Operations
2411,No,50677.00,DevOps Engineer,IT
2412,No,113496.00,CFO,Finance
2413,No,94616.00,Logistics,Operations
2414,No,180006.00,Data Engineer,IT
2415,No,52675.00,Operations Analyst,Operations
2416,No,96676.00,System Admin,IT
2417,No,65733.00,Software Developer,IT
2418,No,93571.00,Data Engineer,IT
2419,No,96666.00,Supply Chain,Operations
2420,No,56282.00,IT Manager,IT
2421,No,65634.00,Data Engineer,IT
2422,No,58243.00,System Admin,IT
2423,No,97542.00,Operations Manager,Operations
2424,No,101330.00,System Admin,IT
2425,No,54840.00,IT Manager,IT
2426,No,105946.00,Data Engineer,IT
2427,No,86702.00,IT Manager,IT
2428,No,135125.00,Operations Director,Operations
2429,No,94640.00,Logistics,Operations
2430,No,47224.00,Logistics,Operations
2431,No,48382.00,System Admin,IT
2432,No,57207.00,Operations Director,Operations
2433,No,43248.00,Logistics,Operations
2434,No,42589.00,Operations Director,Operations
2435,No,54223.00,Finance Manager,Finance
2436,No,47327.00,Operations Analyst,Operations
2437,No,107341.00,System Admin,IT
2438,No,47895.00,Logistics,Operations
2439,No,81829.00,CFO,Finance
2440,No,88313.00,Operations Analyst,Operations
2441,No,130241.00,Operations Manager,Operations
2442,No,45501.00,Operations Manager,Operations
2443,No,169622.00,Software Developer,IT
2444,No,137156.00,Operations Analyst,Operations
2445,Yes,88919.00,Tax Specialist,Finance
2446,No,56018.00,Data Engineer,IT
2447,No,53856.00,Data Engineer,IT
2448,No,56282.00,Logistics,Operations
2449,No,138609.00,Supply Chain,Operations
2450,No,184553.00,Financial Analyst,Finance
2451,No,177834.00,Software Developer,IT
2452,No,82516.00,Supply Chain,Operations
2453,No,53699.00,IT Manager,IT
2454,No,108328.00,Data Engineer,IT
2455,No,51129.00,CFO,Finance
2456,No,65401.00,DevOps Engineer,IT
2457,No,167547.00,Finance Manager,Finance
2458,No,155050.00,DevOps Engineer,IT
2459,No,171600.00,CFO,Finance
2460,No,169605.00,System Admin,IT
2461,No,54806.00,Data Engineer,IT
2462,No,109132.00,Data Engineer,IT
2463,No,70965.00,Data Engineer,IT
2464,No,114788.00,Operations Director,Operations
2465,No,125380.00,Operations Analyst,Operations
2466,No,160844.00,Operations Manager,Operations
2467,No,66014.00,CFO,Finance
2468,No,48888.00,Operations Director,Operations
2469,No,262362.00,Accountant,Finance
2470,No,52710.00,Operations Manager,Operations
2471,No,97280.00,Operations Director,Operations
2472,No,60222.00,Software Developer,IT
2473,No,76989.00,Operations Analyst,Operations
2474,No,105241.00,Data Engineer,IT
2475,No,88986.00,Supply Chain,Operations
2476,No,48225.00,CFO,Finance
2477,No,113934.00,IT Manager,IT
2478,No,84605.00,Data Engineer,IT
2479,No,97841.00,CFO,Finance
2480,No,110272.00,DevOps Engineer,IT
2481,No,250438.00,Finance Manager,Finance
2482,No,141773.00,Supply Chain,Operations
2483,No,130035.00,Data Engineer,IT
2484,No,146720.00,Operations Analyst,Operations
2485,Yes,52549.00,System Admin,IT
2486,No,169774.00,System Admin,IT
2487,No,69906.00,Data Engineer,IT
2489,No,54521.00,Software Developer,IT
2490,No,96509.00,Software Developer,IT
2491,No,167080.00,Data Engineer,IT
2492,No,47223.00,Operations Analyst,Operations
2493,No,94977.00,IT Manager,IT
2494,No,165303.00,IT Manager,IT
2495,No,61941.00,Financial Analyst,Finance
2496,No,70946.00,IT Manager,IT
2497,No,66205.00,System Admin,IT
2498,No,85032.00,Tax Specialist,Finance
2499,No,50748.00,Operations Director,Operations
2500,No,88270.00,Financial Analyst,Finance
2501,No,90985.00,Operations Director,Operations
2502,No,57919.00,Financial Analyst,Finance
2503,No,58906.00,Software Developer,IT
2504,No,46835.00,Finance Manager,Finance
2505,No,42370.00,Operations Director,Operations
2506,No,68555.00,Software Developer,IT
2507,No,49866.00,Data Engineer,IT
2508,No,102564.00,Tax Specialist,Finance
2509,Yes,44767.00,Financial Analyst,Finance
2510,No,154752.00,Finance Manager,Finance
2511,No,154347.00,Financial Analyst,Finance
2512,No,68731.00,Data Engineer,IT
2513,No,59323.00,DevOps Engineer,IT
2514,No,96320.00,IT Manager,IT
2515,No,98450.00,Operations Director,Operations
2516,No,95998.00,Operations Analyst,Operations
2517,No,58407.00,Operations Manager,Operations
2518,No,85822.00,Logistics,Operations
2519,No,62330.00,Data Engineer,IT
2520,No,88037.00,Operations Analyst,Operations
2521,No,110072.00,Finance Manager,Finance
2522,No,84840.00,DevOps Engineer,IT
2523,No,50692.00,Operations Manager,Operations
2524,No,59470.00,Operations Director,Operations
2525,No,68945.00,IT Manager,IT
2526,No,87872.00,Operations Director,Operations
2527,No,52380.00,Logistics,Operations
2528,No,78249.00,Operations Director,Operations
2529,No,172857.00,Accountant,Finance
2530,No,73674.00,Supply Chain,Operations
2531,Yes,95577.00,Logistics,Operations
2532,No,96841.00,System Admin,IT
2533,No,87446.00,Accountant,Finance
2534,No,81332.00,Logistics,Operations
2535,No,57673.00,Logistics,Operations
2536,No,49310.00,Financial Analyst,Finance
2537,No,168324.00,IT Manager,IT
2538,No,52725.00,Operations Analyst,Operations
2539,No,94597.00,IT Manager,IT
2540,No,89885.00,Financial Analyst,Finance
2541,No,44309.00,Logistics,Operations
2542,No,66381.00,Software Developer,IT
2543,No,94739.00,IT Manager,IT
2544,No,211590.00,Supply Chain,Operations
2545,No,95145.00,Logistics,Operations
2546,No,87061.00,Logistics,Operations
2547,No,98348.00,Logistics,Operations
2548,No,55267.00,Operations Director,Operations
2549,No,143817.00,Logistics,Operations
2550,No,57927.00,Software Developer,IT
2551,No,51228.00,Logistics,Operations
2552,No,163320.00,DevOps Engineer,IT
2553,No,47350.00,Supply Chain,Operations
2554,No,167002.00,System Admin,IT
2555,Yes,58149.00,DevOps Engineer,IT
2556,No,76721.00,Operations Director,Operations
2557,No,161638.00,Logistics,Operations
2558,No,265464.00,Data Engineer,IT
2559,No,275733.00,Software Developer,IT
2560,No,84906.00,Finance Manager,Finance
2561,No,97388.00,IT Manager,IT
2562,No,101845.00,Software Developer,IT
2563,No,51304.00,Logistics,Operations
2564,No,132883.00,Supply Chain,Operations
2565,No,50663.00,Operations Analyst,Operations
2566,No,119463.00,System Admin,IT
2567,No,105914.00,System Admin,IT
2568,No,87016.00,IT Manager,IT
2569,No,44444.00,Logistics,Operations
2570,No,174504.00,DevOps Engineer,IT
2571,No,102371.00,Tax Specialist,Finance
2572,No,89700.00,System Admin,IT
2573,No,105424.00,Data Engineer,IT
2596,No,253986.00,Data Engineer,IT
2574,No,58522.00,DevOps Engineer,IT
2575,No,60794.00,DevOps Engineer,IT
2576,No,92580.00,System Admin,IT
2577,No,52631.00,System Admin,IT
2578,No,90136.00,Software Developer,IT
2579,No,56537.00,System Admin,IT
2580,No,165600.00,Accountant,Finance
2581,No,145961.00,DevOps Engineer,IT
2582,No,67078.00,DevOps Engineer,IT
2583,No,69042.00,CFO,Finance
2584,No,143595.00,System Admin,IT
2585,No,72000.00,System Admin,IT
2586,No,70239.00,Data Engineer,IT
2587,No,59130.00,Tax Specialist,Finance
2588,No,67785.00,DevOps Engineer,IT
2589,No,100168.00,IT Manager,IT
2590,No,54178.00,Tax Specialist,Finance
2591,No,137236.00,Operations Manager,Operations
2592,No,92349.00,Financial Analyst,Finance
2593,No,182582.00,Software Developer,IT
2594,No,59607.00,System Admin,IT
2595,No,106179.00,Data Engineer,IT
2597,No,137759.00,Operations Analyst,Operations
2598,No,54566.00,Software Developer,IT
2599,No,84994.00,Tax Specialist,Finance
2600,No,65519.00,System Admin,IT
2601,No,81019.00,Operations Director,Operations
2602,No,91205.00,System Admin,IT
2603,No,164238.00,Operations Analyst,Operations
2604,No,82923.00,Supply Chain,Operations
2605,No,92764.00,Supply Chain,Operations
2606,No,48966.00,Operations Analyst,Operations
2607,No,89461.00,Supply Chain,Operations
2608,No,59292.00,System Admin,IT
2609,No,53201.00,Software Developer,IT
2610,No,95609.00,Supply Chain,Operations
2611,No,42291.00,Supply Chain,Operations
2612,No,81279.00,Operations Director,Operations
2613,No,149331.00,Software Developer,IT
2614,No,95594.00,Data Engineer,IT
2615,No,56284.00,Financial Analyst,Finance
2616,No,81812.00,Logistics,Operations
2617,No,78486.00,Operations Manager,Operations
2618,No,97066.00,Finance Manager,Finance
2619,Yes,190606.00,Logistics,Operations
2620,No,107383.00,Finance Manager,Finance
2621,No,88772.00,Logistics,Operations
2622,No,104230.00,Data Engineer,IT
2623,No,108790.00,Software Developer,IT
2624,No,106918.00,DevOps Engineer,IT
2625,No,59514.00,Data Engineer,IT
2626,No,157363.00,Software Developer,IT
2627,No,92725.00,Operations Analyst,Operations
2628,No,127735.00,Operations Manager,Operations
2629,No,112916.00,DevOps Engineer,IT
2630,No,75033.00,Operations Analyst,Operations
2631,No,90132.00,IT Manager,IT
2632,No,88027.00,Finance Manager,Finance
2633,No,68094.00,IT Manager,IT
2634,No,116050.00,IT Manager,IT
2635,No,145137.00,Data Engineer,IT
2636,No,170495.00,CFO,Finance
2637,No,53093.00,Tax Specialist,Finance
2638,No,56634.00,Tax Specialist,Finance
2639,No,59117.00,DevOps Engineer,IT
2640,No,191895.00,Data Engineer,IT
2641,No,84505.00,Operations Analyst,Operations
2642,No,106000.00,IT Manager,IT
2643,No,87709.00,Operations Manager,Operations
2644,No,107332.00,Data Engineer,IT
2645,No,59983.00,Data Engineer,IT
2646,No,57697.00,Logistics,Operations
2647,No,107539.00,System Admin,IT
2648,No,110106.00,Finance Manager,Finance
2649,No,150624.00,Data Engineer,IT
2650,No,54939.00,Logistics,Operations
2651,No,73950.00,Operations Analyst,Operations
2652,No,165795.00,Logistics,Operations
2653,No,117031.00,Finance Manager,Finance
2654,No,55235.00,Operations Director,Operations
2655,No,89640.00,DevOps Engineer,IT
2656,No,47360.00,Logistics,Operations
2657,No,116990.00,Software Developer,IT
2658,No,98103.00,Tax Specialist,Finance
2659,No,90218.00,Finance Manager,Finance
2660,No,259624.00,Supply Chain,Operations
2661,No,50386.00,Operations Director,Operations
2662,No,90251.00,IT Manager,IT
2663,No,92541.00,Data Engineer,IT
2664,No,191829.00,Data Engineer,IT
2665,No,183291.00,CFO,Finance
2666,No,165731.00,Finance Manager,Finance
2667,No,109780.00,System Admin,IT
2668,No,74699.00,IT Manager,IT
2669,No,59232.00,Data Engineer,IT
2670,Yes,104638.00,CFO,Finance
2671,No,74896.00,Operations Director,Operations
2672,No,50158.00,Accountant,Finance
2673,No,69214.00,Data Engineer,IT
2674,No,136096.00,Accountant,Finance
2675,No,52877.00,Accountant,Finance
2676,No,55927.00,Supply Chain,Operations
2677,No,159482.00,Operations Analyst,Operations
2678,No,55583.00,Software Developer,IT
2679,No,95525.00,Software Developer,IT
2680,No,75103.00,Operations Director,Operations
2681,No,182719.00,IT Manager,IT
2682,No,147415.00,Logistics,Operations
2683,No,285544.00,Data Engineer,IT
2684,No,58124.00,Operations Manager,Operations
2685,No,174589.00,System Admin,IT
2686,No,42560.00,Supply Chain,Operations
2687,No,170259.00,DevOps Engineer,IT
2688,No,195801.00,Data Engineer,IT
2689,No,264642.00,Logistics,Operations
2690,No,49552.00,System Admin,IT
2691,No,55567.00,System Admin,IT
2692,No,56155.00,Operations Manager,Operations
2693,No,57759.00,System Admin,IT
2694,No,105982.00,Data Engineer,IT
2695,No,66046.00,System Admin,IT
2696,No,57433.00,Operations Director,Operations
2697,No,100720.00,Data Engineer,IT
2698,No,88017.00,Operations Manager,Operations
2699,No,112224.00,Software Developer,IT
2700,No,56065.00,Logistics,Operations
2701,No,52800.00,Tax Specialist,Finance
2702,No,138377.00,Operations Manager,Operations
2703,No,56413.00,Software Developer,IT
2704,No,259428.00,IT Manager,IT
2705,No,76871.00,Operations Manager,Operations
2706,No,105846.00,System Admin,IT
2707,No,104028.00,Finance Manager,Finance
2708,No,90037.00,Supply Chain,Operations
2709,No,90344.00,DevOps Engineer,IT
2710,No,55995.00,Data Engineer,IT
2711,No,161591.00,CFO,Finance
2712,No,95949.00,Finance Manager,Finance
2713,No,40542.00,Logistics,Operations
2714,No,100335.00,CFO,Finance
2715,No,60746.00,Operations Director,Operations
2716,No,51669.00,Operations Analyst,Operations
2717,No,111018.00,DevOps Engineer,IT
2718,No,101250.00,DevOps Engineer,IT
2719,No,158136.00,System Admin,IT
2720,No,156344.00,CFO,Finance
2721,No,82454.00,Supply Chain,Operations
2722,No,105781.00,IT Manager,IT
2723,No,101604.00,Finance Manager,Finance
2724,No,55514.00,Operations Director,Operations
2725,No,88880.00,Logistics,Operations
2726,No,177589.00,DevOps Engineer,IT
2727,No,82373.00,Financial Analyst,Finance
2728,No,41743.00,Supply Chain,Operations
2729,No,83663.00,Operations Analyst,Operations
2730,No,164903.00,Logistics,Operations
2731,No,52066.00,Data Engineer,IT
2732,No,103027.00,Supply Chain,Operations
2733,No,100408.00,Accountant,Finance
2734,No,55994.00,Tax Specialist,Finance
2735,No,66554.00,Finance Manager,Finance
2736,No,105011.00,Supply Chain,Operations
2737,No,59082.00,DevOps Engineer,IT
2738,No,158788.00,Operations Analyst,Operations
2739,No,64179.00,System Admin,IT
2740,No,97234.00,Tax Specialist,Finance
2741,Yes,56573.00,DevOps Engineer,IT
2742,No,85954.00,IT Manager,IT
2743,No,132338.00,DevOps Engineer,IT
2744,No,151085.00,DevOps Engineer,IT
2745,No,56315.00,Software Developer,IT
2746,No,45595.00,Operations Analyst,Operations
2747,No,51524.00,Operations Director,Operations
2899,No,56116.00,DevOps Engineer,IT
2748,No,50079.00,Operations Manager,Operations
2749,No,59400.00,Logistics,Operations
2750,No,59211.00,Financial Analyst,Finance
2751,No,44887.00,Operations Analyst,Operations
2752,No,111295.00,Tax Specialist,Finance
2753,No,150350.00,Logistics,Operations
2754,No,68351.00,DevOps Engineer,IT
2755,No,50014.00,Tax Specialist,Finance
2756,No,63921.00,System Admin,IT
2757,Yes,49395.00,Data Engineer,IT
2758,Yes,45041.00,Finance Manager,Finance
2759,No,87307.00,Supply Chain,Operations
2760,No,98840.00,DevOps Engineer,IT
2761,No,69830.00,Software Developer,IT
2762,No,172212.00,Operations Manager,Operations
2763,No,40275.00,Supply Chain,Operations
2764,No,49421.00,CFO,Finance
2765,No,68004.00,IT Manager,IT
2766,No,153924.00,Data Engineer,IT
2767,No,101247.00,System Admin,IT
2768,No,51180.00,Operations Director,Operations
2769,No,86103.00,Data Engineer,IT
2770,No,49401.00,Supply Chain,Operations
2771,No,97951.00,Financial Analyst,Finance
2772,No,83989.00,Data Engineer,IT
2773,No,86317.00,Data Engineer,IT
2774,No,277344.00,Tax Specialist,Finance
2775,No,183850.00,Data Engineer,IT
2776,No,66921.00,DevOps Engineer,IT
2777,No,64274.00,DevOps Engineer,IT
2778,No,174192.00,Accountant,Finance
2779,No,53111.00,Operations Analyst,Operations
2780,No,88664.00,DevOps Engineer,IT
2781,No,93630.00,Operations Director,Operations
2782,No,63026.00,Software Developer,IT
2783,No,98050.00,Logistics,Operations
2784,No,105041.00,Operations Director,Operations
2785,No,161823.00,Accountant,Finance
2786,No,48988.00,Finance Manager,Finance
2787,No,52162.00,Supply Chain,Operations
2788,No,94111.00,Operations Manager,Operations
2789,No,43542.00,Supply Chain,Operations
2790,No,107809.00,Tax Specialist,Finance
2791,No,164887.00,Data Engineer,IT
2792,No,98971.00,Logistics,Operations
2793,No,156435.00,Operations Manager,Operations
2794,No,95087.00,Operations Analyst,Operations
2795,No,181915.00,Software Developer,IT
2796,No,140477.00,Data Engineer,IT
2797,No,98410.00,Tax Specialist,Finance
2798,No,60632.00,Operations Analyst,Operations
2799,No,54319.00,Software Developer,IT
2800,No,86507.00,Data Engineer,IT
2801,No,85906.00,Data Engineer,IT
2802,Yes,100410.00,Logistics,Operations
2803,No,53823.00,System Admin,IT
2804,No,72003.00,IT Manager,IT
2805,No,141869.00,Software Developer,IT
2806,No,49163.00,Operations Manager,Operations
2807,No,171736.00,Operations Analyst,Operations
2808,No,46863.00,Operations Analyst,Operations
2809,No,97282.00,System Admin,IT
2810,No,105867.00,System Admin,IT
2811,No,115189.00,Data Engineer,IT
2812,No,48177.00,Operations Analyst,Operations
2813,No,157038.00,Data Engineer,IT
2814,No,97843.00,Data Engineer,IT
2815,No,98874.00,CFO,Finance
2816,No,156170.00,System Admin,IT
2817,No,98497.00,Finance Manager,Finance
2818,No,48732.00,Operations Director,Operations
2819,No,91136.00,Operations Analyst,Operations
2820,No,48991.00,Finance Manager,Finance
2821,No,89749.00,DevOps Engineer,IT
2822,No,142484.00,Finance Manager,Finance
2823,No,156876.00,System Admin,IT
2824,No,95089.00,Operations Director,Operations
2825,No,133274.00,Supply Chain,Operations
2826,No,144823.00,Supply Chain,Operations
2827,No,154782.00,Financial Analyst,Finance
2828,No,78989.00,Operations Analyst,Operations
2829,No,60449.00,Accountant,Finance
2830,No,44893.00,Logistics,Operations
2831,No,60996.00,Finance Manager,Finance
2832,No,167242.00,DevOps Engineer,IT
2833,No,149888.00,CFO,Finance
2834,No,52246.00,Software Developer,IT
2835,No,145647.00,IT Manager,IT
2836,No,82481.00,Logistics,Operations
2837,No,100073.00,Financial Analyst,Finance
2838,No,103087.00,Data Engineer,IT
2839,No,55270.00,System Admin,IT
2840,No,275545.00,Software Developer,IT
2841,No,92549.00,IT Manager,IT
2842,No,102623.00,IT Manager,IT
2843,No,49361.00,Operations Manager,Operations
2844,No,165486.00,Accountant,Finance
2845,No,60417.00,Tax Specialist,Finance
2846,No,96445.00,Accountant,Finance
2847,No,140752.00,Software Developer,IT
2848,No,169826.00,Data Engineer,IT
2849,No,46690.00,Financial Analyst,Finance
2850,No,92637.00,Software Developer,IT
2851,No,163033.00,DevOps Engineer,IT
2852,No,56782.00,DevOps Engineer,IT
2853,No,94721.00,Data Engineer,IT
2854,No,60814.00,IT Manager,IT
2855,No,101765.00,Financial Analyst,Finance
2856,No,49700.00,Operations Manager,Operations
2857,No,72898.00,Supply Chain,Operations
2858,No,90219.00,Accountant,Finance
2859,No,58377.00,Financial Analyst,Finance
2860,No,53318.00,Finance Manager,Finance
2861,No,105277.00,System Admin,IT
2862,No,136310.00,IT Manager,IT
2863,No,59079.00,Supply Chain,Operations
2864,No,93880.00,Supply Chain,Operations
2865,No,94968.00,Operations Manager,Operations
2866,No,56464.00,System Admin,IT
2867,No,98136.00,IT Manager,IT
2868,No,47323.00,Accountant,Finance
2869,No,47088.00,Operations Director,Operations
2870,No,49172.00,Software Developer,IT
2871,No,104971.00,Data Engineer,IT
2872,No,84049.00,Financial Analyst,Finance
2873,No,51004.00,System Admin,IT
2874,No,55260.00,Supply Chain,Operations
2875,No,145160.00,IT Manager,IT
2876,No,119013.00,Logistics,Operations
2877,No,49755.00,Data Engineer,IT
2878,No,42836.00,Operations Manager,Operations
2879,No,99147.00,Software Developer,IT
2880,No,153040.00,Supply Chain,Operations
2881,No,69014.00,Financial Analyst,Finance
2882,No,101310.00,Data Engineer,IT
2883,No,152706.00,Software Developer,IT
2884,No,98484.00,Supply Chain,Operations
2885,No,145317.00,Operations Director,Operations
2886,Yes,86527.00,Operations Manager,Operations
2887,No,156767.00,System Admin,IT
2888,No,114086.00,CFO,Finance
2889,No,54457.00,Data Engineer,IT
2890,No,58503.00,Operations Director,Operations
2891,No,51780.00,Operations Manager,Operations
2892,No,162091.00,Finance Manager,Finance
2893,No,52255.00,Software Developer,IT
2894,No,87113.00,System Admin,IT
2895,No,62453.00,Logistics,Operations
2896,No,251588.00,IT Manager,IT
2897,No,157384.00,Accountant,Finance
2898,No,81338.00,Supply Chain,Operations
2900,No,260740.00,IT Manager,IT
2901,No,141149.00,DevOps Engineer,IT
2902,No,109279.00,Data Engineer,IT
2903,No,55765.00,Data Engineer,IT
2904,No,99115.00,Operations Manager,Operations
2905,No,59389.00,IT Manager,IT
2906,No,99264.00,Software Developer,IT
2907,No,90244.00,Operations Manager,Operations
2908,No,86620.00,Finance Manager,Finance
2909,No,96316.00,System Admin,IT
2910,No,174574.00,Tax Specialist,Finance
2911,No,69813.00,CFO,Finance
2912,No,67818.00,Data Engineer,IT
2913,No,77168.00,Operations Director,Operations
2914,No,138903.00,System Admin,IT
2915,No,47982.00,Accountant,Finance
2916,No,137006.00,Supply Chain,Operations
2917,No,92211.00,System Admin,IT
2918,No,133700.00,Operations Director,Operations
2919,No,91650.00,Operations Manager,Operations
2920,No,53473.00,Software Developer,IT
2921,No,57396.00,Operations Manager,Operations
2922,No,66762.00,Finance Manager,Finance
2923,No,52959.00,DevOps Engineer,IT
2924,No,84624.00,System Admin,IT
2925,No,89199.00,Operations Manager,Operations
2926,No,74165.00,Operations Manager,Operations
2927,No,109794.00,Operations Analyst,Operations
2928,No,95934.00,Operations Director,Operations
2929,No,104124.00,IT Manager,IT
2930,No,60946.00,System Admin,IT
2931,No,112476.00,Software Developer,IT
2932,No,95309.00,DevOps Engineer,IT
2933,No,174267.00,IT Manager,IT
2934,No,76866.00,Operations Manager,Operations
2935,No,106234.00,IT Manager,IT
2936,No,167372.00,Logistics,Operations
2937,No,48701.00,Logistics,Operations
2938,No,42291.00,Operations Manager,Operations
2939,No,94174.00,CFO,Finance
2940,No,51000.00,Accountant,Finance
2941,No,41563.00,Logistics,Operations
2942,No,139854.00,Financial Analyst,Finance
2943,No,69769.00,Software Developer,IT
2944,No,84482.00,Supply Chain,Operations
2945,No,61023.00,System Admin,IT
2946,No,209634.00,Tax Specialist,Finance
2947,No,52881.00,Tax Specialist,Finance
2948,No,168601.00,Logistics,Operations
2949,No,66292.00,CFO,Finance
2950,No,46572.00,Logistics,Operations
2951,No,90587.00,System Admin,IT
2952,No,59705.00,Data Engineer,IT
2953,No,60232.00,Financial Analyst,Finance
2954,No,167091.00,DevOps Engineer,IT
2955,No,59193.00,CFO,Finance
2956,No,57558.00,Finance Manager,Finance
2957,No,166871.00,IT Manager,IT
2958,No,99174.00,Finance Manager,Finance
2959,No,154477.00,Operations Analyst,Operations
2960,No,88696.00,Logistics,Operations
2961,No,87485.00,Operations Director,Operations
2962,No,90132.00,System Admin,IT
2963,No,54267.00,Tax Specialist,Finance
2964,No,163031.00,DevOps Engineer,IT
2965,No,56457.00,Supply Chain,Operations
2966,No,92515.00,Software Developer,IT
2967,Yes,44842.00,Operations Manager,Operations
2968,No,109871.00,Data Engineer,IT
2969,No,90168.00,DevOps Engineer,IT
2970,No,95510.00,CFO,Finance
2971,No,129309.00,Operations Director,Operations
2972,No,60343.00,Logistics,Operations
2973,No,56248.00,Logistics,Operations
2974,No,53119.00,Operations Director,Operations
2975,No,64727.00,CFO,Finance
2976,No,265589.00,Operations Analyst,Operations
2977,No,88115.00,DevOps Engineer,IT
2978,No,88829.00,Accountant,Finance
2979,No,43692.00,Operations Director,Operations
2980,No,154071.00,IT Manager,IT
2981,No,57134.00,Supply Chain,Operations
2982,No,43524.00,Operations Director,Operations
2983,No,95771.00,Supply Chain,Operations
2984,No,64688.00,Accountant,Finance
2985,No,46206.00,Operations Manager,Operations
2986,No,149227.00,CFO,Finance
2987,No,54912.00,Finance Manager,Finance
2988,No,110546.00,Tax Specialist,Finance
2989,No,51291.00,Operations Manager,Operations
2990,No,94911.00,DevOps Engineer,IT
2991,No,86400.00,Logistics,Operations
2992,No,153217.00,Data Engineer,IT
2993,No,257128.00,Tax Specialist,Finance
2994,No,50354.00,CFO,Finance
2995,No,127319.00,Logistics,Operations
2996,No,49014.00,Operations Analyst,Operations
2997,No,52599.00,Supply Chain,Operations
2998,No,83971.00,Operations Director,Operations
2999,No,94095.00,Software Developer,IT
3000,No,60256.00,System Admin,IT
19,No,40227.00,Sales Manager,Sales
26,No,42306.00,R&D Manager,Research & Development
30,No,23265.00,Sales Manager,Sales
66,No,27588.00,R&D Manager,Research & Development
106,No,46860.00,Recruitment Manager,Human Resources
113,No,4686.00,Recruitment Manager,Human Resources
353,No,17490.00,Sales Manager,Sales
117,No,44682.00,R&D Manager,Research & Development
120,No,13002.00,Sales Manager,Sales
148,No,28281.00,R&D Manager,Research & Development
166,No,47916.00,R&D Manager,Research & Development
187,No,32637.00,R&D Manager,Research & Development
191,No,23067.00,R&D Manager,Research & Development
195,No,39435.00,R&D Manager,Research & Development
216,No,29568.00,Sales Manager,Sales
232,No,17556.00,R&D Manager,Research & Development
234,No,28182.00,Sales Manager,Sales
236,No,34122.00,Sales Manager,Sales
238,No,25443.00,Sales Manager,Sales
245,No,8316.00,R&D Manager,Research & Development
264,No,16104.00,Sales Manager,Sales
271,No,14916.00,R&D Manager,Research & Development
272,Yes,21978.00,R&D Manager,Research & Development
277,No,43395.00,R&D Manager,Research & Development
301,No,11022.00,Sales Manager,Sales
314,No,18249.00,R&D Manager,Research & Development
315,No,3861.00,R&D Manager,Research & Development
327,No,22176.00,R&D Manager,Research & Development
380,No,43263.00,R&D Manager,Research & Development
401,No,40194.00,R&D Manager,Research & Development
409,No,49170.00,R&D Manager,Research & Development
412,No,13926.00,R&D Manager,Research & Development
418,No,46134.00,Sales Manager,Sales
425,No,6930.00,Sales Manager,Sales
426,No,36267.00,R&D Manager,Research & Development
436,Yes,42141.00,R&D Manager,Research & Development
446,No,36861.00,Sales Manager,Sales
457,No,22704.00,Sales Manager,Sales
467,No,42108.00,Sales Manager,Sales
478,No,41118.00,Recruitment Manager,Human Resources
493,No,40788.00,R&D Manager,Research & Development
498,No,43395.00,R&D Manager,Research & Development
536,No,14091.00,Recruitment Manager,Human Resources
539,No,10362.00,Recruitment Manager,Human Resources
562,No,20493.00,Sales Manager,Sales
569,Yes,23925.00,R&D Manager,Research & Development
585,No,18810.00,R&D Manager,Research & Development
593,No,6666.00,R&D Manager,Research & Development
617,No,43494.00,Sales Manager,Sales
654,No,29073.00,R&D Manager,Research & Development
700,No,34749.00,R&D Manager,Research & Development
702,No,45408.00,Sales Manager,Sales
711,No,23826.00,Sales Manager,Sales
742,No,8745.00,Sales Manager,Sales
750,Yes,8778.00,Sales Manager,Sales
756,No,40722.00,Sales Manager,Sales
759,No,35937.00,Sales Manager,Sales
775,No,14652.00,R&D Manager,Research & Development
800,No,15477.00,R&D Manager,Research & Development
805,No,41646.00,R&D Manager,Research & Development
811,No,13398.00,Sales Manager,Sales
852,No,23694.00,R&D Manager,Research & Development
859,No,40359.00,R&D Manager,Research & Development
862,No,46266.00,Sales Manager,Sales
868,No,46893.00,R&D Manager,Research & Development
900,No,36234.00,R&D Manager,Research & Development
908,No,36267.00,Sales Manager,Sales
914,Yes,47817.00,Sales Manager,Sales
917,No,5544.00,Sales Manager,Sales
919,No,7821.00,Sales Manager,Sales
923,No,39567.00,R&D Manager,Research & Development
937,No,12012.00,R&D Manager,Research & Development
938,No,13596.00,R&D Manager,Research & Development
949,No,20922.00,R&D Manager,Research & Development
955,No,16335.00,R&D Manager,Research & Development
956,No,9306.00,R&D Manager,Research & Development
957,No,6798.00,Recruitment Manager,Human Resources
963,No,25410.00,Recruitment Manager,Human Resources
1000,No,37851.00,Recruitment Manager,Human Resources
1076,No,16335.00,R&D Manager,Research & Development
1077,No,34650.00,R&D Manager,Research & Development
1081,No,7524.00,Sales Manager,Sales
1097,No,29634.00,Recruitment Manager,Human Resources
1117,No,22605.00,Sales Manager,Sales
1127,No,8712.00,Sales Manager,Sales
1130,No,34947.00,R&D Manager,Research & Development
1136,No,18579.00,Sales Manager,Sales
1155,No,38808.00,Recruitment Manager,Human Resources
1167,No,12045.00,R&D Manager,Research & Development
1185,No,19272.00,R&D Manager,Research & Development
1195,No,40425.00,Sales Manager,Sales
1196,No,26697.00,R&D Manager,Research & Development
1243,No,20163.00,Sales Manager,Sales
1276,No,31086.00,R&D Manager,Research & Development
1302,No,11550.00,Sales Manager,Sales
1331,No,27159.00,R&D Manager,Research & Development
1349,No,37521.00,R&D Manager,Research & Development
1352,No,3861.00,R&D Manager,Research & Development
1375,No,19965.00,Sales Manager,Sales
1402,No,6237.00,Recruitment Manager,Human Resources
1438,No,3465.00,R&D Manager,Research & Development
1444,No,9900.00,R&D Manager,Research & Development
