id_empleado,num_empleado,puesto,edad,estatus_baja,sueldo_mensual,flag_horas_extra,indice_permanencia_rol
EMP0000002,2,Research Scientist,49,No,9207,0,70.0
EMP0000004,4,Research Scientist,33,No,45936,1,87.5
EMP0000005,5,Laboratory Technician,27,No,19503,0,33.33
EMP0000006,6,Laboratory Technician,32,No,33165,0,87.5
EMP0000007,7,Laboratory Technician,59,No,43692,1,0.0
EMP0000008,8,Laboratory Technician,30,No,44814,0,0.0
EMP0000009,9,Manufacturing Director,38,No,7128,0,70.0
EMP0000010,10,Healthcare Representative,36,No,42867,0,41.18
EMP0000011,11,Laboratory Technician,35,No,26697,0,66.67
EMP0000012,12,Laboratory Technician,29,No,5049,1,50.0
EMP0000013,13,Research Scientist,31,No,22110,0,40.0
EMP0000014,14,Laboratory Technician,34,No,44418,0,66.67
EMP0000016,16,Manufacturing Director,29,No,45837,0,90.0
EMP0000017,17,Research Scientist,32,No,11022,1,28.57
EMP0000018,18,Laboratory Technician,22,No,37059,1,0.0
EMP0000019,19,Manager,53,No,40227,0,25.81
EMP0000020,20,Research Scientist,38,No,12243,1,33.33
EMP0000021,21,Manufacturing Director,24,No,22209,0,40.0
EMP0000023,23,Research Director,34,No,13827,0,46.15
EMP0000024,24,Research Scientist,21,No,12903,0,
EMP0000026,26,Manager,53,No,42306,0,50.0
EMP0000028,28,Sales Executive,42,No,22803,0,70.0
EMP0000029,29,Healthcare Representative,44,No,15741,0,25.0
EMP0000030,30,Manager,46,No,23265,0,9.09
EMP0000031,31,Laboratory Technician,33,No,30492,0,14.29
EMP0000032,32,Healthcare Representative,44,No,48147,1,22.22
EMP0000033,33,Laboratory Technician,30,No,4125,0,0.0
EMP0000036,36,Research Scientist,43,No,42009,0,50.0
EMP0000038,38,Sales Representative,35,No,29370,0,100.0
EMP0000039,39,Research Scientist,36,No,28116,1,16.67
EMP0000040,40,Sales Executive,33,No,37653,0,30.0
EMP0000041,41,Laboratory Technician,35,No,15312,0,0.0
EMP0000042,42,Laboratory Technician,27,No,40920,0,0.0
EMP0000044,44,Sales Executive,27,No,32802,0,88.89
EMP0000045,45,Laboratory Technician,30,No,23793,0,66.67
EMP0000047,47,Sales Executive,34,No,35145,0,50.0
EMP0000048,48,Research Scientist,37,No,13464,0,0.0
EMP0000049,49,Sales Executive,46,No,39963,1,42.86
EMP0000050,50,Laboratory Technician,35,No,40557,0,0.0
EMP0000053,53,Sales Executive,44,No,49104,1,33.33
EMP0000054,54,Healthcare Representative,35,No,36201,1,0.0
EMP0000055,55,Sales Executive,26,No,47619,1,40.0
EMP0000056,56,Research Director,33,No,16995,1,93.33
EMP0000057,57,Sales Executive,35,No,28149,0,88.89
EMP0000058,58,Laboratory Technician,35,No,37686,1,50.0
EMP0000059,59,Laboratory Technician,31,No,21615,0,70.0
EMP0000060,60,Manufacturing Director,37,No,36795,0,71.43
EMP0000061,61,Manufacturing Director,32,No,14091,1,88.89
EMP0000062,62,Laboratory Technician,38,No,21549,0,30.0
EMP0000063,63,Research Director,50,No,32637,1,10.34
EMP0000064,64,Sales Executive,59,No,47355,0,57.14
EMP0000065,65,Healthcare Representative,36,No,40359,0,82.35
EMP0000066,66,Manager,55,No,27588,1,0.0
EMP0000067,67,Manufacturing Director,36,No,39435,0,83.33
EMP0000068,68,Research Scientist,45,No,44187,0,0.0
EMP0000069,69,Research Scientist,35,No,21912,0,40.0
EMP0000071,71,Sales Executive,59,No,40425,0,15.0
EMP0000072,72,Research Scientist,29,No,43824,0,66.67
EMP0000073,73,Research Scientist,31,No,35706,0,100.0
EMP0000074,74,Research Scientist,32,No,18084,0,40.0
EMP0000075,75,Laboratory Technician,36,No,4356,0,0.0
EMP0000076,76,Manufacturing Director,31,No,24618,0,63.64
EMP0000077,77,Sales Executive,35,No,25608,0,81.25
EMP0000078,78,Research Director,45,No,6369,1,0.0
EMP0000079,79,Research Director,37,No,13101,0,12.5
EMP0000080,80,Human Resources,46,No,31185,1,12.5
EMP0000081,81,Laboratory Technician,30,No,28116,1,80.0
EMP0000082,82,Research Scientist,35,No,40062,0,66.67
EMP0000083,83,Sales Executive,55,No,3663,0,0.0
EMP0000084,84,Research Scientist,38,No,18909,1,64.71
EMP0000085,85,Manufacturing Director,34,No,38049,0,40.0
EMP0000086,86,Manufacturing Director,56,No,46200,0,10.81
EMP0000087,87,Sales Representative,23,No,17853,0,0.0
EMP0000088,88,Laboratory Technician,51,No,14256,0,20.0
EMP0000089,89,Healthcare Representative,30,No,9504,0,90.91
EMP0000091,91,Healthcare Representative,40,No,17490,0,13.64
EMP0000092,92,Sales Executive,51,No,20856,1,63.64
EMP0000093,93,Sales Executive,30,No,44022,1,72.73
EMP0000094,94,Healthcare Representative,46,No,21054,1,42.86
EMP0000095,95,Sales Executive,32,No,36069,0,66.67
EMP0000096,96,Research Director,54,No,40161,0,18.75
EMP0000097,97,Sales Executive,24,No,44649,0,50.0
EMP0000098,98,Sales Executive,28,No,3960,0,80.0
EMP0000099,99,Sales Executive,58,No,22506,0,26.32
EMP0000100,100,Laboratory Technician,44,No,16137,0,11.76
EMP0000102,102,Research Scientist,32,No,27291,0,0.0
EMP0000104,104,Research Scientist,34,No,21945,0,81.25
EMP0000105,105,Healthcare Representative,37,No,34320,0,0.0
EMP0000106,106,Manager,59,No,46860,0,6.67
EMP0000107,107,Research Director,50,No,36795,1,10.71
EMP0000109,109,Research Scientist,25,No,42240,0,100.0
EMP0000110,110,Laboratory Technician,22,No,17622,0,0.0
EMP0000111,111,Healthcare Representative,51,No,48048,0,52.17
EMP0000113,113,Manager,54,No,4686,1,13.04
EMP0000114,114,Laboratory Technician,24,No,37191,0,50.0
EMP0000115,115,Research Scientist,34,No,34023,0,0.0
EMP0000116,116,Sales Executive,37,No,39237,0,25.0
EMP0000117,117,Manager,34,No,44682,0,71.43
EMP0000118,118,Sales Executive,36,No,48411,0,70.0
EMP0000119,119,Laboratory Technician,36,No,30426,0,0.0
EMP0000120,120,Manager,43,No,13002,1,48.0
EMP0000121,121,Research Scientist,30,No,43296,0,70.0
EMP0000122,122,Sales Executive,33,No,24750,0,87.5
EMP0000124,124,Research Director,51,No,22572,0,78.26
EMP0000126,126,Research Scientist,26,No,27753,0,80.0
EMP0000129,129,Laboratory Technician,22,No,19602,0,33.33
EMP0000130,130,Manufacturing Director,49,No,15510,0,68.75
EMP0000131,131,Research Scientist,43,No,31581,0,11.11
EMP0000132,132,Sales Executive,50,No,26697,0,12.5
EMP0000134,134,Sales Executive,41,No,26466,1,58.33
EMP0000135,135,Human Resources,26,No,44715,0,87.5
EMP0000136,136,Manufacturing Director,36,No,7128,0,28.57
EMP0000138,138,Sales Executive,39,No,43857,0,64.71
EMP0000139,139,Sales Executive,25,No,31647,0,33.33
EMP0000140,140,Human Resources,30,No,40920,1,75.0
EMP0000142,142,Research Scientist,45,No,43428,0,55.56
EMP0000143,143,Research Scientist,38,No,12012,1,10.53
EMP0000144,144,Research Scientist,30,No,14454,0,80.0
EMP0000145,145,Sales Executive,32,No,22737,0,77.78
EMP0000146,146,Research Scientist,30,No,6633,0,25.0
EMP0000147,147,Laboratory Technician,30,No,47091,0,50.0
EMP0000148,148,Manager,41,No,28281,0,28.57
EMP0000149,149,Laboratory Technician,41,No,30789,0,0.0
EMP0000150,150,Laboratory Technician,19,No,38973,0,0.0
EMP0000151,151,Research Scientist,40,No,46035,0,35.0
EMP0000152,152,Sales Executive,35,No,21846,0,80.0
EMP0000153,153,Sales Representative,53,No,47388,1,53.85
EMP0000154,154,Laboratory Technician,45,No,6402,0,45.0
EMP0000155,155,Sales Executive,32,No,31911,0,88.89
EMP0000156,156,Manufacturing Director,29,No,49368,0,70.0
EMP0000157,157,Manufacturing Director,51,No,38577,0,0.0
EMP0000158,158,Research Scientist,58,No,37785,1,0.0
EMP0000159,159,Sales Executive,40,No,20790,0,73.33
EMP0000160,160,Sales Representative,34,No,9999,0,50.0
EMP0000161,161,Research Scientist,22,No,41448,0,100.0
EMP0000162,162,Research Scientist,27,No,22803,0,33.33
EMP0000163,163,Research Scientist,28,No,14520,0,40.0
EMP0000164,164,Healthcare Representative,57,No,11022,1,25.0
EMP0000165,165,Research Scientist,27,No,47850,1,100.0
EMP0000166,166,Manager,50,No,47916,0,19.05
EMP0000167,167,Research Scientist,41,No,15345,0,61.54
EMP0000168,168,Sales Executive,30,No,44187,0,75.0
EMP0000169,169,Sales Executive,38,No,23166,0,25.0
EMP0000170,170,Research Scientist,32,No,3960,0,50.0
EMP0000171,171,Research Scientist,27,No,38181,1,33.33
EMP0000173,173,Laboratory Technician,36,No,48840,0,53.85
EMP0000174,174,Laboratory Technician,30,No,3663,0,75.0
EMP0000175,175,Sales Executive,45,No,41844,1,44.44
EMP0000176,176,Research Scientist,56,No,23529,1,10.53
EMP0000177,177,Research Scientist,33,No,4422,0,25.0
EMP0000179,179,Sales Executive,46,No,17358,0,54.17
EMP0000180,180,Laboratory Technician,38,No,45540,0,100.0
EMP0000181,181,Research Scientist,31,No,4620,1,28.57
EMP0000182,182,Research Scientist,34,No,20757,0,22.22
EMP0000184,184,Laboratory Technician,50,No,10824,0,40.0
EMP0000185,185,Manufacturing Director,53,No,35772,0,40.0
EMP0000186,186,Research Scientist,33,No,30723,0,87.5
EMP0000187,187,Manager,40,No,32637,0,38.1
EMP0000188,188,Research Director,55,No,22836,0,41.67
EMP0000189,189,Manufacturing Director,34,No,35277,0,90.0
EMP0000190,190,Healthcare Representative,51,No,10329,0,33.33
EMP0000191,191,Manager,52,No,23067,0,52.94
EMP0000192,192,Research Scientist,27,No,29502,0,100.0
EMP0000194,194,Research Scientist,43,No,44352,0,57.14
EMP0000195,195,Manager,45,No,39435,0,36.36
EMP0000196,196,Research Scientist,37,No,9570,1,87.5
EMP0000197,197,Laboratory Technician,35,No,4554,0,20.0
EMP0000198,198,Manufacturing Director,42,No,30558,0,27.27
EMP0000199,199,Manufacturing Director,38,No,41613,0,0.0
EMP0000200,200,Manufacturing Director,38,No,35772,0,77.78
EMP0000201,201,Manufacturing Director,27,No,15576,0,33.33
EMP0000202,202,Manufacturing Director,49,No,33066,1,100.0
EMP0000203,203,Research Scientist,34,No,28974,1,60.0
EMP0000204,204,Laboratory Technician,40,No,29865,1,13.33
EMP0000207,207,Research Scientist,22,No,37488,1,50.0
EMP0000208,208,Laboratory Technician,36,No,20955,0,12.5
EMP0000209,209,Healthcare Representative,40,No,37983,0,40.0
EMP0000210,210,Healthcare Representative,46,No,21252,0,11.76
EMP0000212,212,Manufacturing Director,30,No,27357,0,66.67
EMP0000213,213,Sales Executive,27,No,40986,0,100.0
EMP0000214,214,Research Director,51,No,48477,0,56.25
EMP0000216,216,Manager,41,No,29568,1,0.0
EMP0000219,219,Sales Executive,45,No,34716,0,30.43
EMP0000220,220,Sales Executive,54,No,37851,0,12.5
EMP0000221,221,Laboratory Technician,36,No,46068,0,68.75
EMP0000222,222,Research Scientist,33,No,4851,0,28.57
EMP0000223,223,Research Director,37,No,21879,1,80.0
EMP0000224,224,Sales Executive,38,No,3927,0,58.82
EMP0000225,225,Manufacturing Director,31,No,32307,0,66.67
EMP0000226,226,Research Scientist,59,No,4686,0,0.0
EMP0000227,227,Sales Representative,37,No,10527,0,61.54
EMP0000228,228,Sales Executive,29,No,46629,0,90.91
EMP0000229,229,Sales Executive,35,No,31152,0,70.0
EMP0000231,231,Laboratory Technician,52,No,43659,0,33.33
EMP0000232,232,Manager,42,No,17556,0,77.27
EMP0000233,233,Human Resources,59,No,26994,0,28.57
EMP0000234,234,Manager,50,No,28182,0,0.0
EMP0000236,236,Manager,43,No,34122,1,59.09
EMP0000238,238,Manager,52,No,25443,1,21.21
EMP0000239,239,Sales Representative,32,No,46233,0,50.0
EMP0000241,241,Laboratory Technician,39,No,47223,0,28.57
EMP0000242,242,Sales Executive,32,No,32208,0,50.0
EMP0000243,243,Research Scientist,41,No,46563,0,0.0
EMP0000244,244,Research Scientist,40,No,42900,0,88.89
EMP0000245,245,Manager,45,No,8316,0,0.0
EMP0000246,246,Research Director,31,No,43791,0,22.22
EMP0000247,247,Research Scientist,33,No,27456,0,100.0
EMP0000248,248,Manufacturing Director,34,No,15510,0,69.23
EMP0000249,249,Research Scientist,37,No,33561,0,5.88
EMP0000250,250,Manufacturing Director,45,No,39567,0,22.22
EMP0000252,252,Healthcare Representative,39,No,16665,0,30.0
EMP0000253,253,Research Scientist,29,No,21945,0,83.33
EMP0000254,254,Research Scientist,42,No,30228,1,20.0
EMP0000255,255,Sales Executive,29,No,41151,0,20.0
EMP0000256,256,Manufacturing Director,25,No,22605,0,40.0
EMP0000257,257,Laboratory Technician,42,No,8877,1,60.0
EMP0000258,258,Research Director,40,No,46728,0,31.82
EMP0000259,259,Research Scientist,51,No,27489,0,0.0
EMP0000261,261,Laboratory Technician,32,No,43263,0,20.0
EMP0000262,262,Sales Executive,38,No,43791,0,53.85
EMP0000263,263,Laboratory Technician,32,No,4224,0,22.22
EMP0000264,264,Manager,46,No,16104,1,25.0
EMP0000266,266,Sales Executive,29,No,39930,0,0.0
EMP0000267,267,Healthcare Representative,31,No,48279,0,0.0
EMP0000268,268,Healthcare Representative,25,No,22275,0,50.0
EMP0000269,269,Healthcare Representative,45,No,45705,1,33.33
EMP0000270,270,Laboratory Technician,36,No,46299,0,81.25
EMP0000271,271,Manager,55,No,14916,1,27.03
EMP0000273,273,Research Scientist,28,No,38214,0,40.0
EMP0000274,274,Sales Executive,37,No,7524,0,57.14
EMP0000275,275,Research Scientist,21,No,32868,0,66.67
EMP0000276,276,Research Director,37,No,24024,1,13.33
EMP0000277,277,Manager,35,No,43395,0,70.0
EMP0000278,278,Sales Executive,38,No,10626,1,0.0
EMP0000279,279,Manufacturing Director,26,No,48807,0,83.33
EMP0000280,280,Research Director,50,No,26301,0,14.29
EMP0000281,281,Research Director,53,No,35310,1,14.29
EMP0000282,282,Sales Executive,42,No,20955,0,80.0
EMP0000283,283,Sales Executive,29,No,14586,0,70.0
EMP0000284,284,Laboratory Technician,55,No,4851,1,58.33
EMP0000285,285,Healthcare Representative,26,No,16368,1,60.0
EMP0000286,286,Research Scientist,37,No,45276,0,70.59
EMP0000288,288,Healthcare Representative,38,No,22704,0,20.0
EMP0000290,290,Research Scientist,28,No,36861,0,60.0
EMP0000291,291,Research Director,49,No,20988,1,9.09
EMP0000292,292,Research Scientist,36,No,16698,0,0.0
EMP0000293,293,Sales Representative,31,No,14652,0,100.0
EMP0000295,295,Research Scientist,37,No,29337,1,50.0
EMP0000296,296,Sales Executive,42,No,18315,0,17.39
EMP0000298,298,Sales Executive,35,No,40656,0,75.0
EMP0000299,299,Laboratory Technician,36,No,18678,0,0.0
EMP0000300,300,Manufacturing Director,51,No,42966,0,7.69
EMP0000301,301,Manager,41,No,11022,0,45.45
EMP0000302,302,Sales Representative,18,No,26796,0,
EMP0000303,303,Healthcare Representative,28,No,48708,0,33.33
EMP0000304,304,Sales Executive,31,No,7194,0,70.0
EMP0000305,305,Healthcare Representative,39,No,37356,0,52.63
EMP0000306,306,Laboratory Technician,36,No,36465,0,72.73
EMP0000307,307,Sales Executive,32,No,29898,0,61.54
EMP0000308,308,Research Director,38,No,28017,0,42.11
EMP0000309,309,Healthcare Representative,58,No,12870,1,25.0
EMP0000310,310,Research Scientist,31,No,22803,1,33.33
EMP0000311,311,Human Resources,31,No,3498,0,22.22
EMP0000312,312,Laboratory Technician,45,No,41217,0,37.5
EMP0000313,313,Research Scientist,31,No,6336,1,66.67
EMP0000314,314,Manager,33,No,18249,0,50.0
EMP0000315,315,Manager,39,No,3861,1,42.86
EMP0000316,316,Laboratory Technician,43,No,6105,0,77.78
EMP0000317,317,Healthcare Representative,49,No,36003,1,4.0
EMP0000319,319,Research Scientist,27,No,40260,1,75.0
EMP0000320,320,Sales Executive,32,No,19404,1,92.31
EMP0000321,321,Sales Executive,27,No,45441,1,80.0
EMP0000322,322,Sales Executive,31,No,22803,0,53.85
EMP0000323,323,Research Scientist,32,No,33594,0,70.0
EMP0000325,325,Research Scientist,30,No,42075,0,72.73
EMP0000326,326,Manufacturing Director,31,No,26334,0,90.0
EMP0000327,327,Manager,39,No,22176,0,42.86
EMP0000329,329,Sales Executive,33,No,16764,0,77.78
EMP0000330,330,Research Director,47,No,48906,0,9.52
EMP0000331,331,Laboratory Technician,43,No,18447,0,77.78
EMP0000332,332,Sales Executive,27,No,6930,1,66.67
EMP0000333,333,Research Scientist,54,No,30624,0,15.0
EMP0000334,334,Healthcare Representative,43,No,33033,0,0.0
EMP0000335,335,Research Scientist,45,No,18117,0,75.0
EMP0000336,336,Sales Executive,40,No,37092,1,50.0
EMP0000338,338,Laboratory Technician,29,No,24354,0,50.0
EMP0000339,339,Sales Executive,30,No,18810,0,90.0
EMP0000340,340,Sales Executive,27,No,37290,0,87.5
EMP0000341,341,Manufacturing Director,37,No,39336,0,25.0
EMP0000342,342,Research Director,38,No,11319,1,83.33
EMP0000343,343,Manufacturing Director,31,No,40656,1,81.82
EMP0000344,344,Sales Executive,29,No,4752,1,100.0
EMP0000345,345,Manufacturing Director,35,No,42768,0,35.29
EMP0000346,346,Research Scientist,23,No,43197,0,50.0
EMP0000347,347,Manufacturing Director,41,No,15939,1,50.0
EMP0000348,348,Sales Representative,47,No,43197,0,0.0
EMP0000349,349,Research Director,42,No,26730,0,0.0
EMP0000350,350,Sales Executive,29,No,24618,0,75.0
EMP0000351,351,Human Resources,42,No,17952,1,50.0
EMP0000352,352,Laboratory Technician,32,No,35046,0,0.0
EMP0000353,353,Manager,48,No,17490,0,0.0
EMP0000354,354,Research Scientist,37,No,43527,1,53.85
EMP0000355,355,Sales Executive,30,No,21153,1,50.0
EMP0000356,356,Sales Executive,26,No,30789,0,87.5
EMP0000357,357,Healthcare Representative,42,No,43956,0,0.0
EMP0000359,359,Sales Executive,36,No,27885,0,0.0
EMP0000360,360,Sales Executive,36,No,17853,0,56.25
EMP0000361,361,Healthcare Representative,57,No,19569,0,13.33
EMP0000362,362,Laboratory Technician,40,No,38643,1,70.0
EMP0000363,363,Sales Representative,21,No,29535,0,66.67
EMP0000365,365,Laboratory Technician,37,No,30393,0,23.53
EMP0000366,366,Manufacturing Director,46,No,37752,0,0.0
EMP0000368,368,Healthcare Representative,50,No,34518,0,15.0
EMP0000370,370,Research Scientist,31,No,13464,1,66.67
EMP0000372,372,Research Scientist,29,No,42339,0,33.33
EMP0000373,373,Healthcare Representative,35,No,24915,0,10.0
EMP0000374,374,Laboratory Technician,27,No,48477,0,40.0
EMP0000375,375,Sales Executive,28,No,10032,0,71.43
EMP0000376,376,Healthcare Representative,49,No,41613,0,7.69
EMP0000377,377,Sales Executive,51,No,38874,0,38.89
EMP0000378,378,Research Scientist,36,No,10857,0,33.33
EMP0000380,380,Manager,55,No,43263,1,13.33
EMP0000381,381,Sales Executive,24,No,45243,1,40.0
EMP0000382,382,Sales Representative,30,No,6666,0,0.0
EMP0000384,384,Research Scientist,22,No,8349,0,50.0
EMP0000385,385,Sales Executive,36,No,5412,0,90.0
EMP0000387,387,Laboratory Technician,37,No,36531,0,38.89
EMP0000388,388,Sales Executive,40,No,25047,0,50.0
EMP0000389,389,Laboratory Technician,42,No,6633,0,25.0
EMP0000390,390,Manufacturing Director,37,No,43065,1,0.0
EMP0000391,391,Research Director,43,No,32406,0,40.0
EMP0000392,392,Laboratory Technician,40,No,18315,0,0.0
EMP0000393,393,Research Director,54,No,27093,0,8.33
EMP0000394,394,Sales Executive,34,No,45573,0,33.33
EMP0000395,395,Manufacturing Director,31,No,15840,0,76.92
EMP0000396,396,Laboratory Technician,43,No,10329,0,25.0
EMP0000397,397,Healthcare Representative,43,No,48609,1,25.0
EMP0000398,398,Sales Executive,25,No,29403,1,80.0
EMP0000399,399,Research Scientist,37,No,35079,1,73.33
EMP0000400,400,Laboratory Technician,31,No,10857,0,50.0
EMP0000401,401,Manager,39,No,40194,1,38.1
EMP0000402,402,Sales Executive,56,No,29898,0,19.44
EMP0000403,403,Sales Executive,30,No,35706,0,66.67
EMP0000404,404,Sales Executive,41,No,21285,0,70.0
EMP0000405,405,Laboratory Technician,28,No,42900,0,0.0
EMP0000407,407,Manufacturing Director,52,No,10527,1,14.29
EMP0000408,408,Research Scientist,45,No,6336,0,25.0
EMP0000409,409,Manager,52,No,49170,0,6.45
EMP0000410,410,Research Scientist,42,No,17556,0,21.05
EMP0000411,411,Manufacturing Director,30,No,10461,0,36.36
EMP0000412,412,Manager,60,No,13926,0,24.24
EMP0000413,413,Manufacturing Director,46,No,49005,0,36.84
EMP0000414,414,Healthcare Representative,42,No,45144,0,71.43
EMP0000417,417,Laboratory Technician,38,No,49170,1,0.0
EMP0000418,418,Manager,40,No,46134,0,71.43
EMP0000419,419,Research Scientist,26,No,44517,0,66.67
EMP0000420,420,Laboratory Technician,30,No,46200,0,33.33
EMP0000421,421,Research Director,29,No,32538,0,20.0
EMP0000424,424,Sales Executive,30,No,46134,0,80.0
EMP0000425,425,Manager,57,No,6930,0,0.0
EMP0000426,426,Manager,50,No,36267,0,35.71
EMP0000427,427,Laboratory Technician,30,No,36828,0,58.33
EMP0000428,428,Sales Executive,60,No,49467,0,59.09
EMP0000429,429,Manufacturing Director,47,No,32439,0,0.0
EMP0000430,430,Research Director,46,No,33297,0,7.69
EMP0000431,431,Laboratory Technician,35,No,4752,0,66.67
EMP0000432,432,Laboratory Technician,54,No,18084,0,0.0
EMP0000433,433,Research Scientist,34,No,42999,0,21.43
EMP0000434,434,Sales Executive,46,No,37125,1,13.33
EMP0000435,435,Manufacturing Director,31,No,42042,0,61.54
EMP0000438,438,Sales Representative,30,No,13629,0,50.0
EMP0000439,439,Healthcare Representative,35,No,42108,1,70.0
EMP0000442,442,Laboratory Technician,42,No,48642,0,25.0
EMP0000443,443,Sales Executive,36,No,20955,0,30.0
EMP0000445,445,Sales Executive,48,No,5379,0,50.0
EMP0000446,446,Manager,55,No,36861,0,24.32
EMP0000447,447,Sales Executive,41,No,8811,0,18.75
EMP0000448,448,Sales Executive,35,No,20427,0,60.0
EMP0000449,449,Manufacturing Director,40,No,9966,0,27.27
EMP0000450,450,Laboratory Technician,39,No,14619,0,37.5
EMP0000451,451,Sales Executive,31,No,27324,1,50.0
EMP0000452,452,Manufacturing Director,42,No,10527,1,90.0
EMP0000453,453,Sales Executive,45,No,18513,0,77.78
EMP0000455,455,Manufacturing Director,29,No,7656,0,25.0
EMP0000456,456,Research Director,33,No,30426,0,10.0
EMP0000457,457,Manager,31,No,22704,0,40.0
EMP0000459,459,Sales Executive,40,No,36102,0,0.0
EMP0000460,460,Healthcare Representative,41,No,16797,1,70.0
EMP0000461,461,Sales Executive,26,No,25575,0,0.0
EMP0000462,462,Sales Executive,35,No,6435,0,80.0
EMP0000463,463,Sales Executive,34,No,8514,0,70.0
EMP0000465,465,Manufacturing Director,37,No,26367,0,41.67
EMP0000466,466,Healthcare Representative,46,No,34122,0,7.14
EMP0000467,467,Manager,41,No,42108,0,72.73
EMP0000468,468,Sales Executive,37,No,4686,0,55.56
EMP0000469,469,Research Scientist,52,No,31548,1,50.0
EMP0000471,471,Sales Representative,24,No,17655,0,66.67
EMP0000472,472,Healthcare Representative,38,No,49335,0,0.0
EMP0000473,473,Manufacturing Director,37,No,14718,0,62.5
EMP0000474,474,Research Director,49,No,41085,1,29.03
EMP0000475,475,Research Scientist,24,No,22803,1,83.33
EMP0000476,476,Sales Executive,26,No,23199,0,50.0
EMP0000477,477,Laboratory Technician,24,No,27159,0,0.0
EMP0000478,478,Manager,50,No,41118,0,15.63
EMP0000479,479,Sales Representative,25,No,20526,0,57.14
EMP0000482,482,Research Scientist,34,No,8382,1,83.33
EMP0000484,484,Laboratory Technician,35,No,17754,0,22.22
EMP0000485,485,Sales Executive,31,No,17325,0,53.85
EMP0000486,486,Research Scientist,27,No,26334,0,50.0
EMP0000487,487,Sales Executive,37,No,18414,1,0.0
EMP0000488,488,Research Scientist,20,No,31647,0,0.0
EMP0000489,489,Healthcare Representative,42,No,20526,0,20.0
EMP0000490,490,Research Director,43,No,25806,1,0.0
EMP0000491,491,Research Scientist,38,No,11946,0,0.0
EMP0000492,492,Laboratory Technician,43,No,33033,1,70.0
EMP0000493,493,Manager,48,No,40788,0,9.52
EMP0000494,494,Human Resources,44,No,36696,0,20.0
EMP0000495,495,Sales Representative,34,No,6732,1,25.0
EMP0000497,497,Sales Representative,21,No,44319,0,66.67
EMP0000498,498,Manager,44,No,43395,1,7.69
EMP0000499,499,Research Scientist,22,No,19932,0,66.67
EMP0000500,500,Sales Executive,33,No,40128,0,0.0
EMP0000501,501,Research Scientist,32,No,21318,1,66.67
EMP0000502,502,Research Scientist,30,No,5280,0,0.0
EMP0000503,503,Sales Executive,53,No,7854,0,38.89
EMP0000504,504,Research Scientist,34,No,46101,0,90.0
EMP0000506,506,Laboratory Technician,26,No,32703,1,66.67
EMP0000507,507,Manufacturing Director,37,No,15906,0,70.0
EMP0000508,508,Sales Executive,29,No,38808,0,0.0
EMP0000509,509,Research Scientist,35,No,33561,0,64.71
EMP0000510,510,Healthcare Representative,33,No,42768,0,73.33
EMP0000511,511,Human Resources,54,No,13101,0,43.75
EMP0000512,512,Manufacturing Director,36,No,30129,1,15.38
EMP0000513,513,Research Scientist,27,No,36795,0,40.0
EMP0000516,516,Laboratory Technician,35,No,23991,0,0.0
EMP0000517,517,Research Scientist,23,No,29205,0,40.0
EMP0000518,518,Sales Executive,25,No,26730,0,50.0
EMP0000519,519,Sales Executive,38,No,8019,0,87.5
EMP0000520,520,Research Scientist,29,No,26598,0,70.0
EMP0000521,521,Sales Executive,48,No,26961,0,16.67
EMP0000522,522,Sales Executive,27,No,46530,1,83.33
EMP0000523,523,Research Scientist,37,No,40425,0,0.0
EMP0000524,524,Laboratory Technician,50,No,39831,1,40.0
EMP0000525,525,Healthcare Representative,34,No,47586,0,77.78
EMP0000527,527,Healthcare Representative,39,No,13464,0,35.0
EMP0000528,528,Sales Executive,32,No,30657,0,70.0
EMP0000530,530,Healthcare Representative,38,No,27291,0,70.0
EMP0000531,531,Manufacturing Director,27,No,20064,0,77.78
EMP0000532,532,Research Director,32,No,33594,0,70.0
EMP0000533,533,Sales Executive,47,No,23199,0,35.0
EMP0000534,534,Sales Executive,40,No,19140,1,65.0
EMP0000535,535,Research Director,53,No,32010,0,3.13
EMP0000536,536,Manager,41,No,14091,0,26.09
EMP0000537,537,Sales Executive,60,No,38907,0,20.0
EMP0000538,538,Manufacturing Director,27,No,9702,0,77.78
EMP0000539,539,Manager,41,No,10362,0,31.82
EMP0000540,540,Sales Representative,50,No,10428,0,50.0
EMP0000542,542,Research Director,36,No,14091,0,70.0
EMP0000543,543,Manufacturing Director,38,No,5544,1,0.0
EMP0000544,544,Laboratory Technician,44,No,12573,0,22.22
EMP0000545,545,Sales Executive,47,No,7161,1,7.14
EMP0000546,546,Sales Executive,30,No,16533,0,70.0
EMP0000547,547,Sales Representative,29,No,46068,0,0.0
EMP0000549,549,Sales Executive,43,No,25575,0,28.57
EMP0000550,550,Healthcare Representative,34,No,32010,0,10.0
EMP0000551,551,Laboratory Technician,23,No,21450,0,60.0
EMP0000552,552,Human Resources,39,No,4653,0,25.0
EMP0000553,553,Healthcare Representative,56,No,27456,0,23.33
EMP0000554,554,Research Scientist,40,No,26532,1,40.0
EMP0000555,555,Healthcare Representative,27,No,32175,0,66.67
EMP0000556,556,Sales Representative,29,No,35970,0,100.0
EMP0000557,557,Laboratory Technician,53,No,11418,0,10.53
EMP0000558,558,Healthcare Representative,35,No,40425,0,0.0
EMP0000559,559,Laboratory Technician,32,No,14190,0,80.0
EMP0000560,560,Research Scientist,38,No,8844,1,0.0
EMP0000561,561,Manufacturing Director,34,No,5511,0,0.0
EMP0000562,562,Manager,52,No,20493,0,17.65
EMP0000564,564,Sales Executive,25,No,29139,0,83.33
EMP0000565,565,Sales Representative,45,No,31482,0,77.78
EMP0000566,566,Research Scientist,23,No,10230,0,100.0
EMP0000568,568,Sales Executive,34,No,10032,0,83.33
EMP0000570,570,Sales Executive,36,No,47322,0,70.0
EMP0000571,571,Research Scientist,52,No,23595,0,60.0
EMP0000572,572,Laboratory Technician,26,No,18975,0,40.0
EMP0000573,573,Healthcare Representative,29,No,21681,0,63.64
EMP0000575,575,Research Scientist,34,No,6006,0,20.0
EMP0000576,576,Manufacturing Director,54,No,12408,1,33.33
EMP0000577,577,Sales Executive,27,No,27357,0,40.0
EMP0000578,578,Research Scientist,37,No,18843,1,50.0
EMP0000579,579,Manufacturing Director,38,No,7920,1,41.18
EMP0000580,580,Research Scientist,34,No,3993,0,83.33
EMP0000581,581,Sales Representative,35,No,12672,0,66.67
EMP0000582,582,Laboratory Technician,30,No,30393,0,28.57
EMP0000583,583,Healthcare Representative,40,No,26103,0,87.5
EMP0000584,584,Sales Executive,34,No,36663,0,33.33
EMP0000585,585,Manager,42,No,18810,0,29.17
EMP0000587,587,Laboratory Technician,24,No,36036,0,0.0
EMP0000588,588,Laboratory Technician,52,No,43725,0,22.22
EMP0000589,589,Research Director,50,No,22803,0,10.0
EMP0000591,591,Research Director,33,No,7029,0,64.29
EMP0000593,593,Manager,47,No,6666,1,53.85
EMP0000594,594,Manufacturing Director,36,No,22308,0,70.0
EMP0000595,595,Research Scientist,29,No,41316,0,70.0
EMP0000597,597,Research Scientist,35,No,41514,0,28.57
EMP0000598,598,Manufacturing Director,42,No,30756,1,37.5
EMP0000600,600,Human Resources,36,No,34353,0,25.0
EMP0000601,601,Manufacturing Director,32,No,28347,0,92.86
EMP0000602,602,Laboratory Technician,40,No,23760,0,0.0
EMP0000603,603,Manufacturing Director,30,No,31218,1,0.0
EMP0000604,604,Research Scientist,45,No,8316,0,0.0
EMP0000605,605,Manufacturing Director,42,No,30789,0,80.0
EMP0000606,606,Healthcare Representative,38,No,15543,0,23.08
EMP0000607,607,Research Scientist,34,No,23166,0,33.33
EMP0000610,610,Research Director,43,No,19437,0,4.55
EMP0000611,611,Research Director,27,No,8877,1,88.89
EMP0000612,612,Manufacturing Director,35,No,31350,0,29.41
EMP0000613,613,Sales Executive,28,No,25080,1,87.5
EMP0000614,614,Human Resources,34,No,27357,0,50.0
EMP0000616,616,Research Scientist,27,No,14619,0,
EMP0000617,617,Manager,51,No,43494,0,20.69
EMP0000618,618,Healthcare Representative,44,No,20625,0,20.0
EMP0000619,619,Research Scientist,25,No,5940,0,50.0
EMP0000620,620,Sales Executive,33,No,19338,0,88.89
EMP0000621,621,Research Scientist,35,No,44319,0,83.33
EMP0000622,622,Sales Executive,36,No,30624,1,77.78
EMP0000623,623,Sales Executive,32,No,3861,0,25.0
EMP0000624,624,Research Scientist,30,No,33396,0,40.0
EMP0000625,625,Sales Executive,53,No,21813,1,5.71
EMP0000626,626,Sales Executive,45,No,30690,1,22.22
EMP0000627,627,Research Scientist,32,No,21054,0,33.33
EMP0000628,628,Manufacturing Director,52,No,29370,0,25.81
EMP0000629,629,Sales Executive,37,No,11286,0,0.0
EMP0000630,630,Human Resources,28,No,38577,0,16.67
EMP0000631,631,Manufacturing Director,22,No,40590,0,50.0
EMP0000632,632,Laboratory Technician,44,No,32538,1,20.0
EMP0000633,633,Research Scientist,42,No,41943,1,12.5
EMP0000634,634,Human Resources,36,No,42174,0,66.67
EMP0000635,635,Sales Executive,25,No,4653,1,60.0
EMP0000636,636,Manufacturing Director,35,No,20031,1,82.35
EMP0000638,638,Laboratory Technician,32,No,9900,0,0.0
EMP0000639,639,Sales Executive,25,No,19239,0,40.0
EMP0000640,640,Research Scientist,49,No,46794,0,28.57
EMP0000641,641,Laboratory Technician,24,No,41877,0,33.33
EMP0000642,642,Sales Executive,32,No,12507,0,80.0
EMP0000643,643,Sales Representative,38,No,13035,0,66.67
EMP0000644,644,Laboratory Technician,42,No,41745,1,17.65
EMP0000645,645,Research Scientist,31,No,40326,1,50.0
EMP0000647,647,Sales Executive,53,No,28644,0,0.0
EMP0000648,648,Manufacturing Director,35,No,22176,0,62.5
EMP0000649,649,Sales Representative,37,No,40623,0,40.0
EMP0000650,650,Research Director,53,No,3366,0,27.27
EMP0000651,651,Healthcare Representative,43,No,13926,0,16.67
EMP0000652,652,Sales Executive,47,No,8217,1,75.0
EMP0000653,653,Sales Executive,37,No,41316,1,0.0
EMP0000654,654,Manager,50,No,29073,0,19.35
EMP0000655,655,Human Resources,39,No,45639,0,30.77
EMP0000656,656,Human Resources,33,No,35475,1,42.86
EMP0000658,658,Laboratory Technician,29,No,35838,0,37.5
EMP0000659,659,Research Scientist,44,No,21813,1,87.5
EMP0000660,660,Sales Executive,28,No,27093,0,50.0
EMP0000662,662,Manufacturing Director,43,No,5841,0,0.0
EMP0000665,665,Healthcare Representative,36,No,47025,1,47.06
EMP0000666,666,Sales Representative,47,No,47982,1,66.67
EMP0000669,669,Research Scientist,28,No,32835,0,33.33
EMP0000671,671,Research Scientist,27,No,20394,0,100.0
EMP0000672,672,Laboratory Technician,34,No,18018,0,0.0
EMP0000673,673,Sales Executive,42,No,15246,0,40.0
EMP0000674,674,Research Scientist,33,No,39534,1,33.33
EMP0000675,675,Healthcare Representative,58,No,41976,1,0.0
EMP0000676,676,Sales Representative,31,No,5082,0,53.85
EMP0000677,677,Healthcare Representative,35,No,37521,1,60.0
EMP0000678,678,Laboratory Technician,49,No,17391,0,31.03
EMP0000679,679,Research Scientist,48,No,48477,0,0.0
EMP0000680,680,Sales Executive,31,No,39204,0,88.89
EMP0000681,681,Research Scientist,36,No,6204,0,25.0
EMP0000682,682,Research Director,38,No,43989,0,80.0
EMP0000683,683,Laboratory Technician,32,No,39072,0,0.0
EMP0000685,685,Sales Executive,40,No,21714,0,0.0
EMP0000686,686,Sales Executive,26,No,42339,0,100.0
EMP0000687,687,Laboratory Technician,41,No,8679,1,65.0
EMP0000688,688,Laboratory Technician,36,No,30954,0,50.0
EMP0000691,691,Healthcare Representative,31,No,20328,1,70.0
EMP0000692,692,Research Scientist,40,No,48477,1,33.33
EMP0000693,693,Manufacturing Director,32,No,16434,0,87.5
EMP0000695,695,Healthcare Representative,33,No,35277,0,0.0
EMP0000697,697,Laboratory Technician,45,No,26565,0,77.78
EMP0000698,698,Sales Representative,29,No,46332,0,33.33
EMP0000699,699,Sales Executive,35,No,40227,0,40.0
EMP0000700,700,Manager,52,No,34749,0,30.77
EMP0000702,702,Manager,53,No,45408,0,59.09
EMP0000703,703,Sales Executive,30,No,7623,0,40.0
EMP0000704,704,Sales Executive,38,No,5016,1,50.0
EMP0000705,705,Sales Executive,35,No,29106,0,75.0
EMP0000706,706,Sales Executive,39,No,29799,0,77.78
EMP0000708,708,Manufacturing Director,47,No,45507,1,50.0
EMP0000709,709,Sales Executive,36,No,40557,0,58.33
EMP0000711,711,Manager,33,No,23826,0,80.0
EMP0000713,713,Research Scientist,33,No,15213,0,40.0
EMP0000714,714,Laboratory Technician,45,No,32142,0,37.5
EMP0000715,715,Research Director,50,No,37158,0,12.5
EMP0000716,716,Healthcare Representative,33,No,27291,1,83.33
EMP0000717,717,Research Director,41,No,27720,0,76.19
EMP0000718,718,Laboratory Technician,27,No,37422,0,50.0
EMP0000719,719,Laboratory Technician,45,No,8184,1,88.89
EMP0000720,720,Sales Executive,47,No,31515,1,0.0
EMP0000722,722,Manufacturing Director,50,No,30987,1,50.0
EMP0000723,723,Research Scientist,38,No,45903,0,33.33
EMP0000724,724,Manufacturing Director,46,No,18678,0,53.85
EMP0000725,725,Manufacturing Director,24,No,39798,0,40.0
EMP0000727,727,Manufacturing Director,31,No,28149,0,75.0
EMP0000728,728,Research Scientist,18,No,9471,0,
EMP0000729,729,Manufacturing Director,54,No,47553,0,31.82
EMP0000730,730,Healthcare Representative,35,No,19239,1,62.5
EMP0000731,731,Research Director,30,No,5049,1,77.78
EMP0000734,734,Manufacturing Director,26,No,35178,0,87.5
EMP0000840,840,Sales Executive,42,No,21351,0,44.44
EMP0000735,735,Laboratory Technician,22,No,7161,0,75.0
EMP0000736,736,Healthcare Representative,48,No,9141,0,10.53
EMP0000737,737,Healthcare Representative,48,No,44715,0,40.74
EMP0000738,738,Manufacturing Director,41,No,18117,0,25.0
EMP0000739,739,Manufacturing Director,39,No,15378,0,28.57
EMP0000740,740,Manufacturing Director,27,No,34815,0,50.0
EMP0000741,741,Laboratory Technician,35,No,26466,0,66.67
EMP0000742,742,Manager,42,No,8745,0,0.0
EMP0000743,743,Laboratory Technician,50,No,26532,0,0.0
EMP0000744,744,Manufacturing Director,59,No,23595,1,10.0
EMP0000746,746,Healthcare Representative,55,No,4455,1,41.18
EMP0000747,747,Research Director,41,No,8151,0,76.19
EMP0000748,748,Sales Executive,38,No,34155,1,0.0
EMP0000751,751,Sales Executive,44,No,47784,1,47.83
EMP0000752,752,Sales Executive,50,No,4785,0,36.84
EMP0000754,754,Manufacturing Director,39,No,31185,1,28.57
EMP0000755,755,Sales Representative,33,No,34254,0,66.67
EMP0000756,756,Manager,45,No,40722,0,11.54
EMP0000757,757,Laboratory Technician,32,No,36597,0,70.0
EMP0000758,758,Sales Executive,34,No,7128,0,6.25
EMP0000759,759,Manager,59,No,35937,1,28.57
EMP0000760,760,Human Resources,45,No,26004,0,50.0
EMP0000761,761,Sales Executive,53,No,4092,0,23.33
EMP0000764,764,Sales Representative,34,No,43989,1,100.0
EMP0000765,765,Sales Representative,28,No,37752,0,0.0
EMP0000766,766,Research Scientist,38,No,39138,0,25.0
EMP0000767,767,Research Director,50,No,48312,1,3.45
EMP0000768,768,Healthcare Representative,37,No,4092,0,37.5
EMP0000769,769,Sales Executive,40,No,9900,0,87.5
EMP0000770,770,Research Scientist,26,No,30393,0,60.0
EMP0000771,771,Research Director,46,No,14190,0,8.7
EMP0000772,772,Sales Executive,54,No,35706,0,30.77
EMP0000773,773,Research Scientist,56,No,40920,0,22.22
EMP0000774,774,Manufacturing Director,36,No,26268,0,53.33
EMP0000775,775,Manager,55,No,14652,0,22.58
EMP0000776,776,Sales Executive,43,No,13695,0,0.0
EMP0000779,779,Research Scientist,46,No,33099,1,68.42
EMP0000782,782,Laboratory Technician,26,No,6336,0,50.0
EMP0000783,783,Manufacturing Director,30,No,38808,0,28.57
EMP0000784,784,Research Scientist,41,No,16797,0,60.0
EMP0000785,785,Healthcare Representative,38,No,10890,0,45.0
EMP0000786,786,Healthcare Representative,40,No,49236,0,71.43
EMP0000787,787,Laboratory Technician,27,No,42141,0,66.67
EMP0000788,788,Manufacturing Director,55,No,36003,0,8.7
EMP0000789,789,Research Scientist,28,No,28281,0,70.0
EMP0000791,791,Healthcare Representative,33,No,21582,0,22.22
EMP0000794,794,Laboratory Technician,28,No,29535,0,50.0
EMP0000795,795,Healthcare Representative,34,No,20394,0,28.57
EMP0000796,796,Sales Executive,37,No,10197,1,0.0
EMP0000818,818,Manufacturing Director,36,No,7161,0,50.0
EMP0000800,800,Manager,42,No,15477,0,26.09
EMP0000803,803,Sales Executive,33,No,32010,0,50.0
EMP0000804,804,Research Scientist,34,No,23001,0,0.0
EMP0000805,805,Manager,48,No,41646,0,14.81
EMP0000806,806,Sales Executive,45,No,34650,0,66.67
EMP0000807,807,Healthcare Representative,52,No,32802,0,33.33
EMP0000808,808,Sales Executive,38,No,25410,1,77.78
EMP0000809,809,Research Scientist,29,No,36531,0,45.45
EMP0000810,810,Manufacturing Director,28,No,31350,0,70.0
EMP0000811,811,Manager,46,No,13398,0,39.13
EMP0000812,812,Sales Executive,38,No,4290,0,0.0
EMP0000813,813,Manufacturing Director,43,No,35706,0,38.89
EMP0000815,815,Research Director,40,No,43164,0,33.33
EMP0000816,816,Research Scientist,21,No,32472,1,100.0
EMP0000817,817,Laboratory Technician,39,No,14487,0,44.44
EMP0000819,819,Sales Representative,31,No,26169,0,66.67
EMP0000820,820,Research Scientist,28,No,47883,0,50.0
EMP0000821,821,Sales Executive,35,No,39006,0,40.0
EMP0000822,822,Sales Executive,49,No,5742,0,36.36
EMP0000823,823,Manufacturing Director,34,No,33099,0,40.0
EMP0000824,824,Research Scientist,29,No,16170,0,62.5
EMP0000825,825,Laboratory Technician,42,No,6204,0,0.0
EMP0000826,826,Manufacturing Director,29,No,23694,1,70.0
EMP0000827,827,Human Resources,38,No,14289,0,85.71
EMP0000828,828,Research Scientist,28,No,25509,1,33.33
EMP0000831,831,Laboratory Technician,41,No,5511,1,0.0
EMP0000833,833,Healthcare Representative,37,No,12111,0,22.22
EMP0000834,834,Research Scientist,27,No,6567,0,50.0
EMP0000835,835,Sales Executive,34,No,46200,0,83.33
EMP0000836,836,Human Resources,35,No,17424,0,66.67
EMP0000838,838,Research Director,40,No,19569,0,35.0
EMP0000841,841,Laboratory Technician,35,No,32406,0,0.0
EMP0000842,842,Laboratory Technician,24,No,15741,0,50.0
EMP0000844,844,Laboratory Technician,26,No,45672,0,87.5
EMP0000845,845,Sales Executive,30,No,28116,0,30.0
EMP0000846,846,Research Scientist,40,No,29766,1,6.25
EMP0000847,847,Manufacturing Director,35,No,27027,0,46.67
EMP0000848,848,Healthcare Representative,34,No,22077,0,64.29
EMP0000849,849,Laboratory Technician,35,No,20988,0,100.0
EMP0000851,851,Sales Representative,32,No,28446,0,0.0
EMP0000852,852,Manager,56,No,23694,0,7.14
EMP0000853,853,Laboratory Technician,29,No,46233,0,80.0
EMP0000854,854,Research Scientist,19,No,21285,0,100.0
EMP0000855,855,Research Scientist,45,No,48081,1,28.57
EMP0000856,856,Manufacturing Director,37,No,32241,0,57.14
EMP0000857,857,Laboratory Technician,20,No,26565,0,100.0
EMP0000859,859,Manager,53,No,40359,0,26.92
EMP0000860,860,Research Scientist,29,No,31086,1,66.67
EMP0000862,862,Manager,46,No,46266,0,53.57
EMP0000863,863,Research Scientist,44,No,3663,0,0.0
EMP0000864,864,Human Resources,33,No,4851,0,80.0
EMP0000866,866,Sales Executive,30,No,43857,0,37.5
EMP0000867,867,Sales Executive,40,No,39072,0,0.0
EMP0000868,868,Manager,50,No,46893,0,6.25
EMP0000869,869,Laboratory Technician,28,No,38907,0,83.33
EMP0000870,870,Research Director,46,No,47850,0,8.0
EMP0000871,871,Sales Executive,35,No,44913,1,46.67
EMP0000873,873,Sales Executive,33,No,37818,0,70.0
EMP0000874,874,Laboratory Technician,36,No,30261,0,100.0
EMP0000875,875,Laboratory Technician,30,No,28149,0,70.0
EMP0000876,876,Research Scientist,44,No,6600,0,55.0
EMP0000877,877,Sales Representative,20,No,21582,0,50.0
EMP0000878,878,Manufacturing Director,46,No,4950,0,25.0
EMP0000879,879,Human Resources,42,No,5907,0,30.0
EMP0000880,880,Sales Executive,60,No,22968,1,58.33
EMP0000881,881,Laboratory Technician,32,No,3828,0,100.0
EMP0000882,882,Research Scientist,32,No,43428,1,70.0
EMP0000883,883,Manufacturing Director,36,No,11979,1,41.18
EMP0000884,884,Research Scientist,33,No,3861,0,66.67
EMP0000885,885,Sales Executive,40,No,3531,0,14.29
EMP0000886,886,Sales Executive,25,No,44748,0,60.0
EMP0000887,887,Research Scientist,30,No,48345,1,75.0
EMP0000888,888,Research Director,42,No,15114,1,0.0
EMP0000889,889,Sales Executive,35,No,39996,1,12.5
EMP0000890,890,Research Scientist,27,No,36399,1,77.78
EMP0000891,891,Manufacturing Director,54,No,31878,0,12.12
EMP0000892,892,Research Scientist,44,No,36861,0,50.0
EMP0000894,894,Research Scientist,29,No,33330,0,66.67
EMP0000895,895,Research Director,54,No,22605,0,25.0
EMP0000896,896,Healthcare Representative,31,No,43956,1,83.33
EMP0000897,897,Healthcare Representative,31,No,35046,0,90.0
EMP0000898,898,Sales Executive,59,No,10758,0,7.69
EMP0000899,899,Research Director,43,No,30360,0,28.0
EMP0000900,900,Manager,49,No,36234,0,0.0
EMP0000901,901,Research Scientist,36,No,15477,0,83.33
EMP0000902,902,Laboratory Technician,48,No,31977,0,0.0
EMP0000903,903,Research Scientist,27,No,38511,0,60.0
EMP0000904,904,Healthcare Representative,29,No,43857,1,0.0
EMP0000905,905,Research Director,48,No,23595,0,0.0
EMP0000906,906,Research Director,29,No,22902,0,77.78
EMP0000907,907,Research Scientist,34,No,43560,0,0.0
EMP0000908,908,Manager,44,No,36267,0,34.62
EMP0000909,909,Sales Executive,33,No,17688,1,80.0
EMP0000910,910,Research Scientist,19,No,8745,1,0.0
EMP0000911,911,Research Scientist,23,No,12309,0,0.0
EMP0000913,913,Research Scientist,26,No,19239,1,62.5
EMP0000915,915,Healthcare Representative,55,No,5841,1,26.47
EMP0000917,917,Manager,46,No,5544,0,15.38
EMP0000918,918,Sales Executive,34,No,4323,1,50.0
EMP0000919,919,Manager,51,No,7821,1,32.26
EMP0000920,920,Manufacturing Director,59,No,47157,0,28.0
EMP0000921,921,Laboratory Technician,34,No,4455,0,53.33
EMP0000922,922,Laboratory Technician,28,No,26103,1,40.0
EMP0000923,923,Manager,44,No,39567,0,34.62
EMP0000924,924,Human Resources,34,No,21384,0,64.29
EMP0000925,925,Research Scientist,35,No,24255,1,50.0
EMP0000926,926,Research Scientist,42,No,19899,1,0.0
EMP0000927,927,Sales Executive,43,No,17523,0,30.43
EMP0000928,928,Manufacturing Director,36,No,14157,1,77.78
EMP0000930,930,Laboratory Technician,28,No,6369,1,100.0
EMP0000931,931,Laboratory Technician,51,No,31944,0,0.0
EMP0000932,932,Manufacturing Director,30,No,29007,1,40.0
EMP0000934,934,Research Scientist,28,No,21120,0,40.0
EMP0000935,935,Research Scientist,25,No,8778,0,100.0
EMP0000936,936,Sales Executive,32,No,19932,0,70.0
EMP0000937,937,Manager,45,No,12012,0,0.0
EMP0000938,938,Manager,39,No,13596,1,42.86
EMP0000939,939,Research Scientist,58,No,27984,0,100.0
EMP0000942,942,Laboratory Technician,30,No,37554,0,20.0
EMP0000943,943,Healthcare Representative,36,No,10725,0,70.0
EMP0000944,944,Human Resources,46,No,32703,0,60.0
EMP0000945,945,Laboratory Technician,28,No,48708,0,80.0
EMP0000946,946,Research Director,50,No,43626,1,8.0
EMP0000949,949,Manager,30,No,20922,1,11.11
EMP0000950,950,Manufacturing Director,39,No,17292,0,77.78
EMP0000951,951,Sales Executive,31,No,19371,1,80.0
EMP0000952,952,Sales Executive,41,No,8448,0,10.53
EMP0000955,955,Manager,42,No,16335,1,38.1
EMP0000956,956,Manager,55,No,9306,0,39.13
EMP0000957,957,Manager,56,No,6798,0,8.33
EMP0000958,958,Research Scientist,40,No,15114,0,33.33
EMP0000959,959,Healthcare Representative,34,No,31119,0,70.0
EMP0000960,960,Research Scientist,40,No,17259,0,88.89
EMP0000961,961,Sales Executive,41,No,33594,0,30.0
EMP0000962,962,Research Scientist,35,No,15906,1,66.67
EMP0000963,963,Manager,51,No,25410,1,27.27
EMP0000964,964,Sales Executive,38,No,33297,0,63.64
EMP0000965,965,Sales Executive,34,No,16731,0,80.0
EMP0000966,966,Laboratory Technician,25,No,29106,0,28.57
EMP0000968,968,Laboratory Technician,40,No,10857,0,28.57
EMP0000969,969,Sales Executive,36,No,20031,0,41.18
EMP0000970,970,Manufacturing Director,48,No,28215,0,81.82
EMP0000971,971,Sales Representative,27,No,42603,0,0.0
EMP0000972,972,Manufacturing Director,51,No,46365,0,6.9
EMP0000973,973,Laboratory Technician,18,No,37092,0,
EMP0000974,974,Laboratory Technician,35,No,26961,0,70.0
EMP0000975,975,Sales Executive,27,No,26169,0,25.0
EMP0000977,977,Manufacturing Director,56,No,45177,1,48.48
EMP0000978,978,Research Scientist,34,No,32967,0,80.0
EMP0000979,979,Healthcare Representative,40,No,39666,0,73.33
EMP0000980,980,Laboratory Technician,34,No,9405,0,70.0
EMP0000983,983,Research Scientist,38,No,22869,0,50.0
EMP0000984,984,Healthcare Representative,34,No,13332,0,78.57
EMP0000985,985,Sales Executive,28,No,24288,0,60.0
EMP0000987,987,Sales Executive,39,No,49434,1,50.0
EMP0000988,988,Sales Executive,51,No,17853,0,14.29
EMP0000989,989,Research Scientist,41,No,39600,1,16.67
EMP0000990,990,Research Scientist,37,No,47487,1,50.0
EMP0000991,991,Sales Executive,33,No,36663,0,50.0
EMP0000992,992,Sales Executive,32,No,16467,1,50.0
EMP0000993,993,Healthcare Representative,39,No,49005,0,30.77
EMP0000994,994,Sales Executive,25,No,45276,0,33.33
EMP0000995,995,Manufacturing Director,52,No,10626,1,12.5
EMP0000996,996,Research Scientist,43,No,30690,1,35.0
EMP0000997,997,Sales Executive,27,No,6765,1,33.33
EMP0000999,999,Research Scientist,26,No,22539,0,60.0
EMP0001000,1000,Manager,42,No,37851,0,33.33
EMP0001001,1001,Laboratory Technician,52,No,8514,0,33.33
EMP0001002,1002,Laboratory Technician,37,No,48246,0,25.0
EMP0001003,1003,Manufacturing Director,35,No,6600,0,20.0
EMP0001004,1004,Laboratory Technician,25,No,31317,0,28.57
EMP0001005,1005,Laboratory Technician,26,No,21516,0,87.5
EMP0001006,1006,Human Resources,29,No,10956,0,90.0
EMP0001009,1009,Research Director,54,No,32043,0,24.14
EMP0001010,1010,Research Director,58,No,34815,1,25.0
EMP0001011,1011,Research Director,55,No,37488,0,22.58
EMP0001012,1012,Sales Executive,36,No,38742,1,26.67
EMP0001014,1014,Sales Executive,30,No,28215,0,25.0
EMP0001015,1015,Research Director,31,No,6006,0,22.22
EMP0001016,1016,Research Scientist,34,No,18480,0,30.0
EMP0001018,1018,Laboratory Technician,27,No,45441,0,0.0
EMP0001019,1019,Laboratory Technician,36,No,5676,0,40.0
EMP0001020,1020,Sales Executive,36,No,10857,0,18.18
EMP0001021,1021,Research Scientist,47,No,15345,0,29.41
EMP0001023,1023,Laboratory Technician,37,No,46629,0,71.43
EMP0001024,1024,Research Scientist,56,No,41415,0,40.0
EMP0001025,1025,Research Director,47,No,11847,0,65.38
EMP0001026,1026,Sales Executive,24,No,48708,1,80.0
EMP0001027,1027,Sales Executive,32,No,19833,0,42.86
EMP0001028,1028,Laboratory Technician,34,No,13233,0,57.14
EMP0001029,1029,Research Scientist,41,No,42339,1,28.57
EMP0001030,1030,Laboratory Technician,40,No,21879,0,63.64
EMP0001031,1031,Sales Executive,31,No,10758,0,53.85
EMP0001035,1035,Healthcare Representative,45,No,34254,1,29.17
EMP0001036,1036,Human Resources,31,No,46134,0,25.0
EMP0001038,1038,Manufacturing Director,45,No,47784,1,10.0
EMP0001039,1039,Sales Executive,48,No,40293,0,13.33
EMP0001041,1041,Research Director,40,No,7194,0,50.0
EMP0001042,1042,Sales Executive,28,No,28578,0,66.67
EMP0001043,1043,Laboratory Technician,44,No,32373,0,28.57
EMP0001044,1044,Research Director,53,No,14751,0,22.86
EMP0001045,1045,Healthcare Representative,49,No,49335,0,10.0
EMP0001046,1046,Research Scientist,40,No,29568,0,12.5
EMP0001047,1047,Research Scientist,44,No,48411,0,33.33
EMP0001048,1048,Sales Executive,33,No,14190,0,60.0
EMP0001049,1049,Sales Executive,34,No,43758,0,60.0
EMP0001050,1050,Sales Executive,30,No,44814,0,25.0
EMP0001051,1051,Laboratory Technician,42,No,24684,0,75.0
EMP0001052,1052,Sales Executive,44,No,12639,0,0.0
EMP0001053,1053,Research Scientist,30,No,32670,0,0.0
EMP0001054,1054,Research Scientist,57,No,13365,0,69.23
EMP0001055,1055,Healthcare Representative,49,No,49170,0,24.14
EMP0001056,1056,Research Director,34,No,27357,0,50.0
EMP0001060,1060,Sales Representative,35,No,21780,0,0.0
EMP0001062,1062,Sales Representative,24,No,27390,0,0.0
EMP0001063,1063,Manufacturing Director,44,No,39369,1,12.5
EMP0001064,1064,Sales Executive,29,No,41118,0,70.0
EMP0001065,1065,Human Resources,30,No,10890,0,50.0
EMP0001066,1066,Healthcare Representative,55,No,40557,1,50.0
EMP0001067,1067,Laboratory Technician,33,No,36267,0,50.0
EMP0001068,1068,Sales Executive,47,No,18843,1,36.36
EMP0001070,1070,Research Scientist,28,No,46959,0,0.0
EMP0001071,1071,Sales Executive,28,No,15411,0,40.0
EMP0001072,1072,Laboratory Technician,49,No,8943,0,20.0
EMP0001073,1073,Laboratory Technician,29,No,13530,0,50.0
EMP0001074,1074,Manufacturing Director,28,No,35739,0,75.0
EMP0001075,1075,Healthcare Representative,33,No,17028,1,0.0
EMP0001076,1076,Manager,32,No,16335,0,20.0
EMP0001077,1077,Manager,54,No,34650,0,34.62
EMP0001079,1079,Research Director,44,No,4488,0,25.0
EMP0001080,1080,Manufacturing Director,39,No,35937,0,0.0
EMP0001081,1081,Manager,46,No,7524,0,52.17
EMP0001082,1082,Healthcare Representative,35,No,33957,0,72.73
EMP0001083,1083,Laboratory Technician,23,No,16731,0,60.0
EMP0001085,1085,Sales Executive,34,No,32043,1,90.0
EMP0001087,1087,Research Director,50,No,10989,1,18.75
EMP0001088,1088,Sales Representative,34,No,47520,1,83.33
EMP0001089,1089,Laboratory Technician,42,No,39930,0,0.0
EMP0001090,1090,Research Scientist,37,No,22242,0,80.0
EMP0001091,1091,Healthcare Representative,29,No,14553,0,77.78
EMP0001092,1092,Manufacturing Director,33,No,18975,0,60.0
EMP0001093,1093,Research Scientist,45,No,31350,0,50.0
EMP0001094,1094,Healthcare Representative,42,No,9504,1,33.33
EMP0001095,1095,Sales Executive,40,No,44286,0,44.44
EMP0001096,1096,Laboratory Technician,33,No,19437,1,93.33
EMP0001097,1097,Manager,40,No,29634,1,33.33
EMP0001098,1098,Laboratory Technician,24,No,11550,0,50.0
EMP0001099,1099,Healthcare Representative,40,No,37686,1,25.0
EMP0001100,1100,Healthcare Representative,45,No,17754,0,80.0
EMP0001101,1101,Sales Representative,35,No,46266,0,50.0
EMP0001102,1102,Research Scientist,32,No,27192,0,8.33
EMP0001103,1103,Sales Representative,36,No,38181,1,28.57
EMP0001104,1104,Sales Executive,48,No,16236,0,38.89
EMP0001105,1105,Research Scientist,29,No,19734,0,0.0
EMP0001106,1106,Sales Executive,33,No,40986,0,25.0
EMP0001108,1108,Human Resources,38,No,29304,0,30.0
EMP0001109,1109,Laboratory Technician,35,No,32736,0,0.0
EMP0001110,1110,Sales Executive,30,No,42504,0,22.22
EMP0001114,1114,Research Scientist,32,No,39600,0,55.56
EMP0001115,1115,Research Scientist,48,No,36564,0,20.0
EMP0001116,1116,Research Scientist,34,No,15807,0,0.0
EMP0001117,1117,Manager,55,No,22605,0,16.67
EMP0001118,1118,Research Scientist,34,No,44583,0,22.22
EMP0001119,1119,Research Scientist,26,No,15642,0,0.0
EMP0001120,1120,Sales Executive,38,No,41085,0,80.0
EMP0001121,1121,Sales Executive,38,No,14421,0,25.0
EMP0001122,1122,Sales Executive,36,No,29172,0,0.0
EMP0001123,1123,Laboratory Technician,29,No,45210,1,90.0
EMP0001124,1124,Healthcare Representative,35,No,22110,1,20.0
EMP0001125,1125,Sales Executive,39,No,48246,0,54.55
EMP0001126,1126,Healthcare Representative,29,No,32835,0,66.67
EMP0001127,1127,Manager,50,No,8712,1,0.0
EMP0001128,1128,Research Scientist,23,No,32241,0,50.0
EMP0001129,1129,Laboratory Technician,36,No,42966,1,22.22
EMP0001130,1130,Manager,42,No,34947,0,0.0
EMP0001131,1131,Laboratory Technician,35,No,24750,0,90.0
EMP0001132,1132,Healthcare Representative,34,No,21549,0,25.0
EMP0001133,1133,Sales Executive,40,No,3894,0,80.0
EMP0001134,1134,Laboratory Technician,43,No,32670,0,50.0
EMP0001135,1135,Laboratory Technician,35,No,44517,0,0.0
EMP0001136,1136,Manager,46,No,18579,0,0.0
EMP0001138,1138,Research Scientist,22,No,15081,1,50.0
EMP0001139,1139,Healthcare Representative,50,No,40722,1,25.0
EMP0001140,1140,Research Scientist,32,No,20922,0,33.33
EMP0001141,1141,Research Director,44,No,43329,1,30.43
EMP0001142,1142,Research Scientist,30,No,7953,0,66.67
EMP0001143,1143,Laboratory Technician,45,No,33495,1,70.0
EMP0001144,1144,Sales Executive,45,No,11088,0,70.0
EMP0001145,1145,Sales Executive,31,No,23595,0,20.0
EMP0001146,1146,Manufacturing Director,36,No,18447,1,28.57
EMP0001147,1147,Manufacturing Director,34,No,14058,0,77.78
EMP0001148,1148,Laboratory Technician,49,No,23826,0,60.0
EMP0001149,1149,Manufacturing Director,39,No,45771,0,70.0
EMP0001150,1150,Laboratory Technician,27,No,42966,0,100.0
EMP0001151,1151,Research Scientist,35,No,27027,0,93.75
EMP0001152,1152,Manufacturing Director,28,No,19140,0,50.0
EMP0001153,1153,Research Scientist,21,No,18018,0,66.67
EMP0001155,1155,Manager,47,No,38808,0,7.41
EMP0001156,1156,Laboratory Technician,39,No,5610,0,72.73
EMP0001157,1157,Manufacturing Director,40,No,29172,0,83.33
EMP0001158,1158,Healthcare Representative,35,No,6864,0,73.33
EMP0001159,1159,Manufacturing Director,37,No,22143,0,33.33
EMP0001160,1160,Manufacturing Director,39,No,23463,0,20.0
EMP0001161,1161,Manufacturing Director,45,No,43857,0,70.0
EMP0001162,1162,Manufacturing Director,38,No,13101,1,40.0
EMP0001164,1164,Research Scientist,37,No,48510,0,50.0
EMP0001165,1165,Manufacturing Director,40,No,14784,1,11.11
EMP0001166,1166,Human Resources,44,No,19866,1,50.0
EMP0001167,1167,Manager,48,No,12045,0,8.7
EMP0001169,1169,Research Scientist,24,No,18711,1,50.0
EMP0001170,1170,Research Scientist,27,No,16038,0,40.0
EMP0001171,1171,Research Scientist,27,No,19503,0,33.33
EMP0001173,1173,Sales Executive,29,No,15477,0,25.0
EMP0001174,1174,Healthcare Representative,36,No,23463,0,22.22
EMP0001175,1175,Manufacturing Director,25,No,25476,0,100.0
EMP0001176,1176,Manufacturing Director,39,No,16236,0,57.14
EMP0001177,1177,Research Director,49,No,9933,0,7.41
EMP0001178,1178,Research Director,50,No,26829,0,57.89
EMP0001179,1179,Sales Representative,20,No,37653,0,100.0
EMP0001180,1180,Research Scientist,34,No,37290,0,72.73
EMP0001181,1181,Laboratory Technician,36,No,10263,0,20.0
EMP0001182,1182,Healthcare Representative,49,No,15345,1,36.67
EMP0001183,1183,Manufacturing Director,36,No,29502,0,50.0
EMP0001184,1184,Healthcare Representative,36,No,34320,0,30.77
EMP0001185,1185,Manager,54,No,19272,0,22.22
EMP0001186,1186,Research Director,43,No,42603,0,71.43
EMP0001188,1188,Research Scientist,38,No,39237,0,57.89
EMP0001189,1189,Sales Executive,29,No,32703,1,0.0
EMP0001190,1190,Sales Executive,33,No,12936,0,33.33
EMP0001191,1191,Research Scientist,32,No,32241,0,50.0
EMP0001192,1192,Sales Executive,31,No,36696,0,0.0
EMP0001193,1193,Laboratory Technician,49,No,15312,1,11.76
EMP0001194,1194,Laboratory Technician,38,No,4884,0,75.0
EMP0001195,1195,Manager,47,No,40425,0,6.9
EMP0001196,1196,Manager,49,No,26697,0,30.43
EMP0001197,1197,Sales Executive,41,No,39798,1,0.0
EMP0001198,1198,Sales Representative,20,No,23991,0,100.0
EMP0001199,1199,Sales Executive,33,No,17490,1,71.43
EMP0001200,1200,Healthcare Representative,36,No,44583,0,20.0
EMP0001201,1201,Human Resources,44,No,17424,1,25.0
EMP0001203,1203,Laboratory Technician,38,No,49335,0,0.0
EMP0001204,1204,Healthcare Representative,53,No,46035,0,27.27
EMP0001207,1207,Laboratory Technician,26,No,25938,0,100.0
EMP0001208,1208,Research Scientist,55,No,47553,0,25.0
EMP0001209,1209,Laboratory Technician,34,No,38181,0,66.67
EMP0001210,1210,Healthcare Representative,60,No,12210,0,0.0
EMP0001211,1211,Laboratory Technician,33,No,8811,0,78.57
EMP0001212,1212,Sales Executive,37,No,42174,0,50.0
EMP0001213,1213,Research Scientist,34,No,22374,0,90.0
EMP0001215,1215,Healthcare Representative,44,No,30393,1,77.78
EMP0001216,1216,Research Scientist,35,No,4818,1,66.67
EMP0001217,1217,Sales Executive,43,No,38907,1,90.0
EMP0001218,1218,Research Scientist,24,No,19173,0,60.0
EMP0001219,1219,Sales Executive,41,No,30294,0,80.0
EMP0001220,1220,Laboratory Technician,29,No,35706,0,33.33
EMP0001221,1221,Sales Representative,36,No,17490,0,41.18
EMP0001222,1222,Healthcare Representative,45,No,40854,0,60.0
EMP0001225,1225,Laboratory Technician,26,No,12870,0,66.67
EMP0001226,1226,Research Director,45,No,33165,0,28.57
EMP0001227,1227,Research Scientist,32,No,19305,0,20.0
EMP0001228,1228,Laboratory Technician,31,No,24453,0,33.33
EMP0001229,1229,Human Resources,41,No,18216,0,20.0
EMP0001230,1230,Manufacturing Director,40,No,12177,1,0.0
EMP0001231,1231,Laboratory Technician,24,No,16698,0,33.33
EMP0001232,1232,Healthcare Representative,46,No,23661,0,36.84
EMP0001233,1233,Manufacturing Director,35,No,45210,0,41.18
EMP0001234,1234,Research Scientist,30,No,26169,0,0.0
EMP0001235,1235,Sales Executive,47,No,17919,0,0.0
EMP0001236,1236,Sales Executive,46,No,42141,1,46.15
EMP0001239,1239,Laboratory Technician,23,No,5280,0,66.67
EMP0001240,1240,Manufacturing Director,31,No,5379,0,44.44
EMP0001241,1241,Laboratory Technician,39,No,26136,1,88.89
EMP0001242,1242,Sales Executive,32,No,12243,0,30.0
EMP0001243,1243,Manager,40,No,20163,0,38.1
EMP0001244,1244,Human Resources,45,No,5808,0,0.0
EMP0001245,1245,Research Scientist,30,No,43296,0,70.0
EMP0001246,1246,Human Resources,24,No,29601,0,66.67
EMP0001248,1248,Sales Executive,31,No,33099,0,33.33
EMP0001249,1249,Research Scientist,27,No,34782,0,33.33
EMP0001251,1251,Healthcare Representative,29,No,15213,1,20.0
EMP0001252,1252,Sales Executive,30,No,32307,0,58.33
EMP0001253,1253,Research Scientist,34,No,5973,1,0.0
EMP0001254,1254,Sales Executive,33,No,42339,0,53.85
EMP0001255,1255,Sales Executive,49,No,43329,0,12.5
EMP0001257,1257,Laboratory Technician,38,No,19602,0,11.11
EMP0001259,1259,Research Scientist,29,No,19470,0,0.0
EMP0001260,1260,Healthcare Representative,30,No,10065,0,0.0
EMP0001261,1261,Research Scientist,32,No,31449,0,58.33
EMP0001262,1262,Healthcare Representative,38,No,27489,1,0.0
EMP0001264,1264,Laboratory Technician,42,No,28215,0,42.86
EMP0001265,1265,Research Director,55,No,15774,0,0.0
EMP0001266,1266,Research Scientist,33,No,25575,0,72.73
EMP0001267,1267,Laboratory Technician,41,No,18084,0,60.0
EMP0001268,1268,Sales Executive,34,No,45375,1,93.33
EMP0001269,1269,Manufacturing Director,53,No,21813,1,7.41
EMP0001270,1270,Human Resources,43,No,8052,0,70.0
EMP0001271,1271,Sales Executive,34,No,16863,0,33.33
EMP0001273,1273,Laboratory Technician,38,No,38049,0,80.0
EMP0001275,1275,Sales Executive,31,No,6468,0,53.85
EMP0001276,1276,Manager,51,No,31086,0,13.33
EMP0001277,1277,Sales Executive,37,No,19437,0,40.0
EMP0001278,1278,Research Director,46,No,24222,1,4.17
EMP0001279,1279,Healthcare Representative,36,No,45639,1,53.33
EMP0001281,1281,Human Resources,37,No,40887,0,0.0
EMP0001283,1283,Research Scientist,33,No,28611,0,57.14
EMP0001284,1284,Research Scientist,28,No,38973,0,60.0
EMP0001285,1285,Research Director,39,No,41349,0,33.33
EMP0001286,1286,Sales Executive,46,No,28017,0,33.33
EMP0001287,1287,Laboratory Technician,40,No,20328,0,42.86
EMP0001288,1288,Healthcare Representative,42,No,37224,0,0.0
EMP0001289,1289,Manufacturing Director,35,No,38940,0,46.67
EMP0001290,1290,Human Resources,38,No,44088,0,76.92
EMP0001293,1293,Sales Executive,39,No,25278,0,14.29
EMP0001294,1294,Research Scientist,43,No,11319,0,28.57
EMP0001295,1295,Healthcare Representative,41,No,14751,0,18.18
EMP0001296,1296,Sales Executive,41,No,26268,1,60.87
EMP0001297,1297,Manufacturing Director,30,No,36036,0,77.78
EMP0001300,1300,Healthcare Representative,40,No,39402,0,25.0
EMP0001301,1301,Sales Executive,34,No,26730,0,80.0
EMP0001302,1302,Manager,58,No,11550,0,24.32
EMP0001303,1303,Laboratory Technician,35,No,6105,0,66.67
EMP0001304,1304,Manufacturing Director,47,No,33033,1,39.29
EMP0001305,1305,Healthcare Representative,40,No,24750,0,26.67
EMP0001306,1306,Research Scientist,54,No,14223,0,7.14
EMP0001307,1307,Sales Executive,31,No,37125,0,22.22
EMP0001308,1308,Research Scientist,28,No,40161,0,66.67
EMP0001309,1309,Sales Representative,38,No,23859,1,10.0
EMP0001310,1310,Sales Executive,26,No,18876,0,60.0
EMP0001311,1311,Research Director,58,No,40128,1,8.7
EMP0001312,1312,Research Scientist,18,No,47223,0,
EMP0001315,1315,Sales Executive,45,No,19437,0,70.0
EMP0001316,1316,Research Scientist,36,No,14190,1,0.0
EMP0001317,1317,Sales Executive,43,No,46926,0,100.0
EMP0001318,1318,Laboratory Technician,27,No,42801,1,66.67
EMP0001319,1319,Laboratory Technician,29,No,18942,0,72.73
EMP0001320,1320,Sales Executive,32,No,43494,0,0.0
EMP0001321,1321,Research Scientist,42,No,11715,0,30.0
EMP0001322,1322,Laboratory Technician,47,No,6831,0,28.57
EMP0001323,1323,Manufacturing Director,46,No,23298,0,66.67
EMP0001324,1324,Human Resources,28,No,9240,0,66.67
EMP0001325,1325,Healthcare Representative,29,No,23958,0,0.0
EMP0001326,1326,Laboratory Technician,42,No,37686,0,0.0
EMP0001328,1328,Sales Executive,46,No,43527,0,68.0
EMP0001329,1329,Sales Representative,27,No,24024,0,88.89
EMP0001330,1330,Human Resources,29,No,11616,0,0.0
EMP0001331,1331,Manager,43,No,27159,0,57.14
EMP0001332,1332,Research Director,48,No,40392,0,34.48
EMP0001335,1335,Research Scientist,27,No,37323,0,75.0
EMP0001336,1336,Research Scientist,39,No,27555,0,28.57
EMP0001337,1337,Research Scientist,55,No,27588,0,10.53
EMP0001338,1338,Sales Representative,28,No,38676,0,0.0
EMP0001341,1341,Sales Executive,36,No,41778,1,90.0
EMP0001342,1342,Laboratory Technician,31,No,10263,0,80.0
EMP0001343,1343,Sales Executive,34,No,48840,1,33.33
EMP0001344,1344,Laboratory Technician,29,No,19536,0,18.18
EMP0001345,1345,Research Scientist,37,No,25839,1,18.75
EMP0001346,1346,Manufacturing Director,35,No,7227,1,50.0
EMP0001347,1347,Manufacturing Director,45,No,18348,0,80.0
EMP0001348,1348,Human Resources,36,No,40029,0,10.0
EMP0001349,1349,Manager,40,No,37521,0,31.82
EMP0001350,1350,Research Scientist,26,No,15906,1,0.0
EMP0001351,1351,Sales Executive,27,No,16863,0,77.78
EMP0001352,1352,Manager,48,No,3861,0,70.83
EMP0001353,1353,Healthcare Representative,44,No,5610,0,0.0
EMP0001356,1356,Sales Executive,36,No,11055,0,16.67
EMP0001357,1357,Sales Executive,41,No,11121,0,28.57
EMP0001358,1358,Research Director,42,No,46068,0,38.89
EMP0001359,1359,Sales Executive,31,No,35607,1,25.0
EMP0001360,1360,Sales Executive,34,No,24255,1,22.22
EMP0001361,1361,Laboratory Technician,31,No,15543,0,50.0
EMP0001362,1362,Laboratory Technician,26,No,36168,0,87.5
EMP0001363,1363,Healthcare Representative,45,No,42801,0,16.67
EMP0001364,1364,Sales Executive,33,No,7161,0,40.0
EMP0001365,1365,Sales Executive,28,No,25839,1,100.0
EMP0001367,1367,Sales Executive,39,No,41283,0,20.0
EMP0001368,1368,Research Scientist,27,No,44682,0,50.0
EMP0001369,1369,Research Scientist,34,No,24255,1,62.5
EMP0001371,1371,Research Scientist,47,No,38577,0,43.75
EMP0001372,1372,Sales Executive,56,No,47619,0,0.0
EMP0001373,1373,Manufacturing Director,39,No,28611,0,0.0
EMP0001374,1374,Research Scientist,38,No,46002,1,55.0
EMP0001375,1375,Manager,58,No,19965,1,0.0
EMP0001377,1377,Research Scientist,38,No,39798,0,20.0
EMP0001378,1378,Research Director,49,No,35112,0,14.29
EMP0001379,1379,Sales Executive,42,No,13827,1,0.0
EMP0001381,1381,Sales Executive,35,No,22506,0,50.0
EMP0001382,1382,Research Scientist,28,No,36399,0,60.0
EMP0001383,1383,Research Scientist,31,No,32208,1,50.0
EMP0001384,1384,Laboratory Technician,36,No,44583,0,80.0
EMP0001385,1385,Sales Executive,34,No,30921,0,57.14
EMP0001386,1386,Sales Executive,34,No,40887,0,77.78
EMP0001387,1387,Laboratory Technician,26,No,5181,0,87.5
EMP0001388,1388,Healthcare Representative,29,No,4488,0,50.0
EMP0001389,1389,Healthcare Representative,32,No,37818,0,11.11
EMP0001390,1390,Research Scientist,31,No,37125,0,80.0
EMP0001392,1392,Sales Representative,38,No,46332,0,0.0
EMP0001393,1393,Sales Executive,35,No,40392,1,80.0
EMP0001394,1394,Sales Executive,27,No,31482,0,100.0
EMP0001395,1395,Manufacturing Director,32,No,45309,0,0.0
EMP0001398,1398,Research Scientist,54,No,5115,0,33.33
EMP0001399,1399,Healthcare Representative,33,No,42999,0,77.78
EMP0001400,1400,Healthcare Representative,43,No,18942,0,90.0
EMP0001401,1401,Human Resources,38,No,47652,1,28.57
EMP0001402,1402,Manager,55,No,6237,1,25.71
EMP0001403,1403,Laboratory Technician,31,No,42108,1,0.0
EMP0001404,1404,Sales Executive,39,No,3927,0,38.1
EMP0001405,1405,Research Scientist,42,No,11055,0,45.0
EMP0001406,1406,Research Director,31,No,23001,0,53.85
EMP0001407,1407,Manufacturing Director,54,No,5181,1,22.22
EMP0001408,1408,Healthcare Representative,24,No,25443,0,75.0
EMP0001409,1409,Laboratory Technician,23,No,18843,0,40.0
EMP0001410,1410,Laboratory Technician,40,No,22836,0,90.0
EMP0001411,1411,Sales Executive,40,No,14652,0,53.33
EMP0001412,1412,Human Resources,25,No,10197,0,0.0
EMP0001413,1413,Laboratory Technician,30,No,30063,0,66.67
EMP0001414,1414,Laboratory Technician,25,No,32241,1,28.57
EMP0001415,1415,Healthcare Representative,47,No,38940,0,56.0
EMP0001416,1416,Laboratory Technician,33,No,43329,0,100.0
EMP0001417,1417,Sales Executive,38,No,43593,0,81.25
EMP0001418,1418,Sales Representative,31,No,38082,0,66.67
EMP0001419,1419,Manufacturing Director,38,No,16764,0,30.0
EMP0001420,1420,Research Scientist,42,No,18381,1,33.33
EMP0001421,1421,Research Scientist,41,No,21186,0,25.0
EMP0001422,1422,Research Director,47,No,38346,0,57.14
EMP0001423,1423,Laboratory Technician,35,No,49170,1,40.0
EMP0001424,1424,Research Scientist,22,No,19173,0,50.0
EMP0001425,1425,Research Scientist,35,No,46035,0,70.0
EMP0001426,1426,Healthcare Representative,33,No,16533,1,70.0
EMP0001427,1427,Laboratory Technician,32,No,8811,0,33.33
EMP0001428,1428,Laboratory Technician,40,No,17919,0,0.0
EMP0001429,1429,Sales Representative,32,No,7722,0,66.67
EMP0001430,1430,Research Scientist,39,No,3828,0,38.89
EMP0001431,1431,Research Director,38,No,6633,0,80.0
EMP0001432,1432,Sales Executive,32,No,26433,0,71.43
EMP0001433,1433,Research Director,37,No,5313,1,68.75
EMP0001434,1434,Sales Executive,25,No,45606,1,50.0
EMP0001435,1435,Sales Representative,52,No,19305,0,50.0
EMP0001436,1436,Research Scientist,44,No,34221,1,50.0
EMP0001437,1437,Sales Representative,21,No,16533,1,100.0
EMP0001438,1438,Manager,39,No,3465,0,0.0
EMP0001440,1440,Sales Executive,36,No,18381,0,70.0
EMP0001441,1441,Manufacturing Director,36,No,22704,0,11.11
EMP0001442,1442,Healthcare Representative,56,No,22011,0,92.31
EMP0001444,1444,Manager,42,No,9900,0,25.0
EMP0001446,1446,Manufacturing Director,41,No,19206,0,33.33
EMP0001447,1447,Sales Executive,34,No,23232,0,87.5
EMP0001448,1448,Sales Executive,36,No,9933,0,80.0
EMP0001449,1449,Sales Executive,41,No,30690,0,28.57
EMP0001450,1450,Research Scientist,32,No,17457,0,50.0
EMP0001451,1451,Human Resources,35,No,37818,1,0.0
EMP0001452,1452,Sales Executive,38,No,11385,0,70.0
EMP0001454,1454,Sales Executive,36,No,36960,0,37.5
EMP0001455,1455,Sales Executive,45,No,12342,0,37.5
EMP0001456,1456,Research Scientist,40,No,43626,0,25.0
EMP0001457,1457,Healthcare Representative,35,No,39567,1,20.0
EMP0001458,1458,Research Scientist,40,No,39402,0,15.0
EMP0001459,1459,Research Scientist,35,No,9471,0,75.0
EMP0001460,1460,Laboratory Technician,29,No,45474,1,30.0
EMP0001461,1461,Research Scientist,29,No,15444,0,80.0
EMP0001463,1463,Sales Executive,39,No,23826,0,42.86
EMP0001464,1464,Manufacturing Director,31,No,10725,0,40.0
EMP0001465,1465,Sales Representative,26,No,38511,0,40.0
EMP0001466,1466,Laboratory Technician,36,No,29172,0,11.76
EMP0001467,1467,Healthcare Representative,39,No,20229,0,77.78
EMP0001468,1468,Manufacturing Director,27,No,5115,1,33.33
EMP0001469,1469,Sales Executive,49,No,33759,0,35.29
EMP0001470,1470,Laboratory Technician,34,No,20724,0,50.0
EMP0001471,1471,Operations Director,23,No,53168,0,0.0
EMP0001472,1472,Logistics,27,No,53853,1,0.0
EMP0001473,1473,Operations Manager,26,No,47782,0,0.0
EMP0001474,1474,CFO,49,No,193877,1,16.13
EMP0001475,1475,Operations Director,58,No,219477,0,60.0
EMP0001476,1476,Operations Manager,27,No,50321,1,0.0
EMP0001477,1477,System Admin,34,No,94873,1,31.25
EMP0001478,1478,IT Manager,39,No,146175,0,14.29
EMP0001479,1479,CFO,22,No,65562,1,0.0
EMP0001480,1480,CFO,27,No,92642,1,11.11
EMP0001481,1481,Supply Chain,33,No,103815,1,26.67
EMP0001482,1482,IT Manager,25,No,56685,0,14.29
EMP0001483,1483,Financial Analyst,58,No,337527,1,57.5
EMP0001484,1484,Logistics,35,No,161295,0,11.76
EMP0001486,1486,Data Engineer,30,No,96162,1,25.0
EMP0001487,1487,Operations Manager,40,No,150701,1,22.73
EMP0001488,1488,Data Engineer,25,No,69082,1,0.0
EMP0001489,1489,Finance Manager,35,No,173797,1,23.53
EMP0001490,1490,Accountant,26,No,109767,0,12.5
EMP0001491,1491,Logistics,25,No,53499,0,0.0
EMP0001492,1492,CFO,24,No,67548,1,0.0
EMP0001493,1493,Tax Specialist,55,No,252703,0,40.54
EMP0001494,1494,Software Developer,52,No,282645,0,64.71
EMP0001495,1495,Finance Manager,28,No,91466,1,20.0
EMP0001496,1496,Data Engineer,32,No,109640,0,21.43
EMP0001497,1497,IT Manager,30,No,55072,0,8.33
EMP0001498,1498,Tax Specialist,39,No,156273,0,19.05
EMP0001499,1499,DevOps Engineer,25,No,105142,0,57.14
EMP0001500,1500,Accountant,27,No,48357,1,0.0
EMP0001501,1501,Data Engineer,31,No,94459,0,30.77
EMP0001502,1502,Software Developer,23,No,52584,1,0.0
EMP0001503,1503,Accountant,37,No,104387,0,10.53
EMP0001504,1504,System Admin,39,No,130386,1,23.81
EMP0001505,1505,System Admin,26,No,59742,1,12.5
EMP0001506,1506,CFO,24,No,50234,0,0.0
EMP0001507,1507,CFO,28,No,54018,1,10.0
EMP0001508,1508,IT Manager,28,No,55832,1,0.0
EMP0001509,1509,IT Manager,26,No,107324,1,0.0
EMP0001510,1510,System Admin,28,No,62126,1,0.0
EMP0001511,1511,Accountant,23,No,57770,1,0.0
EMP0001512,1512,System Admin,27,No,61160,0,11.11
EMP0001513,1513,System Admin,28,No,118852,1,30.0
EMP0001514,1514,Logistics,24,No,39952,1,0.0
EMP0001515,1515,Operations Manager,53,No,264517,1,28.57
EMP0001516,1516,IT Manager,33,No,91250,0,26.67
EMP0001517,1517,Operations Analyst,24,No,51022,0,0.0
EMP0001518,1518,Operations Director,24,No,58219,1,16.67
EMP0001520,1520,Operations Manager,34,No,130620,0,0.0
EMP0001521,1521,Software Developer,27,No,49370,0,11.11
EMP0001522,1522,Operations Manager,23,No,44804,1,60.0
EMP0001523,1523,IT Manager,29,No,106058,1,0.0
EMP0001524,1524,IT Manager,26,No,51337,0,12.5
EMP0001525,1525,DevOps Engineer,31,No,100542,0,7.69
EMP0001526,1526,Operations Director,21,No,49489,0,0.0
EMP0001527,1527,IT Manager,34,No,115311,0,31.25
EMP0001528,1528,Operations Analyst,24,No,59144,0,0.0
EMP0001529,1529,Logistics,32,No,58197,1,7.14
EMP0001530,1530,Operations Director,29,No,100153,0,27.27
EMP0001531,1531,Software Developer,22,No,59159,0,0.0
EMP0001532,1532,System Admin,39,No,158996,0,47.62
EMP0001533,1533,Operations Director,31,No,93476,0,15.38
EMP0001534,1534,IT Manager,30,No,81628,0,33.33
EMP0001535,1535,IT Manager,32,No,101404,1,28.57
EMP0001536,1536,CFO,32,No,86819,0,35.71
EMP0001537,1537,Finance Manager,27,No,101283,1,44.44
EMP0001538,1538,Software Developer,27,No,48903,0,11.11
EMP0001539,1539,Operations Manager,23,No,47381,1,40.0
EMP0001540,1540,CFO,40,No,193604,0,27.27
EMP0001541,1541,Supply Chain,30,No,99176,0,41.67
EMP0001542,1542,System Admin,30,No,60497,1,8.33
EMP0001543,1543,Software Developer,31,No,55213,0,7.69
EMP0001544,1544,IT Manager,33,No,90453,0,33.33
EMP0001545,1545,Data Engineer,39,No,167725,1,47.62
EMP0001546,1546,Financial Analyst,30,No,57976,1,8.33
EMP0001547,1547,Operations Director,29,No,61279,1,0.0
EMP0001548,1548,Financial Analyst,27,No,96708,0,22.22
EMP0001549,1549,Software Developer,27,No,57853,1,22.22
EMP0001550,1550,Operations Manager,36,No,91953,0,16.67
EMP0001551,1551,IT Manager,28,No,109070,0,60.0
EMP0001552,1552,Logistics,28,No,76083,0,10.0
EMP0001553,1553,Operations Manager,36,No,158181,0,50.0
EMP0001554,1554,Operations Manager,27,No,45496,1,22.22
EMP0001641,1641,DevOps Engineer,33,No,139213,0,13.33
EMP0001556,1556,Operations Manager,37,No,95936,0,36.84
EMP0001557,1557,Operations Analyst,42,No,124522,0,37.5
EMP0001558,1558,Operations Director,37,No,153954,0,57.89
EMP0001559,1559,Operations Director,33,No,166145,0,6.67
EMP0001560,1560,DevOps Engineer,25,No,61902,0,0.0
EMP0001561,1561,System Admin,22,No,69353,0,0.0
EMP0001562,1562,Logistics,37,No,95097,1,10.53
EMP0001563,1563,Operations Director,34,No,122655,0,6.25
EMP0001564,1564,Operations Manager,28,No,43402,0,10.0
EMP0001565,1565,Software Developer,31,No,90206,1,30.77
EMP0001566,1566,Data Engineer,26,No,109255,0,25.0
EMP0001567,1567,Data Engineer,27,No,50578,0,0.0
EMP0001568,1568,DevOps Engineer,48,No,231826,1,3.33
EMP0001569,1569,Software Developer,29,No,71079,0,0.0
EMP0001571,1571,Software Developer,24,No,73190,0,16.67
EMP0001572,1572,Operations Director,35,No,97821,1,35.29
EMP0001573,1573,Operations Analyst,47,No,172394,1,17.24
EMP0001574,1574,Accountant,32,No,91492,0,0.0
EMP0001575,1575,Software Developer,37,No,174830,1,26.32
EMP0001576,1576,Operations Director,30,No,96097,0,41.67
EMP0001577,1577,Software Developer,26,No,68282,1,0.0
EMP0001578,1578,Logistics,30,No,44250,1,0.0
EMP0001579,1579,Operations Analyst,32,No,91329,1,42.86
EMP0001580,1580,IT Manager,29,No,92077,0,36.36
EMP0001581,1581,Data Engineer,25,No,56082,1,0.0
EMP0001582,1582,CFO,21,No,49102,1,0.0
EMP0001583,1583,Supply Chain,36,No,152682,1,11.11
EMP0001584,1584,Supply Chain,31,No,55524,1,7.69
EMP0001585,1585,Tax Specialist,31,No,50754,0,0.0
EMP0001586,1586,Data Engineer,24,No,65500,0,0.0
EMP0001587,1587,Data Engineer,27,No,105669,1,44.44
EMP0001588,1588,Software Developer,25,No,61619,0,0.0
EMP0001589,1589,Financial Analyst,26,No,55518,0,0.0
EMP0001590,1590,System Admin,34,No,141879,1,6.25
EMP0001591,1591,Supply Chain,32,No,124857,1,7.14
EMP0001592,1592,Data Engineer,33,No,96463,0,13.33
EMP0001593,1593,Data Engineer,29,No,89401,1,0.0
EMP0001594,1594,DevOps Engineer,42,No,187726,0,4.17
EMP0001595,1595,Logistics,26,No,56257,0,12.5
EMP0001596,1596,Financial Analyst,28,No,58649,1,20.0
EMP0001597,1597,Finance Manager,28,No,111117,0,40.0
EMP0001598,1598,Supply Chain,31,No,79809,1,0.0
EMP0001599,1599,Operations Manager,41,No,131742,1,17.39
EMP0001600,1600,IT Manager,28,No,64857,0,10.0
EMP0001601,1601,Finance Manager,28,No,63087,0,0.0
EMP0001602,1602,Data Engineer,25,No,114494,0,42.86
EMP0001603,1603,IT Manager,45,No,237091,1,11.11
EMP0001604,1604,Supply Chain,26,No,63504,1,25.0
EMP0001605,1605,Data Engineer,34,No,128421,0,25.0
EMP0001606,1606,Operations Analyst,40,No,126190,0,22.73
EMP0001607,1607,Operations Analyst,31,No,74714,1,0.0
EMP0001608,1608,Operations Analyst,26,No,59511,0,25.0
EMP0001609,1609,Logistics,33,No,97567,0,33.33
EMP0001610,1610,Data Engineer,50,No,240149,0,21.88
EMP0001611,1611,Finance Manager,41,No,185546,0,39.13
EMP0001612,1612,DevOps Engineer,25,No,62475,1,14.29
EMP0001613,1613,Financial Analyst,27,No,60630,0,11.11
EMP0001614,1614,System Admin,24,No,61597,0,0.0
EMP0001615,1615,Operations Manager,49,No,196276,0,29.03
EMP0001616,1616,DevOps Engineer,27,No,53477,0,11.11
EMP0001617,1617,Operations Manager,38,No,166065,0,15.0
EMP0001618,1618,IT Manager,28,No,89047,1,0.0
EMP0001619,1619,Operations Analyst,38,No,141215,1,50.0
EMP0001749,1749,System Admin,25,No,61242,0,14.29
EMP0001620,1620,Operations Analyst,32,No,94799,0,14.29
EMP0001621,1621,Data Engineer,39,No,182677,0,0.0
EMP0001622,1622,Operations Director,30,No,58933,1,0.0
EMP0001623,1623,Operations Manager,23,No,43685,1,0.0
EMP0001624,1624,Operations Manager,24,No,58576,0,0.0
EMP0001625,1625,Operations Director,33,No,78906,1,26.67
EMP0001626,1626,Operations Manager,33,No,90863,0,6.67
EMP0001627,1627,IT Manager,25,No,55559,0,28.57
EMP0001628,1628,Data Engineer,27,No,54741,1,0.0
EMP0001629,1629,IT Manager,25,No,70494,1,28.57
EMP0001630,1630,Data Engineer,27,No,60483,1,0.0
EMP0001631,1631,DevOps Engineer,42,No,177802,1,45.83
EMP0001632,1632,Operations Director,35,No,146231,0,17.65
EMP0001633,1633,Data Engineer,23,No,52956,0,0.0
EMP0001634,1634,System Admin,29,No,100973,0,18.18
EMP0001635,1635,Operations Director,28,No,82804,1,30.0
EMP0001636,1636,Supply Chain,25,No,53763,1,28.57
EMP0001637,1637,Accountant,35,No,84001,1,0.0
EMP0001638,1638,CFO,33,No,108589,1,26.67
EMP0001639,1639,Data Engineer,36,No,114706,0,0.0
EMP0001640,1640,Software Developer,23,No,58281,1,0.0
EMP0001642,1642,Software Developer,30,No,99590,1,33.33
EMP0001643,1643,DevOps Engineer,29,No,103280,1,0.0
EMP0001644,1644,Operations Manager,29,No,41555,0,18.18
EMP0001645,1645,Data Engineer,33,No,129673,1,53.33
EMP0001646,1646,System Admin,25,No,57916,0,0.0
EMP0001647,1647,Operations Manager,27,No,46744,1,11.11
EMP0001648,1648,Operations Director,34,No,139835,0,31.25
EMP0001649,1649,DevOps Engineer,31,No,101259,1,0.0
EMP0001650,1650,Accountant,32,No,107045,1,50.0
EMP0001651,1651,Logistics,24,No,60101,1,16.67
EMP0001652,1652,DevOps Engineer,36,No,174990,0,50.0
EMP0001653,1653,CFO,27,No,48621,0,22.22
EMP0001654,1654,Financial Analyst,24,No,61811,0,0.0
EMP0001655,1655,Data Engineer,26,No,63912,0,0.0
EMP0001656,1656,DevOps Engineer,33,No,114029,1,26.67
EMP0001657,1657,IT Manager,36,No,151819,1,0.0
EMP0001658,1658,Operations Manager,42,No,123427,0,29.17
EMP0001659,1659,Operations Director,30,No,90902,0,33.33
EMP0001660,1660,DevOps Engineer,31,No,105916,0,0.0
EMP0001661,1661,Software Developer,26,No,50042,1,0.0
EMP0001662,1662,Operations Analyst,24,No,56344,0,0.0
EMP0001858,1858,Tax Specialist,32,No,90063,1,14.29
EMP0001663,1663,Supply Chain,33,No,92869,1,13.33
EMP0001664,1664,Finance Manager,29,No,99761,1,27.27
EMP0001665,1665,Logistics,46,No,154196,0,3.57
EMP0001666,1666,System Admin,27,No,51306,0,0.0
EMP0001667,1667,Data Engineer,32,No,98755,0,28.57
EMP0001668,1668,Operations Manager,34,No,82834,0,0.0
EMP0001669,1669,Tax Specialist,30,No,102689,1,8.33
EMP0001670,1670,DevOps Engineer,33,No,106327,1,6.67
EMP0001671,1671,Accountant,26,No,47681,0,12.5
EMP0001672,1672,Logistics,28,No,50169,1,0.0
EMP0001673,1673,IT Manager,26,No,63962,1,0.0
EMP0001674,1674,Accountant,41,No,142245,1,26.09
EMP0001675,1675,Accountant,31,No,85930,1,38.46
EMP0001676,1676,Accountant,43,No,164813,0,44.0
EMP0001677,1677,DevOps Engineer,24,No,58586,0,0.0
EMP0001678,1678,IT Manager,33,No,166316,0,33.33
EMP0001679,1679,Logistics,30,No,75792,0,25.0
EMP0001680,1680,Logistics,34,No,97462,1,0.0
EMP0001681,1681,DevOps Engineer,38,No,175930,1,25.0
EMP0001682,1682,IT Manager,27,No,63954,1,0.0
EMP0001683,1683,CFO,45,No,271463,1,44.44
EMP0001684,1684,Financial Analyst,25,No,57247,0,0.0
EMP0001685,1685,CFO,34,No,179645,1,37.5
EMP0001686,1686,Operations Analyst,42,No,163161,0,8.33
EMP0001687,1687,Operations Analyst,42,No,163254,0,0.0
EMP0001688,1688,Operations Director,25,No,57113,0,14.29
EMP0001689,1689,Logistics,27,No,50782,1,0.0
EMP0001690,1690,Software Developer,28,No,69974,1,0.0
EMP0001691,1691,Operations Director,27,No,92910,1,33.33
EMP0001692,1692,Data Engineer,28,No,100709,0,70.0
EMP0001693,1693,DevOps Engineer,22,No,65254,0,0.0
EMP0001694,1694,Logistics,32,No,87084,1,0.0
EMP0001695,1695,Supply Chain,32,No,84261,0,35.71
EMP0001696,1696,Data Engineer,42,No,180541,0,29.17
EMP0001697,1697,CFO,28,No,54775,0,20.0
EMP0001698,1698,Software Developer,28,No,59925,0,10.0
EMP0001699,1699,Operations Director,59,No,225897,1,68.29
EMP0001700,1700,CFO,31,No,95940,1,23.08
EMP0001701,1701,IT Manager,26,No,92496,0,50.0
EMP0001702,1702,Operations Analyst,37,No,164721,0,57.89
EMP0001703,1703,DevOps Engineer,30,No,58091,1,8.33
EMP0001704,1704,Accountant,21,No,64013,0,0.0
EMP0001705,1705,Financial Analyst,27,No,68733,1,11.11
EMP0001706,1706,System Admin,32,No,87613,1,35.71
EMP0001707,1707,System Admin,34,No,108609,1,50.0
EMP0001708,1708,Tax Specialist,25,No,48500,1,0.0
EMP0001709,1709,Financial Analyst,25,No,56092,0,0.0
EMP0001710,1710,Software Developer,29,No,90948,1,36.36
EMP0001711,1711,System Admin,25,No,68478,1,0.0
EMP0001712,1712,Financial Analyst,40,No,178770,1,13.64
EMP0001713,1713,IT Manager,49,No,260102,1,48.39
EMP0001714,1714,Software Developer,27,No,55514,0,33.33
EMP0001715,1715,System Admin,37,No,167959,0,15.79
EMP0001716,1716,Operations Director,32,No,85189,0,28.57
EMP0001717,1717,DevOps Engineer,35,No,113622,1,41.18
EMP0001718,1718,Operations Analyst,24,No,44850,1,16.67
EMP0001719,1719,Logistics,29,No,82791,1,27.27
EMP0001720,1720,Logistics,26,No,55235,1,0.0
EMP0001721,1721,System Admin,24,No,59958,0,0.0
EMP0001722,1722,Software Developer,27,No,59672,0,22.22
EMP0001723,1723,Supply Chain,24,No,56707,1,16.67
EMP0001724,1724,CFO,25,No,56422,0,0.0
EMP0001725,1725,Logistics,31,No,92681,0,30.77
EMP0001726,1726,System Admin,40,No,150780,1,27.27
EMP0001925,1925,CFO,23,No,52312,0,0.0
EMP0001727,1727,Supply Chain,29,No,85311,0,27.27
EMP0001728,1728,Supply Chain,33,No,46435,0,6.67
EMP0001731,1731,Tax Specialist,23,No,45347,0,0.0
EMP0001732,1732,Software Developer,25,No,65968,0,14.29
EMP0001733,1733,Financial Analyst,24,No,46389,0,0.0
EMP0001734,1734,Finance Manager,25,No,46461,1,0.0
EMP0001735,1735,Financial Analyst,41,No,157294,1,0.0
EMP0001736,1736,Data Engineer,26,No,70732,1,0.0
EMP0001737,1737,CFO,27,No,89488,1,44.44
EMP0001738,1738,Operations Manager,24,No,60362,1,0.0
EMP0001739,1739,Software Developer,25,No,61132,1,0.0
EMP0001740,1740,Accountant,30,No,65352,1,16.67
EMP0001741,1741,Finance Manager,33,No,109898,0,26.67
EMP0001742,1742,Financial Analyst,40,No,157759,0,4.55
EMP0001743,1743,Software Developer,28,No,55288,1,0.0
EMP0001744,1744,Operations Manager,25,No,99885,1,42.86
EMP0001745,1745,Financial Analyst,23,No,64881,0,20.0
EMP0001746,1746,Operations Analyst,38,No,166688,1,55.0
EMP0001747,1747,CFO,28,No,46470,1,10.0
EMP0001748,1748,DevOps Engineer,22,No,52064,0,50.0
EMP0001750,1750,Operations Director,28,No,55536,1,20.0
EMP0001751,1751,Supply Chain,29,No,92952,1,0.0
EMP0001752,1752,Financial Analyst,40,No,117758,0,4.55
EMP0001753,1753,Finance Manager,33,No,83678,0,46.67
EMP0001754,1754,Tax Specialist,32,No,141042,0,35.71
EMP0001755,1755,System Admin,27,No,94992,0,22.22
EMP0001756,1756,Tax Specialist,29,No,91616,1,72.73
EMP0001757,1757,System Admin,27,No,95577,1,22.22
EMP0001759,1759,Accountant,29,No,92898,0,18.18
EMP0001760,1760,DevOps Engineer,39,No,154574,1,23.81
EMP0001761,1761,System Admin,32,No,98994,0,28.57
EMP0001762,1762,IT Manager,36,No,111067,1,38.89
EMP0001763,1763,Data Engineer,29,No,95187,1,45.45
EMP0001764,1764,System Admin,26,No,54803,0,0.0
EMP0001765,1765,Data Engineer,26,No,56805,0,12.5
EMP0001766,1766,Logistics,31,No,94772,1,7.69
EMP0001767,1767,Operations Analyst,42,No,102715,1,4.17
EMP0001768,1768,Operations Director,44,No,141706,0,7.69
EMP0001769,1769,Logistics,35,No,124858,1,11.76
EMP0001770,1770,Finance Manager,39,No,137920,0,14.29
EMP0001771,1771,System Admin,46,No,145671,1,53.57
EMP0001772,1772,Financial Analyst,32,No,111860,0,14.29
EMP0001773,1773,System Admin,41,No,170281,0,39.13
EMP0001774,1774,Software Developer,34,No,91532,0,31.25
EMP0001775,1775,DevOps Engineer,29,No,59557,1,9.09
EMP0001776,1776,IT Manager,34,No,106462,1,25.0
EMP0001778,1778,Supply Chain,29,No,55460,0,18.18
EMP0001779,1779,Logistics,30,No,46053,0,16.67
EMP0001780,1780,Software Developer,55,No,229477,1,45.95
EMP0001781,1781,Software Developer,42,No,179306,0,4.17
EMP0001782,1782,Tax Specialist,30,No,103141,1,50.0
EMP0001783,1783,Financial Analyst,31,No,105431,0,61.54
EMP0001784,1784,DevOps Engineer,36,No,128288,0,22.22
EMP0001785,1785,Operations Manager,27,No,46139,0,0.0
EMP0001786,1786,DevOps Engineer,34,No,108896,1,6.25
EMP0001787,1787,DevOps Engineer,28,No,102296,1,30.0
EMP0001788,1788,Operations Analyst,55,No,190030,1,10.81
EMP0001789,1789,Tax Specialist,27,No,104451,1,11.11
EMP0001790,1790,Operations Analyst,30,No,97942,0,16.67
EMP0001791,1791,Operations Manager,30,No,90681,1,16.67
EMP0001792,1792,DevOps Engineer,35,No,150516,1,47.06
EMP0001793,1793,Data Engineer,25,No,59372,0,14.29
EMP0001794,1794,Software Developer,27,No,68361,1,11.11
EMP0001795,1795,IT Manager,39,No,143727,1,38.1
EMP0001796,1796,Tax Specialist,28,No,88726,1,30.0
EMP0001797,1797,CFO,44,No,252798,1,0.0
EMP0001799,1799,Operations Director,26,No,42785,0,25.0
EMP0001800,1800,Financial Analyst,24,No,64068,0,0.0
EMP0001801,1801,IT Manager,25,No,53539,0,42.86
EMP0001802,1802,Financial Analyst,24,No,68266,1,0.0
EMP0001803,1803,CFO,26,No,63287,0,0.0
EMP0001804,1804,Tax Specialist,22,No,63542,0,0.0
EMP0001805,1805,IT Manager,28,No,101345,0,40.0
EMP0001806,1806,Supply Chain,27,No,43021,1,11.11
EMP0001807,1807,CFO,21,No,50945,0,0.0
EMP0001808,1808,Operations Manager,26,No,58788,1,25.0
EMP0001809,1809,Operations Analyst,32,No,80380,0,14.29
EMP0001810,1810,System Admin,23,No,58978,1,20.0
EMP0001811,1811,Finance Manager,29,No,56060,0,0.0
EMP0001812,1812,IT Manager,46,No,255033,1,39.29
EMP0001813,1813,System Admin,24,No,56683,0,16.67
EMP0001814,1814,Supply Chain,26,No,56252,0,12.5
EMP0001815,1815,Operations Manager,37,No,144234,1,5.26
EMP0001816,1816,Operations Manager,35,No,84412,0,29.41
EMP0001817,1817,Data Engineer,23,No,53465,0,0.0
EMP0001818,1818,CFO,37,No,175898,0,0.0
EMP0001819,1819,Software Developer,28,No,72101,1,10.0
EMP0001820,1820,Financial Analyst,31,No,107147,1,30.77
EMP0001821,1821,Data Engineer,28,No,97451,0,40.0
EMP0001822,1822,Software Developer,24,No,57079,1,33.33
EMP0001823,1823,Operations Manager,39,No,133601,1,33.33
EMP0001824,1824,Supply Chain,31,No,62959,0,15.38
EMP0001825,1825,Data Engineer,32,No,99414,1,14.29
EMP0001826,1826,Finance Manager,35,No,88838,0,5.88
EMP0001827,1827,Logistics,30,No,100960,0,0.0
EMP0001828,1828,IT Manager,38,No,142408,1,50.0
EMP0001829,1829,Operations Manager,27,No,43255,0,0.0
EMP0001830,1830,Logistics,28,No,87433,1,40.0
EMP0001831,1831,Supply Chain,32,No,81877,0,21.43
EMP0001832,1832,Software Developer,31,No,95539,0,0.0
EMP0001833,1833,Data Engineer,30,No,116868,0,41.67
EMP0001834,1834,Operations Analyst,41,No,163023,0,17.39
EMP0001835,1835,Operations Manager,24,No,43743,0,0.0
EMP0001836,1836,CFO,22,No,61617,0,0.0
EMP0001837,1837,Finance Manager,28,No,91531,0,40.0
EMP0001838,1838,DevOps Engineer,24,No,51796,1,0.0
EMP0001839,1839,Operations Manager,32,No,72597,1,0.0
EMP0001840,1840,DevOps Engineer,29,No,100741,0,0.0
EMP0001841,1841,Logistics,32,No,86208,0,21.43
EMP0001842,1842,Accountant,27,No,94286,1,44.44
EMP0001843,1843,Tax Specialist,24,No,59136,0,0.0
EMP0001844,1844,Operations Director,36,No,129277,0,38.89
EMP0001845,1845,IT Manager,27,No,56629,1,0.0
EMP0001846,1846,Software Developer,28,No,68640,1,30.0
EMP0001847,1847,IT Manager,33,No,88321,0,33.33
EMP0001848,1848,Data Engineer,28,No,65161,1,0.0
EMP0001849,1849,IT Manager,25,No,55795,0,0.0
EMP0001850,1850,System Admin,32,No,108491,0,21.43
EMP0001851,1851,DevOps Engineer,26,No,70159,0,25.0
EMP0001852,1852,Software Developer,31,No,101379,1,7.69
EMP0001853,1853,Software Developer,40,No,172691,1,31.82
EMP0001854,1854,Finance Manager,27,No,98780,0,11.11
EMP0001855,1855,Logistics,28,No,58980,1,10.0
EMP0001856,1856,Operations Analyst,56,No,217745,1,15.79
EMP0001857,1857,DevOps Engineer,45,No,147634,1,3.7
EMP0001859,1859,Financial Analyst,31,No,93893,0,53.85
EMP0001860,1860,Operations Manager,26,No,96247,0,12.5
EMP0001861,1861,Operations Director,37,No,178211,0,47.37
EMP0001862,1862,DevOps Engineer,36,No,150423,1,38.89
EMP0001863,1863,Software Developer,32,No,89793,0,35.71
EMP0001864,1864,Software Developer,26,No,53779,0,0.0
EMP0001865,1865,Software Developer,27,No,54098,1,0.0
EMP0001866,1866,Logistics,26,No,77328,0,0.0
EMP0001867,1867,Data Engineer,32,No,98448,1,0.0
EMP0001868,1868,Software Developer,24,No,67741,1,33.33
EMP0001870,1870,Software Developer,31,No,87776,1,46.15
EMP0001871,1871,CFO,30,No,102568,0,25.0
EMP0001872,1872,Finance Manager,25,No,55848,0,0.0
EMP0001873,1873,IT Manager,26,No,61386,1,0.0
EMP0001874,1874,Software Developer,30,No,103844,1,0.0
EMP0001875,1875,Data Engineer,30,No,116262,1,33.33
EMP0001876,1876,IT Manager,52,No,266603,1,35.29
EMP0001877,1877,System Admin,27,No,54884,1,11.11
EMP0001878,1878,CFO,28,No,90932,0,70.0
EMP0001879,1879,Supply Chain,29,No,41660,0,0.0
EMP0001880,1880,Software Developer,29,No,110293,1,0.0
EMP0001881,1881,CFO,29,No,70096,1,9.09
EMP0001882,1882,Logistics,29,No,50472,0,27.27
EMP0001883,1883,Supply Chain,36,No,128767,0,0.0
EMP0001884,1884,Tax Specialist,34,No,156361,0,12.5
EMP0001885,1885,Finance Manager,27,No,47144,1,22.22
EMP0001886,1886,Data Engineer,25,No,64583,0,0.0
EMP0001887,1887,Operations Director,39,No,160239,1,33.33
EMP0001888,1888,IT Manager,28,No,97566,1,20.0
EMP0001889,1889,Finance Manager,31,No,83678,1,7.69
EMP0001890,1890,Operations Manager,26,No,42599,1,0.0
EMP0001891,1891,Data Engineer,30,No,62034,0,0.0
EMP0001892,1892,Operations Analyst,29,No,82592,0,0.0
EMP0001893,1893,Data Engineer,25,No,58912,0,14.29
EMP0001894,1894,Supply Chain,36,No,84572,1,27.78
EMP0001895,1895,DevOps Engineer,30,No,91658,1,8.33
EMP0001896,1896,Software Developer,28,No,116613,1,10.0
EMP0001897,1897,Accountant,30,No,106649,0,8.33
EMP0001898,1898,Operations Director,28,No,85245,0,10.0
EMP0001899,1899,IT Manager,24,No,54899,1,0.0
EMP0001900,1900,Data Engineer,31,No,97854,1,0.0
EMP0001901,1901,Software Developer,34,No,104651,1,31.25
EMP0001902,1902,Data Engineer,39,No,174830,1,23.81
EMP0001903,1903,Logistics,46,No,181704,1,3.57
EMP0001904,1904,Accountant,32,No,88609,1,14.29
EMP0001905,1905,System Admin,27,No,99876,0,55.56
EMP0001906,1906,IT Manager,30,No,100050,0,0.0
EMP0001907,1907,Operations Manager,40,No,166014,1,59.09
EMP0001908,1908,DevOps Engineer,39,No,159838,1,14.29
EMP0001909,1909,CFO,55,No,266393,0,40.54
EMP0001910,1910,Data Engineer,33,No,100200,1,20.0
EMP0001911,1911,Software Developer,25,No,55567,1,0.0
EMP0001912,1912,Logistics,41,No,90583,0,4.35
EMP0001913,1913,CFO,38,No,142675,0,25.0
EMP0001914,1914,Data Engineer,34,No,100538,1,0.0
EMP0001915,1915,Finance Manager,30,No,54319,1,25.0
EMP0001916,1916,Supply Chain,26,No,61358,0,25.0
EMP0001917,1917,Data Engineer,25,No,49634,1,0.0
EMP0001918,1918,Data Engineer,40,No,161311,1,40.91
EMP0001919,1919,Operations Director,56,No,238465,0,47.37
EMP0001920,1920,IT Manager,28,No,103039,1,40.0
EMP0001921,1921,DevOps Engineer,28,No,63305,1,10.0
EMP0001922,1922,Tax Specialist,29,No,89576,0,36.36
EMP0001923,1923,Software Developer,24,No,65542,1,0.0
EMP0001924,1924,IT Manager,26,No,60277,0,0.0
EMP0001926,1926,Finance Manager,32,No,102001,0,21.43
EMP0001927,1927,Accountant,40,No,147208,1,40.91
EMP0001928,1928,DevOps Engineer,31,No,100587,0,15.38
EMP0001929,1929,System Admin,33,No,86078,1,13.33
EMP0001930,1930,Data Engineer,31,No,94304,1,0.0
EMP0001931,1931,Finance Manager,29,No,64000,1,9.09
EMP0001932,1932,Accountant,34,No,101893,0,37.5
EMP0001933,1933,Operations Analyst,30,No,50169,0,8.33
EMP0001934,1934,Software Developer,28,No,53331,1,0.0
EMP0001935,1935,Operations Director,42,No,127296,1,58.33
EMP0001936,1936,Finance Manager,28,No,109917,0,20.0
EMP0001937,1937,Software Developer,43,No,160899,1,48.0
EMP0001938,1938,Operations Manager,31,No,59160,1,7.69
EMP0001939,1939,IT Manager,34,No,88261,1,31.25
EMP0001940,1940,Accountant,27,No,93102,0,77.78
EMP0001941,1941,DevOps Engineer,23,No,60645,0,0.0
EMP0001942,1942,Operations Manager,33,No,104512,0,20.0
EMP0001943,1943,Finance Manager,38,No,99056,1,25.0
EMP0001944,1944,IT Manager,22,No,69712,0,25.0
EMP0001945,1945,Finance Manager,30,No,98709,0,25.0
EMP0001946,1946,Tax Specialist,25,No,65441,1,0.0
EMP0001947,1947,System Admin,29,No,102613,0,36.36
EMP0001948,1948,Logistics,36,No,77135,1,16.67
EMP0001949,1949,Operations Director,37,No,84440,1,31.58
EMP0001950,1950,DevOps Engineer,30,No,102377,1,0.0
EMP0001951,1951,Logistics,35,No,130721,0,5.88
EMP0001952,1952,System Admin,30,No,114811,1,25.0
EMP0001953,1953,Accountant,33,No,106552,0,26.67
EMP0001954,1954,Accountant,28,No,85727,1,0.0
EMP0001955,1955,Financial Analyst,28,No,104599,0,60.0
EMP0001956,1956,Operations Manager,44,No,236709,1,19.23
EMP0001957,1957,DevOps Engineer,35,No,97359,0,11.76
EMP0001958,1958,DevOps Engineer,31,No,104692,0,30.77
EMP0001959,1959,Software Developer,29,No,56967,1,0.0
EMP0001960,1960,Tax Specialist,30,No,81074,0,33.33
EMP0001961,1961,IT Manager,34,No,98873,0,6.25
EMP0001962,1962,Operations Director,36,No,122155,1,27.78
EMP0001963,1963,DevOps Engineer,33,No,101682,1,20.0
EMP0001964,1964,Logistics,24,No,53088,1,16.67
EMP0001965,1965,Finance Manager,38,No,104969,1,25.0
EMP0001966,1966,Software Developer,35,No,173662,0,5.88
EMP0001968,1968,Data Engineer,33,No,88783,1,40.0
EMP0001969,1969,Operations Manager,31,No,76300,1,7.69
EMP0001970,1970,Software Developer,39,No,154851,0,23.81
EMP0001971,1971,Tax Specialist,30,No,81857,1,50.0
EMP0001972,1972,Logistics,31,No,77159,0,46.15
EMP0001973,1973,Software Developer,25,No,61844,0,0.0
EMP0001974,1974,Accountant,23,No,55211,0,0.0
EMP0001975,1975,System Admin,27,No,61952,0,0.0
EMP0001976,1976,DevOps Engineer,32,No,92891,0,0.0
EMP0001977,1977,Logistics,36,No,128405,0,61.11
EMP0001978,1978,Data Engineer,29,No,112170,1,27.27
EMP0001979,1979,Accountant,23,No,60107,0,20.0
EMP0001980,1980,Operations Director,32,No,61254,0,14.29
EMP0001981,1981,Operations Analyst,32,No,89208,1,35.71
EMP0001982,1982,Operations Analyst,21,No,44248,1,0.0
EMP0001984,1984,Software Developer,35,No,143915,0,0.0
EMP0001986,1986,Operations Director,33,No,140045,1,0.0
EMP0001987,1987,CFO,50,No,292229,0,84.38
EMP0001988,1988,Software Developer,27,No,86905,0,22.22
EMP0001989,1989,Data Engineer,28,No,50015,1,0.0
EMP0001990,1990,System Admin,25,No,69149,0,28.57
EMP0001991,1991,IT Manager,31,No,112897,1,7.69
EMP0001992,1992,CFO,25,No,48450,0,0.0
EMP0001993,1993,IT Manager,32,No,106181,0,28.57
EMP0001994,1994,Software Developer,41,No,148324,1,47.83
EMP0001995,1995,Accountant,30,No,92507,1,25.0
EMP0001996,1996,Software Developer,30,No,92197,0,25.0
EMP0001997,1997,DevOps Engineer,28,No,55514,0,0.0
EMP0001998,1998,Supply Chain,49,No,202462,1,16.13
EMP0001999,1999,Software Developer,26,No,61531,1,0.0
EMP0002000,2000,DevOps Engineer,23,No,53599,0,0.0
EMP0002001,2001,Operations Manager,28,No,93777,0,40.0
EMP0002002,2002,Operations Analyst,30,No,89885,1,16.67
EMP0002003,2003,Operations Analyst,37,No,127154,1,10.53
EMP0002004,2004,Logistics,34,No,129079,1,18.75
EMP0002005,2005,DevOps Engineer,43,No,170194,1,28.0
EMP0002006,2006,Operations Manager,35,No,141851,0,35.29
EMP0002007,2007,CFO,42,No,179122,1,58.33
EMP0002008,2008,Finance Manager,37,No,100623,0,15.79
EMP0002009,2009,System Admin,48,No,232262,1,0.0
EMP0002010,2010,Finance Manager,32,No,96577,1,0.0
EMP0002011,2011,Operations Director,28,No,49295,0,0.0
EMP0002012,2012,Finance Manager,32,No,102067,1,7.14
EMP0002013,2013,System Admin,28,No,70598,0,0.0
EMP0002014,2014,DevOps Engineer,58,No,234689,1,45.0
EMP0002015,2015,Software Developer,28,No,61202,0,10.0
EMP0002016,2016,Data Engineer,43,No,182142,1,0.0
EMP0002017,2017,DevOps Engineer,36,No,148999,0,27.78
EMP0002019,2019,Tax Specialist,37,No,106704,1,31.58
EMP0002021,2021,IT Manager,32,No,102242,0,14.29
EMP0002022,2022,System Admin,27,No,57191,0,0.0
EMP0002023,2023,Software Developer,25,No,59563,1,0.0
EMP0002024,2024,Operations Director,39,No,162104,0,38.1
EMP0002025,2025,CFO,23,No,51868,0,40.0
EMP0002026,2026,System Admin,28,No,50493,0,0.0
EMP0002027,2027,Operations Analyst,29,No,81334,1,27.27
EMP0002028,2028,Tax Specialist,34,No,83636,0,25.0
EMP0002029,2029,Operations Director,25,No,53194,0,0.0
EMP0002030,2030,Operations Director,26,No,42489,1,25.0
EMP0002031,2031,Tax Specialist,30,No,114119,1,0.0
EMP0002032,2032,DevOps Engineer,31,No,104505,0,0.0
EMP0002033,2033,Operations Analyst,25,No,51527,0,0.0
EMP0002034,2034,Operations Director,32,No,45571,0,0.0
EMP0002035,2035,Operations Analyst,30,No,101398,0,33.33
EMP0002036,2036,Accountant,34,No,88352,0,0.0
EMP0002037,2037,Logistics,36,No,82192,0,0.0
EMP0002038,2038,Operations Analyst,33,No,138207,0,33.33
EMP0002039,2039,Data Engineer,29,No,55180,1,0.0
EMP0002040,2040,Tax Specialist,25,No,93464,0,28.57
EMP0002041,2041,IT Manager,34,No,109439,0,12.5
EMP0002042,2042,System Admin,36,No,139940,1,5.56
EMP0002043,2043,Financial Analyst,26,No,62441,0,25.0
EMP0002044,2044,Operations Director,33,No,147108,0,0.0
EMP0002045,2045,Data Engineer,21,No,53334,0,0.0
EMP0002046,2046,CFO,28,No,83677,1,50.0
EMP0002047,2047,Accountant,28,No,110696,0,40.0
EMP0002048,2048,Financial Analyst,30,No,106811,0,50.0
EMP0002049,2049,Operations Manager,41,No,145998,0,21.74
EMP0002050,2050,Software Developer,34,No,94152,0,37.5
EMP0002051,2051,Logistics,22,No,42330,1,0.0
EMP0002052,2052,IT Manager,21,No,60187,0,33.33
EMP0002053,2053,Operations Manager,35,No,97786,1,41.18
EMP0002054,2054,System Admin,33,No,99836,1,40.0
EMP0002055,2055,Supply Chain,27,No,43340,0,0.0
EMP0002056,2056,Tax Specialist,21,No,66785,0,0.0
EMP0002057,2057,Operations Analyst,52,No,253212,1,29.41
EMP0002058,2058,CFO,23,No,45370,0,0.0
EMP0002059,2059,System Admin,38,No,150669,1,40.0
EMP0002060,2060,Operations Director,29,No,93255,0,27.27
EMP0002061,2061,Operations Analyst,25,No,47481,0,14.29
EMP0002062,2062,IT Manager,37,No,155421,1,68.42
EMP0002063,2063,Supply Chain,31,No,99916,0,46.15
EMP0002064,2064,IT Manager,33,No,106542,0,13.33
EMP0002065,2065,CFO,26,No,100854,1,37.5
EMP0002066,2066,Operations Analyst,54,No,211620,1,52.78
EMP0002067,2067,Financial Analyst,27,No,104663,1,33.33
EMP0002068,2068,Software Developer,23,No,56988,1,0.0
EMP0002069,2069,Financial Analyst,33,No,103251,0,20.0
EMP0002070,2070,Operations Director,29,No,53155,0,0.0
EMP0002071,2071,Logistics,22,No,46369,1,25.0
EMP0002072,2072,Data Engineer,28,No,68889,0,20.0
EMP0002073,2073,Operations Director,36,No,98285,0,16.67
EMP0002074,2074,IT Manager,31,No,98362,1,0.0
EMP0002075,2075,Operations Analyst,37,No,169116,0,5.26
EMP0002076,2076,Operations Analyst,42,No,131523,0,4.17
EMP0002077,2077,Data Engineer,28,No,102069,0,10.0
EMP0002078,2078,DevOps Engineer,26,No,99126,1,0.0
EMP0002079,2079,CFO,39,No,99915,1,28.57
EMP0002080,2080,Supply Chain,38,No,87587,0,10.0
EMP0002081,2081,Finance Manager,38,No,181430,0,5.0
EMP0002082,2082,CFO,31,No,91091,1,7.69
EMP0002083,2083,Supply Chain,26,No,47063,0,12.5
EMP0002084,2084,Operations Analyst,29,No,40639,0,0.0
EMP0002085,2085,Operations Manager,39,No,161911,0,47.62
EMP0002086,2086,System Admin,30,No,97105,1,25.0
EMP0002087,2087,Operations Analyst,30,No,58802,1,8.33
EMP0002088,2088,Supply Chain,28,No,45590,0,0.0
EMP0002089,2089,System Admin,31,No,83503,1,23.08
EMP0002090,2090,CFO,23,No,62053,1,20.0
EMP0002091,2091,Software Developer,30,No,48800,1,16.67
EMP0002092,2092,Accountant,41,No,154279,0,0.0
EMP0002093,2093,Supply Chain,32,No,89932,0,28.57
EMP0002094,2094,Accountant,27,No,45672,1,0.0
EMP0002095,2095,IT Manager,23,No,53375,0,20.0
EMP0002096,2096,IT Manager,30,No,96038,1,16.67
EMP0002097,2097,Data Engineer,39,No,155540,0,14.29
EMP0002099,2099,IT Manager,25,No,67452,1,28.57
EMP0002100,2100,DevOps Engineer,25,No,65998,1,0.0
EMP0002101,2101,IT Manager,24,No,55141,0,0.0
EMP0002102,2102,IT Manager,30,No,94450,1,33.33
EMP0002103,2103,DevOps Engineer,32,No,100511,0,0.0
EMP0002104,2104,Finance Manager,49,No,231330,0,41.94
EMP0002105,2105,Data Engineer,30,No,62758,1,8.33
EMP0002106,2106,DevOps Engineer,35,No,105895,0,29.41
EMP0002107,2107,Data Engineer,30,No,69177,1,0.0
EMP0002108,2108,Data Engineer,28,No,63674,0,0.0
EMP0002109,2109,DevOps Engineer,37,No,97577,0,26.32
EMP0002110,2110,Logistics,29,No,43489,0,9.09
EMP0002111,2111,IT Manager,26,No,106088,0,0.0
EMP0002112,2112,IT Manager,26,No,59582,1,37.5
EMP0002113,2113,System Admin,39,No,149855,1,52.38
EMP0002114,2114,IT Manager,33,No,164928,0,26.67
EMP0002115,2115,Operations Director,54,No,233372,0,13.89
EMP0002116,2116,Data Engineer,23,No,64761,0,0.0
EMP0002117,2117,Supply Chain,23,No,57670,0,0.0
EMP0002118,2118,Financial Analyst,28,No,80967,1,50.0
EMP0002119,2119,DevOps Engineer,27,No,56672,0,11.11
EMP0002120,2120,DevOps Engineer,27,No,63033,1,11.11
EMP0002121,2121,Operations Analyst,38,No,79779,0,5.0
EMP0002122,2122,Logistics,37,No,102492,1,0.0
EMP0002123,2123,Operations Manager,34,No,84587,0,6.25
EMP0002124,2124,Data Engineer,32,No,106038,0,7.14
EMP0002125,2125,Data Engineer,23,No,57434,1,0.0
EMP0002126,2126,Finance Manager,27,No,88785,0,44.44
EMP0002127,2127,Software Developer,43,No,178889,1,32.0
EMP0002128,2128,Finance Manager,31,No,97859,0,46.15
EMP0002129,2129,Supply Chain,37,No,123780,1,15.79
EMP0002130,2130,Software Developer,31,No,58944,1,0.0
EMP0002131,2131,Accountant,22,No,67733,0,0.0
EMP0002132,2132,IT Manager,36,No,175219,0,44.44
EMP0002134,2134,Logistics,23,No,47689,1,0.0
EMP0002135,2135,Operations Manager,53,No,258552,0,51.43
EMP0002136,2136,Finance Manager,28,No,104234,1,50.0
EMP0002137,2137,Supply Chain,32,No,74562,1,0.0
EMP0002138,2138,Operations Director,29,No,45801,1,18.18
EMP0002139,2139,Data Engineer,27,No,51073,1,22.22
EMP0002140,2140,Financial Analyst,29,No,100662,1,36.36
EMP0002141,2141,Supply Chain,41,No,162132,1,43.48
EMP0002143,2143,CFO,32,No,128727,0,14.29
EMP0002144,2144,Financial Analyst,29,No,61759,0,9.09
EMP0002145,2145,IT Manager,24,No,58374,1,0.0
EMP0002146,2146,System Admin,28,No,55739,1,0.0
EMP0002147,2147,DevOps Engineer,31,No,108309,1,7.69
EMP0002148,2148,Software Developer,32,No,93357,1,7.14
EMP0002149,2149,Financial Analyst,27,No,49658,1,0.0
EMP0002150,2150,Accountant,37,No,149411,1,63.16
EMP0002151,2151,CFO,37,No,152429,0,26.32
EMP0002152,2152,Tax Specialist,28,No,89130,1,0.0
EMP0002153,2153,Accountant,36,No,158510,0,5.56
EMP0002154,2154,DevOps Engineer,28,No,97643,1,30.0
EMP0002155,2155,Supply Chain,30,No,77051,1,25.0
EMP0002156,2156,Finance Manager,34,No,93530,1,0.0
EMP0002157,2157,IT Manager,29,No,60418,1,0.0
EMP0002158,2158,Operations Director,29,No,87951,1,9.09
EMP0002159,2159,Finance Manager,35,No,146033,1,64.71
EMP0002160,2160,Operations Analyst,33,No,92604,0,33.33
EMP0002161,2161,Data Engineer,28,No,115591,0,40.0
EMP0002162,2162,Financial Analyst,34,No,97639,1,18.75
EMP0002163,2163,System Admin,35,No,94659,1,5.88
EMP0002164,2164,Software Developer,29,No,62955,1,9.09
EMP0002165,2165,System Admin,33,No,94230,0,13.33
EMP0002166,2166,IT Manager,29,No,106115,0,0.0
EMP0002167,2167,Operations Manager,30,No,93182,1,8.33
EMP0002168,2168,Operations Director,23,No,55102,0,20.0
EMP0002169,2169,Data Engineer,30,No,85499,1,16.67
EMP0002170,2170,Financial Analyst,24,No,65875,1,16.67
EMP0002171,2171,Software Developer,32,No,107565,1,28.57
EMP0002172,2172,Tax Specialist,30,No,98632,1,0.0
EMP0002173,2173,Data Engineer,31,No,101321,0,46.15
EMP0002174,2174,Operations Manager,27,No,51198,0,11.11
EMP0002175,2175,Accountant,36,No,86906,0,0.0
EMP0002176,2176,Operations Director,32,No,133415,0,0.0
EMP0002177,2177,Financial Analyst,24,No,61116,1,0.0
EMP0002178,2178,Data Engineer,27,No,99350,0,55.56
EMP0002179,2179,Operations Director,29,No,51735,1,0.0
EMP0002180,2180,Accountant,34,No,98425,0,12.5
EMP0002181,2181,IT Manager,31,No,96554,1,23.08
EMP0002182,2182,Logistics,28,No,46121,1,10.0
EMP0002183,2183,Logistics,27,No,57586,0,0.0
EMP0002184,2184,Operations Analyst,25,No,59456,0,14.29
EMP0002185,2185,Software Developer,35,No,112692,1,11.76
EMP0002186,2186,IT Manager,34,No,111173,0,18.75
EMP0002187,2187,Finance Manager,29,No,99447,1,27.27
EMP0002188,2188,System Admin,28,No,92712,1,10.0
EMP0002189,2189,IT Manager,23,No,57158,1,0.0
EMP0002190,2190,CFO,26,No,59661,0,0.0
EMP0002191,2191,Logistics,26,No,52946,1,0.0
EMP0002192,2192,System Admin,24,No,55600,0,0.0
EMP0002193,2193,Data Engineer,29,No,88231,1,9.09
EMP0002194,2194,DevOps Engineer,27,No,57116,0,0.0
EMP0002195,2195,IT Manager,26,No,71495,0,0.0
EMP0002196,2196,Finance Manager,30,No,91828,0,25.0
EMP0002197,2197,DevOps Engineer,28,No,116752,1,60.0
EMP0002198,2198,Operations Manager,26,No,47513,1,0.0
EMP0002199,2199,Accountant,33,No,98902,0,0.0
EMP0002200,2200,IT Manager,30,No,112433,1,25.0
EMP0002201,2201,Tax Specialist,27,No,53529,1,0.0
EMP0002202,2202,Operations Analyst,51,No,259898,1,72.73
EMP0002203,2203,IT Manager,25,No,111420,0,28.57
EMP0002204,2204,Logistics,35,No,88984,0,23.53
EMP0002205,2205,Supply Chain,32,No,78856,0,7.14
EMP0002206,2206,Operations Director,36,No,147418,1,5.56
EMP0002207,2207,Operations Director,27,No,79466,0,22.22
EMP0002208,2208,System Admin,26,No,91677,0,12.5
EMP0002209,2209,DevOps Engineer,27,No,66452,1,22.22
EMP0002210,2210,Tax Specialist,25,No,50363,0,0.0
EMP0002211,2211,Software Developer,38,No,106999,0,5.0
EMP0002212,2212,Logistics,23,No,59030,0,0.0
EMP0002213,2213,CFO,37,No,178052,1,63.16
EMP0002214,2214,Supply Chain,24,No,50812,1,0.0
EMP0002215,2215,Finance Manager,23,No,54589,0,0.0
EMP0002216,2216,IT Manager,38,No,144021,0,45.0
EMP0002217,2217,DevOps Engineer,29,No,60868,1,0.0
EMP0002218,2218,System Admin,32,No,110734,1,28.57
EMP0002219,2219,Tax Specialist,39,No,146097,1,33.33
EMP0002220,2220,Accountant,28,No,48532,1,0.0
EMP0002221,2221,Operations Analyst,32,No,93949,0,7.14
EMP0002222,2222,Supply Chain,30,No,48002,1,0.0
EMP0002223,2223,Operations Director,32,No,79621,0,14.29
EMP0002224,2224,DevOps Engineer,22,No,60542,0,0.0
EMP0002225,2225,DevOps Engineer,28,No,57392,1,0.0
EMP0002226,2226,Operations Director,31,No,82151,0,23.08
EMP0002227,2227,System Admin,34,No,169156,1,0.0
EMP0002228,2228,IT Manager,31,No,107530,1,46.15
EMP0002229,2229,System Admin,29,No,60185,1,9.09
EMP0002230,2230,Finance Manager,24,No,53749,0,16.67
EMP0002231,2231,Operations Analyst,29,No,77870,1,0.0
EMP0002232,2232,Finance Manager,55,No,255125,1,59.46
EMP0002233,2233,Operations Manager,33,No,58367,0,6.67
EMP0002234,2234,DevOps Engineer,30,No,84381,1,0.0
EMP0002235,2235,Operations Analyst,30,No,49392,1,0.0
EMP0002236,2236,Financial Analyst,24,No,65521,0,0.0
EMP0002237,2237,Software Developer,35,No,170047,1,23.53
EMP0002238,2238,Supply Chain,32,No,80956,0,21.43
EMP0002239,2239,Tax Specialist,31,No,109016,1,38.46
EMP0002240,2240,System Admin,27,No,48727,0,11.11
EMP0002241,2241,Operations Manager,32,No,98965,1,28.57
EMP0002242,2242,IT Manager,33,No,96301,1,40.0
EMP0002243,2243,CFO,33,No,142848,0,73.33
EMP0002244,2244,Data Engineer,49,No,251625,1,70.97
EMP0002245,2245,Supply Chain,35,No,102967,1,35.29
EMP0002246,2246,IT Manager,31,No,108144,1,0.0
EMP0002247,2247,Data Engineer,27,No,99844,1,22.22
EMP0002248,2248,Software Developer,29,No,70039,1,9.09
EMP0002271,2271,IT Manager,34,No,95559,0,0.0
EMP0002249,2249,Operations Analyst,26,No,84817,1,0.0
EMP0002251,2251,Financial Analyst,38,No,104604,0,25.0
EMP0002252,2252,System Admin,29,No,115781,0,54.55
EMP0002253,2253,Operations Analyst,37,No,124537,0,21.05
EMP0002254,2254,Tax Specialist,29,No,106516,1,18.18
EMP0002255,2255,DevOps Engineer,36,No,132709,0,38.89
EMP0002256,2256,Tax Specialist,34,No,163241,0,6.25
EMP0002257,2257,Software Developer,30,No,61376,0,16.67
EMP0002258,2258,Finance Manager,33,No,170816,0,46.67
EMP0002259,2259,System Admin,29,No,93341,1,45.45
EMP0002260,2260,Accountant,24,No,49571,0,0.0
EMP0002261,2261,System Admin,26,No,54843,1,12.5
EMP0002262,2262,Supply Chain,42,No,220466,0,83.33
EMP0002263,2263,Operations Director,24,No,41762,1,16.67
EMP0002264,2264,DevOps Engineer,33,No,112451,0,20.0
EMP0002265,2265,Software Developer,29,No,90534,1,27.27
EMP0002266,2266,Logistics,25,No,43085,1,14.29
EMP0002267,2267,IT Manager,31,No,94388,1,23.08
EMP0002268,2268,Data Engineer,29,No,66063,1,18.18
EMP0002269,2269,Operations Analyst,27,No,52330,1,33.33
EMP0002270,2270,CFO,27,No,63510,0,11.11
EMP0002272,2272,Tax Specialist,26,No,53186,0,0.0
EMP0002273,2273,System Admin,35,No,147682,0,23.53
EMP0002274,2274,Financial Analyst,28,No,100556,1,80.0
EMP0002275,2275,Operations Manager,33,No,85285,1,26.67
EMP0002276,2276,Operations Analyst,44,No,163978,1,3.85
EMP0002277,2277,Data Engineer,30,No,68922,1,16.67
EMP0002278,2278,Tax Specialist,28,No,63097,1,10.0
EMP0002280,2280,DevOps Engineer,35,No,97553,1,23.53
EMP0002281,2281,Finance Manager,23,No,47775,1,20.0
EMP0002282,2282,Accountant,37,No,165984,1,47.37
EMP0002283,2283,CFO,25,No,62950,0,28.57
EMP0002284,2284,System Admin,33,No,126022,1,26.67
EMP0002285,2285,Supply Chain,26,No,57356,1,0.0
EMP0002286,2286,Finance Manager,32,No,106845,1,14.29
EMP0002287,2287,Operations Director,42,No,153297,1,25.0
EMP0002288,2288,Financial Analyst,27,No,116039,1,0.0
EMP0002289,2289,Data Engineer,31,No,109393,1,15.38
EMP0002290,2290,Accountant,27,No,58304,1,22.22
EMP0002291,2291,IT Manager,26,No,72991,1,12.5
EMP0002292,2292,IT Manager,27,No,97603,0,33.33
EMP0002293,2293,Software Developer,30,No,53960,1,8.33
EMP0002294,2294,Operations Director,30,No,58130,1,8.33
EMP0002295,2295,Software Developer,27,No,50427,1,0.0
EMP0002296,2296,Software Developer,29,No,103774,0,9.09
EMP0002297,2297,Operations Manager,40,No,136794,1,4.55
EMP0002298,2298,System Admin,53,No,263634,1,2.86
EMP0002299,2299,DevOps Engineer,23,No,57146,0,0.0
EMP0002300,2300,Supply Chain,23,No,41566,0,20.0
EMP0002301,2301,DevOps Engineer,36,No,187679,0,33.33
EMP0002302,2302,Operations Director,30,No,77072,0,33.33
EMP0002303,2303,Financial Analyst,35,No,147584,1,11.76
EMP0002304,2304,Finance Manager,22,No,46894,1,0.0
EMP0002305,2305,Software Developer,33,No,113745,0,13.33
EMP0002306,2306,Finance Manager,43,No,169921,0,40.0
EMP0002307,2307,Supply Chain,29,No,49403,0,18.18
EMP0002308,2308,Logistics,24,No,45581,0,33.33
EMP0002309,2309,System Admin,36,No,132739,1,11.11
EMP0002311,2311,Operations Director,40,No,87692,1,0.0
EMP0002312,2312,Operations Manager,25,No,86812,0,57.14
EMP0002313,2313,DevOps Engineer,32,No,172597,1,64.29
EMP0002314,2314,Operations Director,29,No,42098,1,18.18
EMP0002315,2315,Data Engineer,28,No,114554,1,30.0
EMP0002316,2316,DevOps Engineer,31,No,70538,0,7.69
EMP0002317,2317,Software Developer,37,No,165248,0,5.26
EMP0002318,2318,Supply Chain,31,No,80896,1,7.69
EMP0002319,2319,Software Developer,22,No,52620,1,0.0
EMP0002320,2320,DevOps Engineer,29,No,87047,0,27.27
EMP0002321,2321,Operations Analyst,39,No,162374,1,19.05
EMP0002322,2322,Accountant,25,No,45653,0,0.0
EMP0002323,2323,Data Engineer,46,No,148100,0,32.14
EMP0002324,2324,Operations Director,31,No,101906,0,46.15
EMP0002325,2325,Software Developer,29,No,115229,1,9.09
EMP0002326,2326,System Admin,34,No,104250,0,6.25
EMP0002327,2327,CFO,29,No,89589,1,9.09
EMP0002328,2328,IT Manager,36,No,98938,1,44.44
EMP0002329,2329,Operations Director,57,No,238718,0,12.82
EMP0002330,2330,System Admin,26,No,102031,1,12.5
EMP0002331,2331,System Admin,31,No,110088,0,38.46
EMP0002332,2332,Operations Manager,32,No,145380,0,0.0
EMP0002333,2333,Operations Director,31,No,101357,1,23.08
EMP0002334,2334,DevOps Engineer,30,No,101050,1,33.33
EMP0002335,2335,Operations Analyst,41,No,148233,0,30.43
EMP0002488,2488,Software Developer,23,No,69243,1,0.0
EMP0002336,2336,Operations Director,28,No,50210,0,20.0
EMP0002337,2337,Accountant,33,No,94119,1,20.0
EMP0002338,2338,Operations Analyst,31,No,76740,1,30.77
EMP0002339,2339,Data Engineer,24,No,64982,1,0.0
EMP0002340,2340,Supply Chain,29,No,59675,1,0.0
EMP0002341,2341,Operations Manager,40,No,168338,1,9.09
EMP0002342,2342,DevOps Engineer,31,No,92783,0,30.77
EMP0002343,2343,CFO,21,No,49080,0,0.0
EMP0002344,2344,Tax Specialist,28,No,48616,1,0.0
EMP0002345,2345,Operations Analyst,32,No,80919,1,28.57
EMP0002346,2346,Operations Analyst,30,No,84682,0,25.0
EMP0002347,2347,Tax Specialist,28,No,104392,1,10.0
EMP0002348,2348,System Admin,28,No,63175,0,0.0
EMP0002349,2349,System Admin,25,No,110908,0,0.0
EMP0002350,2350,Data Engineer,23,No,53575,0,40.0
EMP0002351,2351,Operations Analyst,28,No,45274,1,20.0
EMP0002352,2352,Operations Analyst,41,No,140990,1,39.13
EMP0002353,2353,Data Engineer,29,No,50326,1,0.0
EMP0002354,2354,Operations Analyst,40,No,91048,0,18.18
EMP0002355,2355,Software Developer,27,No,93823,1,0.0
EMP0002356,2356,Operations Analyst,27,No,57592,1,11.11
EMP0002357,2357,Data Engineer,27,No,107149,0,55.56
EMP0002358,2358,IT Manager,30,No,52664,1,8.33
EMP0002359,2359,Financial Analyst,25,No,102933,1,57.14
EMP0002360,2360,Software Developer,23,No,68025,1,0.0
EMP0002361,2361,Accountant,25,No,54863,0,0.0
EMP0002362,2362,System Admin,26,No,64276,0,0.0
EMP0002363,2363,DevOps Engineer,29,No,52681,0,18.18
EMP0002364,2364,Logistics,29,No,98705,1,72.73
EMP0002365,2365,CFO,33,No,85644,0,40.0
EMP0002366,2366,Operations Manager,24,No,57836,0,0.0
EMP0002367,2367,DevOps Engineer,37,No,110559,0,26.32
EMP0002368,2368,Operations Director,24,No,50541,0,16.67
EMP0002369,2369,System Admin,35,No,165740,1,0.0
EMP0002370,2370,Data Engineer,31,No,117096,1,46.15
EMP0002371,2371,Accountant,26,No,52286,1,25.0
EMP0002372,2372,Logistics,33,No,88929,0,20.0
EMP0002373,2373,Operations Analyst,25,No,58164,1,0.0
EMP0002374,2374,System Admin,30,No,98617,0,33.33
EMP0002375,2375,Logistics,36,No,152058,1,27.78
EMP0002376,2376,Operations Manager,39,No,144724,0,4.76
EMP0002377,2377,System Admin,38,No,177615,0,30.0
EMP0002378,2378,DevOps Engineer,29,No,101195,0,0.0
EMP0002379,2379,Logistics,28,No,80213,0,0.0
EMP0002380,2380,Supply Chain,26,No,42935,1,0.0
EMP0002381,2381,IT Manager,37,No,188258,0,68.42
EMP0002382,2382,DevOps Engineer,39,No,152904,1,42.86
EMP0002383,2383,Financial Analyst,42,No,155370,0,29.17
EMP0002384,2384,Software Developer,27,No,59305,1,22.22
EMP0002385,2385,DevOps Engineer,29,No,113427,0,27.27
EMP0002386,2386,IT Manager,31,No,92393,1,15.38
EMP0002387,2387,Operations Analyst,29,No,97221,1,9.09
EMP0002388,2388,Supply Chain,32,No,55731,1,14.29
EMP0002389,2389,CFO,33,No,89400,1,40.0
EMP0002390,2390,Accountant,32,No,100184,1,28.57
EMP0002391,2391,DevOps Engineer,29,No,84979,1,54.55
EMP0002392,2392,System Admin,32,No,107827,1,57.14
EMP0002393,2393,Operations Manager,32,No,73725,1,21.43
EMP0002394,2394,Tax Specialist,25,No,80456,1,14.29
EMP0002395,2395,DevOps Engineer,42,No,148113,0,29.17
EMP0002397,2397,Software Developer,27,No,55815,0,0.0
EMP0002398,2398,DevOps Engineer,36,No,165718,1,22.22
EMP0002399,2399,IT Manager,28,No,87740,0,30.0
EMP0002400,2400,CFO,26,No,61990,1,12.5
EMP0002401,2401,Software Developer,26,No,62165,1,12.5
EMP0002402,2402,Tax Specialist,28,No,55408,1,0.0
EMP0002403,2403,Supply Chain,35,No,127211,0,0.0
EMP0002404,2404,Finance Manager,27,No,67019,1,0.0
EMP0002405,2405,Logistics,23,No,42226,0,0.0
EMP0002406,2406,Data Engineer,30,No,153486,1,58.33
EMP0002407,2407,Software Developer,32,No,92059,0,42.86
EMP0002408,2408,Supply Chain,37,No,154746,1,52.63
EMP0002409,2409,IT Manager,25,No,57233,1,14.29
EMP0002410,2410,Operations Manager,30,No,89390,0,0.0
EMP0002411,2411,DevOps Engineer,23,No,50677,0,0.0
EMP0002412,2412,CFO,28,No,113496,0,30.0
EMP0002413,2413,Logistics,30,No,94616,0,16.67
EMP0002414,2414,Data Engineer,37,No,180006,1,57.89
EMP0002415,2415,Operations Analyst,24,No,52675,0,0.0
EMP0002416,2416,System Admin,31,No,96676,0,0.0
EMP0002417,2417,Software Developer,28,No,65733,1,0.0
EMP0002418,2418,Data Engineer,34,No,93571,0,6.25
EMP0002419,2419,Supply Chain,36,No,96666,1,16.67
EMP0002420,2420,IT Manager,24,No,56282,1,0.0
EMP0002421,2421,Data Engineer,26,No,65634,0,37.5
EMP0002422,2422,System Admin,27,No,58243,0,0.0
EMP0002423,2423,Operations Manager,34,No,97542,1,12.5
EMP0002424,2424,System Admin,33,No,101330,1,20.0
EMP0002425,2425,IT Manager,25,No,54840,1,28.57
EMP0002426,2426,Data Engineer,35,No,105946,1,41.18
EMP0002427,2427,IT Manager,29,No,86702,1,45.45
EMP0002428,2428,Operations Director,47,No,135125,1,0.0
EMP0002429,2429,Logistics,25,No,94640,0,28.57
EMP0002430,2430,Logistics,26,No,47224,0,25.0
EMP0002431,2431,System Admin,22,No,48382,0,0.0
EMP0002432,2432,Operations Director,24,No,57207,1,0.0
EMP0002433,2433,Logistics,27,No,43248,1,0.0
EMP0002434,2434,Operations Director,26,No,42589,0,0.0
EMP0002435,2435,Finance Manager,22,No,54223,1,25.0
EMP0002436,2436,Operations Analyst,29,No,47327,0,0.0
EMP0002437,2437,System Admin,33,No,107341,1,20.0
EMP0002438,2438,Logistics,24,No,47895,0,0.0
EMP0002439,2439,CFO,28,No,81829,1,40.0
EMP0002440,2440,Operations Analyst,27,No,88313,0,22.22
EMP0002441,2441,Operations Manager,31,No,130241,0,69.23
EMP0002442,2442,Operations Manager,27,No,45501,1,0.0
EMP0002443,2443,Software Developer,38,No,169622,0,5.0
EMP0002444,2444,Operations Analyst,39,No,137156,0,9.52
EMP0002446,2446,Data Engineer,32,No,56018,0,0.0
EMP0002447,2447,Data Engineer,26,No,53856,1,12.5
EMP0002448,2448,Logistics,28,No,56282,1,0.0
EMP0002449,2449,Supply Chain,35,No,138609,0,41.18
EMP0002450,2450,Financial Analyst,38,No,184553,1,5.0
EMP0002451,2451,Software Developer,41,No,177834,1,0.0
EMP0002452,2452,Supply Chain,37,No,82516,1,21.05
EMP0002453,2453,IT Manager,31,No,53699,1,0.0
EMP0002454,2454,Data Engineer,35,No,108328,1,11.76
EMP0002455,2455,CFO,24,No,51129,0,0.0
EMP0002456,2456,DevOps Engineer,25,No,65401,1,0.0
EMP0002457,2457,Finance Manager,41,No,167547,1,56.52
EMP0002458,2458,DevOps Engineer,34,No,155050,1,56.25
EMP0002459,2459,CFO,37,No,171600,0,21.05
EMP0002460,2460,System Admin,37,No,169605,0,26.32
EMP0002461,2461,Data Engineer,25,No,54806,0,14.29
EMP0002462,2462,Data Engineer,29,No,109132,0,36.36
EMP0002463,2463,Data Engineer,27,No,70965,0,11.11
EMP0002464,2464,Operations Director,31,No,114788,1,30.77
EMP0002465,2465,Operations Analyst,37,No,125380,0,63.16
EMP0002466,2466,Operations Manager,35,No,160844,0,11.76
EMP0002467,2467,CFO,25,No,66014,0,14.29
EMP0002468,2468,Operations Director,23,No,48888,0,0.0
EMP0002469,2469,Accountant,45,No,262362,0,70.37
EMP0002470,2470,Operations Manager,24,No,52710,0,0.0
EMP0002471,2471,Operations Director,29,No,97280,0,18.18
EMP0002472,2472,Software Developer,28,No,60222,1,0.0
EMP0002473,2473,Operations Analyst,35,No,76989,0,0.0
EMP0002474,2474,Data Engineer,34,No,105241,0,6.25
EMP0002475,2475,Supply Chain,30,No,88986,0,50.0
EMP0002476,2476,CFO,24,No,48225,1,0.0
EMP0002477,2477,IT Manager,33,No,113934,1,0.0
EMP0002478,2478,Data Engineer,26,No,84605,0,50.0
EMP0002479,2479,CFO,30,No,97841,0,8.33
EMP0002480,2480,DevOps Engineer,30,No,110272,1,0.0
EMP0002481,2481,Finance Manager,54,No,250438,1,13.89
EMP0002482,2482,Supply Chain,35,No,141773,1,64.71
EMP0002483,2483,Data Engineer,31,No,130035,1,84.62
EMP0002484,2484,Operations Analyst,37,No,146720,1,0.0
EMP0002486,2486,System Admin,44,No,169774,1,50.0
EMP0002487,2487,Data Engineer,30,No,69906,0,25.0
EMP0002489,2489,Software Developer,28,No,54521,1,20.0
EMP0002490,2490,Software Developer,27,No,96509,0,22.22
EMP0002491,2491,Data Engineer,34,No,167080,1,56.25
EMP0002492,2492,Operations Analyst,26,No,47223,0,37.5
EMP0002493,2493,IT Manager,31,No,94977,1,7.69
EMP0002494,2494,IT Manager,42,No,165303,0,29.17
EMP0002495,2495,Financial Analyst,30,No,61941,0,16.67
EMP0002496,2496,IT Manager,27,No,70946,1,22.22
EMP0002497,2497,System Admin,25,No,66205,0,14.29
EMP0002498,2498,Tax Specialist,31,No,85032,0,0.0
EMP0002499,2499,Operations Director,21,No,50748,1,0.0
EMP0002500,2500,Financial Analyst,28,No,88270,0,60.0
EMP0002501,2501,Operations Director,29,No,90985,1,18.18
EMP0002502,2502,Financial Analyst,29,No,57919,0,9.09
EMP0002503,2503,Software Developer,25,No,58906,0,14.29
EMP0002504,2504,Finance Manager,24,No,46835,0,0.0
EMP0002505,2505,Operations Director,25,No,42370,1,0.0
EMP0002506,2506,Software Developer,32,No,68555,0,0.0
EMP0002507,2507,Data Engineer,21,No,49866,1,0.0
EMP0002508,2508,Tax Specialist,32,No,102564,1,28.57
EMP0002510,2510,Finance Manager,40,No,154752,1,50.0
EMP0002511,2511,Financial Analyst,42,No,154347,0,12.5
EMP0002512,2512,Data Engineer,28,No,68731,0,0.0
EMP0002513,2513,DevOps Engineer,27,No,59323,0,33.33
EMP0002514,2514,IT Manager,31,No,96320,1,7.69
EMP0002515,2515,Operations Director,36,No,98450,1,5.56
EMP0002516,2516,Operations Analyst,30,No,95998,0,0.0
EMP0002517,2517,Operations Manager,29,No,58407,1,27.27
EMP0002518,2518,Logistics,34,No,85822,0,0.0
EMP0002519,2519,Data Engineer,21,No,62330,1,0.0
EMP0002520,2520,Operations Analyst,27,No,88037,1,22.22
EMP0002521,2521,Finance Manager,30,No,110072,1,0.0
EMP0002522,2522,DevOps Engineer,30,No,84840,0,16.67
EMP0002523,2523,Operations Manager,29,No,50692,0,0.0
EMP0002524,2524,Operations Director,25,No,59470,0,0.0
EMP0002525,2525,IT Manager,28,No,68945,1,20.0
EMP0002526,2526,Operations Director,35,No,87872,1,23.53
EMP0002527,2527,Logistics,26,No,52380,0,12.5
EMP0002528,2528,Operations Director,28,No,78249,1,40.0
EMP0002529,2529,Accountant,41,No,172857,0,39.13
EMP0002530,2530,Supply Chain,30,No,73674,1,33.33
EMP0002532,2532,System Admin,29,No,96841,0,27.27
EMP0002533,2533,Accountant,33,No,87446,1,6.67
EMP0002534,2534,Logistics,28,No,81332,1,0.0
EMP0002535,2535,Logistics,26,No,57673,0,12.5
EMP0002536,2536,Financial Analyst,22,No,49310,1,0.0
EMP0002537,2537,IT Manager,42,No,168324,0,20.83
EMP0002538,2538,Operations Analyst,28,No,52725,1,10.0
EMP0002539,2539,IT Manager,33,No,94597,1,0.0
EMP0002540,2540,Financial Analyst,27,No,89885,1,0.0
EMP0002541,2541,Logistics,27,No,44309,0,0.0
EMP0002542,2542,Software Developer,27,No,66381,0,0.0
EMP0002543,2543,IT Manager,35,No,94739,0,0.0
EMP0002544,2544,Supply Chain,50,No,211590,1,12.5
EMP0002545,2545,Logistics,33,No,95145,0,20.0
EMP0002546,2546,Logistics,28,No,87061,1,0.0
EMP0002547,2547,Logistics,29,No,98348,0,18.18
EMP0002548,2548,Operations Director,27,No,55267,1,22.22
EMP0002549,2549,Logistics,38,No,143817,0,20.0
EMP0002550,2550,Software Developer,24,No,57927,0,0.0
EMP0002551,2551,Logistics,24,No,51228,0,0.0
EMP0002552,2552,DevOps Engineer,37,No,163320,0,26.32
EMP0002553,2553,Supply Chain,25,No,47350,1,28.57
EMP0002554,2554,System Admin,40,No,167002,0,13.64
EMP0002556,2556,Operations Director,27,No,76721,0,55.56
EMP0002557,2557,Logistics,42,No,161638,0,4.17
EMP0002558,2558,Data Engineer,56,No,265464,1,47.37
EMP0002559,2559,Software Developer,54,No,275733,1,55.56
EMP0002560,2560,Finance Manager,29,No,84906,1,27.27
EMP0002561,2561,IT Manager,30,No,97388,0,50.0
EMP0002562,2562,Software Developer,33,No,101845,0,26.67
EMP0002563,2563,Logistics,28,No,51304,0,10.0
EMP0002564,2564,Supply Chain,32,No,132883,1,35.71
EMP0002565,2565,Operations Analyst,28,No,50663,0,0.0
EMP0002566,2566,System Admin,37,No,119463,1,10.53
EMP0002567,2567,System Admin,29,No,105914,1,45.45
EMP0002568,2568,IT Manager,34,No,87016,0,37.5
EMP0002569,2569,Logistics,26,No,44444,1,0.0
EMP0002570,2570,DevOps Engineer,33,No,174504,0,20.0
EMP0002571,2571,Tax Specialist,26,No,102371,1,25.0
EMP0002572,2572,System Admin,28,No,89700,0,40.0
EMP0002573,2573,Data Engineer,30,No,105424,0,33.33
EMP0002596,2596,Data Engineer,59,No,253986,0,41.46
EMP0002574,2574,DevOps Engineer,26,No,58522,0,12.5
EMP0002575,2575,DevOps Engineer,27,No,60794,0,0.0
EMP0002576,2576,System Admin,31,No,92580,1,23.08
EMP0002577,2577,System Admin,26,No,52631,0,0.0
EMP0002578,2578,Software Developer,33,No,90136,0,13.33
EMP0002579,2579,System Admin,30,No,56537,1,8.33
EMP0002580,2580,Accountant,42,No,165600,0,4.17
EMP0002581,2581,DevOps Engineer,35,No,145961,1,47.06
EMP0002582,2582,DevOps Engineer,27,No,67078,0,0.0
EMP0002583,2583,CFO,24,No,69042,1,16.67
EMP0002584,2584,System Admin,36,No,143595,1,44.44
EMP0002585,2585,System Admin,28,No,72000,0,20.0
EMP0002586,2586,Data Engineer,31,No,70239,0,15.38
EMP0002587,2587,Tax Specialist,26,No,59130,1,25.0
EMP0002588,2588,DevOps Engineer,31,No,67785,0,0.0
EMP0002589,2589,IT Manager,32,No,100168,1,21.43
EMP0002590,2590,Tax Specialist,29,No,54178,0,9.09
EMP0002591,2591,Operations Manager,36,No,137236,1,5.56
EMP0002592,2592,Financial Analyst,32,No,92349,0,35.71
EMP0002593,2593,Software Developer,41,No,182582,0,39.13
EMP0002594,2594,System Admin,29,No,59607,1,27.27
EMP0002595,2595,Data Engineer,35,No,106179,0,29.41
EMP0002597,2597,Operations Analyst,37,No,137759,1,21.05
EMP0002598,2598,Software Developer,23,No,54566,0,40.0
EMP0002599,2599,Tax Specialist,31,No,84994,0,15.38
EMP0002600,2600,System Admin,28,No,65519,1,20.0
EMP0002601,2601,Operations Director,29,No,81019,1,9.09
EMP0002602,2602,System Admin,34,No,91205,1,0.0
EMP0002603,2603,Operations Analyst,35,No,164238,0,23.53
EMP0002604,2604,Supply Chain,33,No,82923,1,53.33
EMP0002605,2605,Supply Chain,32,No,92764,0,21.43
EMP0002606,2606,Operations Analyst,22,No,48966,1,0.0
EMP0002607,2607,Supply Chain,34,No,89461,0,6.25
EMP0002608,2608,System Admin,27,No,59292,0,0.0
EMP0002609,2609,Software Developer,28,No,53201,0,10.0
EMP0002610,2610,Supply Chain,29,No,95609,0,36.36
EMP0002611,2611,Supply Chain,26,No,42291,1,0.0
EMP0002612,2612,Operations Director,37,No,81279,1,42.11
EMP0002613,2613,Software Developer,42,No,149331,0,0.0
EMP0002614,2614,Data Engineer,28,No,95594,1,20.0
EMP0002615,2615,Financial Analyst,30,No,56284,0,16.67
EMP0002616,2616,Logistics,31,No,81812,0,15.38
EMP0002617,2617,Operations Manager,30,No,78486,1,16.67
EMP0002618,2618,Finance Manager,28,No,97066,0,20.0
EMP0002620,2620,Finance Manager,33,No,107383,1,0.0
EMP0002621,2621,Logistics,32,No,88772,1,0.0
EMP0002622,2622,Data Engineer,39,No,104230,0,0.0
EMP0002623,2623,Software Developer,34,No,108790,0,43.75
EMP0002624,2624,DevOps Engineer,30,No,106918,1,50.0
EMP0002625,2625,Data Engineer,30,No,59514,0,8.33
EMP0002626,2626,Software Developer,41,No,157363,1,13.04
EMP0002627,2627,Operations Analyst,31,No,92725,1,15.38
EMP0002628,2628,Operations Manager,34,No,127735,0,50.0
EMP0002629,2629,DevOps Engineer,36,No,112916,0,33.33
EMP0002630,2630,Operations Analyst,32,No,75033,0,21.43
EMP0002631,2631,IT Manager,35,No,90132,1,0.0
EMP0002632,2632,Finance Manager,32,No,88027,0,57.14
EMP0002633,2633,IT Manager,24,No,68094,0,0.0
EMP0002634,2634,IT Manager,33,No,116050,0,13.33
EMP0002635,2635,Data Engineer,36,No,145137,1,27.78
EMP0002636,2636,CFO,33,No,170495,1,53.33
EMP0002637,2637,Tax Specialist,25,No,53093,1,0.0
EMP0002638,2638,Tax Specialist,26,No,56634,0,0.0
EMP0002639,2639,DevOps Engineer,29,No,59117,1,18.18
EMP0002640,2640,Data Engineer,37,No,191895,1,5.26
EMP0002641,2641,Operations Analyst,31,No,84505,0,7.69
EMP0002642,2642,IT Manager,29,No,106000,0,9.09
EMP0002643,2643,Operations Manager,32,No,87709,1,7.14
EMP0002644,2644,Data Engineer,31,No,107332,1,30.77
EMP0002645,2645,Data Engineer,25,No,59983,0,0.0
EMP0002646,2646,Logistics,25,No,57697,0,14.29
EMP0002647,2647,System Admin,30,No,107539,1,0.0
EMP0002648,2648,Finance Manager,27,No,110106,1,0.0
EMP0002649,2649,Data Engineer,35,No,150624,0,29.41
EMP0002650,2650,Logistics,30,No,54939,0,25.0
EMP0002651,2651,Operations Analyst,33,No,73950,1,26.67
EMP0002652,2652,Logistics,34,No,165795,1,18.75
EMP0002653,2653,Finance Manager,30,No,117031,0,33.33
EMP0002654,2654,Operations Director,29,No,55235,1,27.27
EMP0002655,2655,DevOps Engineer,30,No,89640,0,25.0
EMP0002656,2656,Logistics,26,No,47360,1,37.5
EMP0002657,2657,Software Developer,30,No,116990,0,16.67
EMP0002658,2658,Tax Specialist,35,No,98103,0,29.41
EMP0002659,2659,Finance Manager,28,No,90218,1,0.0
EMP0002660,2660,Supply Chain,57,No,259624,1,12.82
EMP0002661,2661,Operations Director,21,No,50386,1,0.0
EMP0002662,2662,IT Manager,35,No,90251,0,35.29
EMP0002663,2663,Data Engineer,31,No,92541,0,30.77
EMP0002664,2664,Data Engineer,43,No,191829,0,20.0
EMP0002665,2665,CFO,39,No,183291,1,14.29
EMP0002666,2666,Finance Manager,34,No,165731,0,31.25
EMP0002667,2667,System Admin,36,No,109780,0,38.89
EMP0002668,2668,IT Manager,27,No,74699,1,22.22
EMP0002669,2669,Data Engineer,24,No,59232,1,16.67
EMP0002671,2671,Operations Director,28,No,74896,1,40.0
EMP0002672,2672,Accountant,23,No,50158,1,0.0
EMP0002673,2673,Data Engineer,27,No,69214,1,0.0
EMP0002674,2674,Accountant,33,No,136096,0,20.0
EMP0002675,2675,Accountant,24,No,52877,1,33.33
EMP0002676,2676,Supply Chain,24,No,55927,0,16.67
EMP0002677,2677,Operations Analyst,39,No,159482,1,28.57
EMP0002678,2678,Software Developer,22,No,55583,0,0.0
EMP0002679,2679,Software Developer,28,No,95525,1,30.0
EMP0002680,2680,Operations Director,31,No,75103,0,0.0
EMP0002681,2681,IT Manager,37,No,182719,0,0.0
EMP0002682,2682,Logistics,37,No,147415,1,21.05
EMP0002683,2683,Data Engineer,53,No,285544,0,40.0
EMP0002684,2684,Operations Manager,24,No,58124,1,16.67
EMP0002685,2685,System Admin,35,No,174589,1,52.94
EMP0002686,2686,Supply Chain,26,No,42560,0,12.5
EMP0002687,2687,DevOps Engineer,36,No,170259,0,0.0
EMP0002688,2688,Data Engineer,40,No,195801,1,22.73
EMP0002689,2689,Logistics,56,No,264642,0,60.53
EMP0002690,2690,System Admin,29,No,49552,1,9.09
EMP0002691,2691,System Admin,23,No,55567,1,40.0
EMP0002692,2692,Operations Manager,25,No,56155,0,0.0
EMP0002693,2693,System Admin,30,No,57759,0,8.33
EMP0002694,2694,Data Engineer,33,No,105982,0,0.0
EMP0002695,2695,System Admin,25,No,66046,0,0.0
EMP0002696,2696,Operations Director,22,No,57433,0,0.0
EMP0002697,2697,Data Engineer,32,No,100720,0,14.29
EMP0002698,2698,Operations Manager,35,No,88017,1,5.88
EMP0002699,2699,Software Developer,32,No,112224,1,50.0
EMP0002700,2700,Logistics,30,No,56065,0,0.0
EMP0002701,2701,Tax Specialist,25,No,52800,1,0.0
EMP0002702,2702,Operations Manager,34,No,138377,1,50.0
EMP0002703,2703,Software Developer,29,No,56413,1,27.27
EMP0002704,2704,IT Manager,48,No,259428,1,0.0
EMP0002705,2705,Operations Manager,31,No,76871,1,15.38
EMP0002706,2706,System Admin,29,No,105846,0,36.36
EMP0002707,2707,Finance Manager,32,No,104028,0,28.57
EMP0002708,2708,Supply Chain,28,No,90037,1,20.0
EMP0002709,2709,DevOps Engineer,34,No,90344,0,43.75
EMP0002710,2710,Data Engineer,24,No,55995,1,0.0
EMP0002711,2711,CFO,41,No,161591,0,4.35
EMP0002712,2712,Finance Manager,41,No,95949,0,30.43
EMP0002713,2713,Logistics,23,No,40542,0,0.0
EMP0002714,2714,CFO,28,No,100335,1,60.0
EMP0002715,2715,Operations Director,22,No,60746,0,0.0
EMP0002716,2716,Operations Analyst,26,No,51669,0,12.5
EMP0002717,2717,DevOps Engineer,38,No,111018,0,5.0
EMP0002718,2718,DevOps Engineer,33,No,101250,0,6.67
EMP0002719,2719,System Admin,37,No,158136,0,31.58
EMP0002720,2720,CFO,36,No,156344,1,5.56
EMP0002721,2721,Supply Chain,34,No,82454,0,12.5
EMP0002722,2722,IT Manager,29,No,105781,0,36.36
EMP0002723,2723,Finance Manager,27,No,101604,0,44.44
EMP0002724,2724,Operations Director,27,No,55514,1,22.22
EMP0002725,2725,Logistics,27,No,88880,1,66.67
EMP0002726,2726,DevOps Engineer,36,No,177589,1,22.22
EMP0002727,2727,Financial Analyst,29,No,82373,0,36.36
EMP0002728,2728,Supply Chain,26,No,41743,1,25.0
EMP0002729,2729,Operations Analyst,28,No,83663,0,10.0
EMP0002730,2730,Logistics,38,No,164903,1,30.0
EMP0002731,2731,Data Engineer,24,No,52066,0,16.67
EMP0002732,2732,Supply Chain,29,No,103027,0,18.18
EMP0002733,2733,Accountant,34,No,100408,1,18.75
EMP0002734,2734,Tax Specialist,29,No,55994,1,9.09
EMP0002735,2735,Finance Manager,25,No,66554,1,0.0
EMP0002736,2736,Supply Chain,28,No,105011,0,60.0
EMP0002737,2737,DevOps Engineer,26,No,59082,0,12.5
EMP0002738,2738,Operations Analyst,41,No,158788,1,39.13
EMP0002739,2739,System Admin,25,No,64179,1,0.0
EMP0002740,2740,Tax Specialist,34,No,97234,1,18.75
EMP0002742,2742,IT Manager,31,No,85954,0,23.08
EMP0002743,2743,DevOps Engineer,36,No,132338,1,50.0
EMP0002744,2744,DevOps Engineer,35,No,151085,1,0.0
EMP0002745,2745,Software Developer,23,No,56315,0,0.0
EMP0002746,2746,Operations Analyst,29,No,45595,0,9.09
EMP0002747,2747,Operations Director,22,No,51524,0,25.0
EMP0002899,2899,DevOps Engineer,27,No,56116,1,0.0
EMP0002748,2748,Operations Manager,30,No,50079,1,25.0
EMP0002749,2749,Logistics,23,No,59400,1,0.0
EMP0002750,2750,Financial Analyst,27,No,59211,0,22.22
EMP0002751,2751,Operations Analyst,29,No,44887,0,0.0
EMP0002752,2752,Tax Specialist,25,No,111295,1,28.57
EMP0002753,2753,Logistics,39,No,150350,1,42.86
EMP0002754,2754,DevOps Engineer,23,No,68351,1,40.0
EMP0002755,2755,Tax Specialist,24,No,50014,1,16.67
EMP0002756,2756,System Admin,24,No,63921,0,16.67
EMP0002759,2759,Supply Chain,28,No,87307,1,40.0
EMP0002760,2760,DevOps Engineer,30,No,98840,1,16.67
EMP0002761,2761,Software Developer,25,No,69830,1,14.29
EMP0002762,2762,Operations Manager,43,No,172212,1,28.0
EMP0002763,2763,Supply Chain,24,No,40275,1,16.67
EMP0002764,2764,CFO,29,No,49421,0,9.09
EMP0002765,2765,IT Manager,25,No,68004,0,0.0
EMP0002766,2766,Data Engineer,36,No,153924,1,55.56
EMP0002767,2767,System Admin,33,No,101247,0,33.33
EMP0002768,2768,Operations Director,24,No,51180,0,16.67
EMP0002769,2769,Data Engineer,31,No,86103,1,53.85
EMP0002770,2770,Supply Chain,21,No,49401,1,0.0
EMP0002771,2771,Financial Analyst,32,No,97951,1,14.29
EMP0002772,2772,Data Engineer,31,No,83989,0,0.0
EMP0002773,2773,Data Engineer,29,No,86317,0,27.27
EMP0002774,2774,Tax Specialist,58,No,277344,0,17.5
EMP0002775,2775,Data Engineer,40,No,183850,1,18.18
EMP0002776,2776,DevOps Engineer,26,No,66921,0,25.0
EMP0002777,2777,DevOps Engineer,25,No,64274,1,0.0
EMP0002778,2778,Accountant,40,No,174192,0,9.09
EMP0002779,2779,Operations Analyst,23,No,53111,0,0.0
EMP0002780,2780,DevOps Engineer,33,No,88664,0,6.67
EMP0002781,2781,Operations Director,37,No,93630,0,31.58
EMP0002782,2782,Software Developer,27,No,63026,1,0.0
EMP0002783,2783,Logistics,30,No,98050,1,25.0
EMP0002784,2784,Operations Director,32,No,105041,1,7.14
EMP0002785,2785,Accountant,38,No,161823,1,35.0
EMP0002786,2786,Finance Manager,29,No,48988,1,9.09
EMP0002787,2787,Supply Chain,29,No,52162,1,0.0
EMP0002788,2788,Operations Manager,29,No,94111,0,0.0
EMP0002789,2789,Supply Chain,23,No,43542,0,0.0
EMP0002790,2790,Tax Specialist,26,No,107809,0,50.0
EMP0002791,2791,Data Engineer,40,No,164887,1,45.45
EMP0002792,2792,Logistics,26,No,98971,0,12.5
EMP0002793,2793,Operations Manager,48,No,156435,0,36.67
EMP0002794,2794,Operations Analyst,31,No,95087,1,7.69
EMP0002795,2795,Software Developer,42,No,181915,0,8.33
EMP0002796,2796,Data Engineer,31,No,140477,1,23.08
EMP0002797,2797,Tax Specialist,33,No,98410,1,46.67
EMP0002798,2798,Operations Analyst,26,No,60632,0,25.0
EMP0002799,2799,Software Developer,26,No,54319,0,0.0
EMP0002800,2800,Data Engineer,24,No,86507,0,0.0
EMP0002801,2801,Data Engineer,30,No,85906,1,41.67
EMP0002803,2803,System Admin,25,No,53823,0,14.29
EMP0002804,2804,IT Manager,29,No,72003,0,0.0
EMP0002805,2805,Software Developer,37,No,141869,1,57.89
EMP0002806,2806,Operations Manager,31,No,49163,1,7.69
EMP0002807,2807,Operations Analyst,38,No,171736,0,10.0
EMP0002808,2808,Operations Analyst,27,No,46863,1,0.0
EMP0002809,2809,System Admin,33,No,97282,0,33.33
EMP0002810,2810,System Admin,25,No,105867,1,14.29
EMP0002811,2811,Data Engineer,33,No,115189,1,0.0
EMP0002812,2812,Operations Analyst,30,No,48177,0,0.0
EMP0002813,2813,Data Engineer,36,No,157038,1,22.22
EMP0002814,2814,Data Engineer,31,No,97843,1,15.38
EMP0002815,2815,CFO,29,No,98874,0,9.09
EMP0002816,2816,System Admin,31,No,156170,0,38.46
EMP0002817,2817,Finance Manager,31,No,98497,0,23.08
EMP0002818,2818,Operations Director,23,No,48732,0,0.0
EMP0002819,2819,Operations Analyst,27,No,91136,1,33.33
EMP0002820,2820,Finance Manager,23,No,48991,1,20.0
EMP0002821,2821,DevOps Engineer,31,No,89749,1,46.15
EMP0002822,2822,Finance Manager,34,No,142484,1,18.75
EMP0002823,2823,System Admin,34,No,156876,1,56.25
EMP0002824,2824,Operations Director,33,No,95089,0,13.33
EMP0002825,2825,Supply Chain,34,No,133274,1,12.5
EMP0002826,2826,Supply Chain,37,No,144823,1,36.84
EMP0002827,2827,Financial Analyst,36,No,154782,1,55.56
EMP0002828,2828,Operations Analyst,34,No,78989,0,43.75
EMP0002829,2829,Accountant,24,No,60449,1,0.0
EMP0002830,2830,Logistics,34,No,44893,0,0.0
EMP0002831,2831,Finance Manager,26,No,60996,1,0.0
EMP0002832,2832,DevOps Engineer,40,No,167242,1,27.27
EMP0002833,2833,CFO,37,No,149888,1,21.05
EMP0002834,2834,Software Developer,24,No,52246,1,0.0
EMP0002835,2835,IT Manager,41,No,145647,0,17.39
EMP0002836,2836,Logistics,31,No,82481,0,0.0
EMP0002837,2837,Financial Analyst,29,No,100073,1,36.36
EMP0002838,2838,Data Engineer,34,No,103087,1,18.75
EMP0002839,2839,System Admin,25,No,55270,1,14.29
EMP0002840,2840,Software Developer,39,No,275545,1,42.86
EMP0002841,2841,IT Manager,32,No,92549,1,14.29
EMP0002842,2842,IT Manager,29,No,102623,1,27.27
EMP0002843,2843,Operations Manager,27,No,49361,1,22.22
EMP0002844,2844,Accountant,36,No,165486,0,44.44
EMP0002845,2845,Tax Specialist,28,No,60417,0,10.0
EMP0002846,2846,Accountant,28,No,96445,1,30.0
EMP0002847,2847,Software Developer,32,No,140752,0,57.14
EMP0002848,2848,Data Engineer,35,No,169826,0,29.41
EMP0002849,2849,Financial Analyst,26,No,46690,0,0.0
EMP0002850,2850,Software Developer,29,No,92637,0,0.0
EMP0002851,2851,DevOps Engineer,38,No,163033,1,40.0
EMP0002852,2852,DevOps Engineer,26,No,56782,1,12.5
EMP0002853,2853,Data Engineer,26,No,94721,0,37.5
EMP0002854,2854,IT Manager,28,No,60814,0,20.0
EMP0002855,2855,Financial Analyst,29,No,101765,0,9.09
EMP0002856,2856,Operations Manager,28,No,49700,1,10.0
EMP0002857,2857,Supply Chain,29,No,72898,1,9.09
EMP0002858,2858,Accountant,31,No,90219,1,0.0
EMP0002859,2859,Financial Analyst,25,No,58377,0,0.0
EMP0002860,2860,Finance Manager,24,No,53318,0,16.67
EMP0002861,2861,System Admin,33,No,105277,0,20.0
EMP0002862,2862,IT Manager,41,No,136310,0,4.35
EMP0002863,2863,Supply Chain,28,No,59079,1,0.0
EMP0002864,2864,Supply Chain,33,No,93880,0,13.33
EMP0002865,2865,Operations Manager,29,No,94968,1,18.18
EMP0002866,2866,System Admin,32,No,56464,0,0.0
EMP0002867,2867,IT Manager,28,No,98136,0,10.0
EMP0002868,2868,Accountant,25,No,47323,0,14.29
EMP0002869,2869,Operations Director,23,No,47088,1,0.0
EMP0002870,2870,Software Developer,26,No,49172,1,0.0
EMP0002871,2871,Data Engineer,32,No,104971,1,0.0
EMP0002872,2872,Financial Analyst,33,No,84049,0,6.67
EMP0002873,2873,System Admin,25,No,51004,1,28.57
EMP0002874,2874,Supply Chain,31,No,55260,0,0.0
EMP0002875,2875,IT Manager,33,No,145160,0,40.0
EMP0002876,2876,Logistics,38,No,119013,0,5.0
EMP0002877,2877,Data Engineer,26,No,49755,0,0.0
EMP0002878,2878,Operations Manager,26,No,42836,1,0.0
EMP0002879,2879,Software Developer,40,No,99147,0,22.73
EMP0002880,2880,Supply Chain,39,No,153040,1,4.76
EMP0002881,2881,Financial Analyst,27,No,69014,1,0.0
EMP0002882,2882,Data Engineer,34,No,101310,0,0.0
EMP0002883,2883,Software Developer,40,No,152706,1,13.64
EMP0002884,2884,Supply Chain,35,No,98484,0,17.65
EMP0002885,2885,Operations Director,38,No,145317,1,25.0
EMP0002887,2887,System Admin,37,No,156767,1,26.32
EMP0002888,2888,CFO,31,No,114086,0,30.77
EMP0002889,2889,Data Engineer,25,No,54457,1,0.0
EMP0002890,2890,Operations Director,28,No,58503,1,0.0
EMP0002891,2891,Operations Manager,24,No,51780,1,33.33
EMP0002892,2892,Finance Manager,38,No,162091,1,25.0
EMP0002893,2893,Software Developer,23,No,52255,0,0.0
EMP0002894,2894,System Admin,29,No,87113,1,18.18
EMP0002895,2895,Logistics,26,No,62453,0,0.0
EMP0002896,2896,IT Manager,50,No,251588,0,56.25
EMP0002897,2897,Accountant,38,No,157384,1,50.0
EMP0002898,2898,Supply Chain,32,No,81338,0,0.0
EMP0002900,2900,IT Manager,58,No,260740,1,62.5
EMP0002901,2901,DevOps Engineer,39,No,141149,0,14.29
EMP0002902,2902,Data Engineer,28,No,109279,1,40.0
EMP0002903,2903,Data Engineer,29,No,55765,0,0.0
EMP0002904,2904,Operations Manager,35,No,99115,1,35.29
EMP0002905,2905,IT Manager,29,No,59389,1,0.0
EMP0002906,2906,Software Developer,29,No,99264,1,18.18
EMP0002907,2907,Operations Manager,29,No,90244,0,18.18
EMP0002908,2908,Finance Manager,30,No,86620,0,50.0
EMP0002909,2909,System Admin,31,No,96316,0,23.08
EMP0002910,2910,Tax Specialist,36,No,174574,1,16.67
EMP0002911,2911,CFO,29,No,69813,0,18.18
EMP0002912,2912,Data Engineer,24,No,67818,1,0.0
EMP0002913,2913,Operations Director,31,No,77168,0,7.69
EMP0002914,2914,System Admin,37,No,138903,0,0.0
EMP0002915,2915,Accountant,26,No,47982,0,12.5
EMP0002916,2916,Supply Chain,37,No,137006,1,5.26
EMP0002917,2917,System Admin,30,No,92211,0,8.33
EMP0002918,2918,Operations Director,34,No,133700,1,50.0
EMP0002919,2919,Operations Manager,30,No,91650,0,25.0
EMP0002920,2920,Software Developer,23,No,53473,1,0.0
EMP0002921,2921,Operations Manager,26,No,57396,1,0.0
EMP0002922,2922,Finance Manager,23,No,66762,1,0.0
EMP0002923,2923,DevOps Engineer,25,No,52959,1,0.0
EMP0002924,2924,System Admin,30,No,84624,1,16.67
EMP0002925,2925,Operations Manager,31,No,89199,0,38.46
EMP0002926,2926,Operations Manager,27,No,74165,1,11.11
EMP0002927,2927,Operations Analyst,34,No,109794,0,31.25
EMP0002928,2928,Operations Director,27,No,95934,1,11.11
EMP0002929,2929,IT Manager,30,No,104124,1,8.33
EMP0002930,2930,System Admin,27,No,60946,0,0.0
EMP0002931,2931,Software Developer,29,No,112476,1,27.27
EMP0002932,2932,DevOps Engineer,37,No,95309,0,21.05
EMP0002933,2933,IT Manager,34,No,174267,0,50.0
EMP0002934,2934,Operations Manager,35,No,76866,1,17.65
EMP0002935,2935,IT Manager,32,No,106234,1,14.29
EMP0002936,2936,Logistics,39,No,167372,1,42.86
EMP0002937,2937,Logistics,26,No,48701,1,0.0
EMP0002938,2938,Operations Manager,21,No,42291,1,0.0
EMP0002939,2939,CFO,29,No,94174,1,0.0
EMP0002940,2940,Accountant,29,No,51000,1,0.0
EMP0002941,2941,Logistics,25,No,41563,1,0.0
EMP0002942,2942,Financial Analyst,34,No,139854,1,56.25
EMP0002943,2943,Software Developer,29,No,69769,0,9.09
EMP0002944,2944,Supply Chain,30,No,84482,1,16.67
EMP0002945,2945,System Admin,27,No,61023,1,11.11
EMP0002946,2946,Tax Specialist,46,No,209634,0,3.57
EMP0002947,2947,Tax Specialist,26,No,52881,1,12.5
EMP0002948,2948,Logistics,44,No,168601,0,11.54
EMP0002949,2949,CFO,27,No,66292,1,11.11
EMP0002950,2950,Logistics,25,No,46572,1,0.0
EMP0002951,2951,System Admin,24,No,90587,1,16.67
EMP0002952,2952,Data Engineer,27,No,59705,1,0.0
EMP0002953,2953,Financial Analyst,27,No,60232,1,11.11
EMP0002954,2954,DevOps Engineer,34,No,167091,0,12.5
EMP0002955,2955,CFO,23,No,59193,1,40.0
EMP0002956,2956,Finance Manager,23,No,57558,1,0.0
EMP0002957,2957,IT Manager,34,No,166871,0,0.0
EMP0002958,2958,Finance Manager,32,No,99174,1,21.43
EMP0002959,2959,Operations Analyst,37,No,154477,1,47.37
EMP0002960,2960,Logistics,29,No,88696,1,72.73
EMP0002961,2961,Operations Director,31,No,87485,0,7.69
EMP0002962,2962,System Admin,29,No,90132,1,0.0
EMP0002963,2963,Tax Specialist,28,No,54267,1,20.0
EMP0002964,2964,DevOps Engineer,41,No,163031,0,52.17
EMP0002965,2965,Supply Chain,27,No,56457,1,11.11
EMP0002966,2966,Software Developer,28,No,92515,1,10.0
EMP0002968,2968,Data Engineer,26,No,109871,0,25.0
EMP0002969,2969,DevOps Engineer,33,No,90168,0,26.67
EMP0002970,2970,CFO,28,No,95510,1,40.0
EMP0002971,2971,Operations Director,35,No,129309,1,64.71
EMP0002972,2972,Logistics,29,No,60343,1,18.18
EMP0002973,2973,Logistics,22,No,56248,0,0.0
EMP0002974,2974,Operations Director,25,No,53119,1,0.0
EMP0002975,2975,CFO,28,No,64727,1,20.0
EMP0002976,2976,Operations Analyst,54,No,265589,1,77.78
EMP0002977,2977,DevOps Engineer,34,No,88115,1,12.5
EMP0002978,2978,Accountant,34,No,88829,1,37.5
EMP0002979,2979,Operations Director,25,No,43692,0,0.0
EMP0002980,2980,IT Manager,31,No,154071,0,53.85
EMP0002981,2981,Supply Chain,30,No,57134,1,8.33
EMP0002982,2982,Operations Director,29,No,43524,1,0.0
EMP0002983,2983,Supply Chain,25,No,95771,0,14.29
EMP0002984,2984,Accountant,25,No,64688,1,0.0
EMP0002985,2985,Operations Manager,26,No,46206,1,12.5
EMP0002986,2986,CFO,35,No,149227,0,76.47
EMP0002987,2987,Finance Manager,25,No,54912,1,0.0
EMP0002988,2988,Tax Specialist,32,No,110546,1,28.57
EMP0002989,2989,Operations Manager,22,No,51291,0,0.0
EMP0002990,2990,DevOps Engineer,34,No,94911,1,43.75
EMP0002991,2991,Logistics,29,No,86400,1,36.36
EMP0002992,2992,Data Engineer,34,No,153217,0,0.0
EMP0002993,2993,Tax Specialist,46,No,257128,1,28.57
EMP0002994,2994,CFO,27,No,50354,0,22.22
EMP0002995,2995,Logistics,42,No,127319,0,37.5
EMP0002996,2996,Operations Analyst,25,No,49014,0,0.0
EMP0002997,2997,Supply Chain,27,No,52599,0,0.0
EMP0002998,2998,Operations Director,27,No,83971,1,44.44
EMP0002999,2999,Software Developer,31,No,94095,0,46.15
EMP0003000,3000,System Admin,25,No,60256,0,0.0
