"employee_number","department","job_role","monthly_income"
1,Sales,Sales Executive,36366.00
28,Sales,Sales Executive,22803.00
40,Sales,Sales Executive,37653.00
44,Sales,Sales Executive,32802.00
47,Sales,Sales Executive,35145.00
49,Sales,Sales Executive,39963.00
53,Sales,Sales Executive,49104.00
55,Sales,Sales Executive,47619.00
57,Sales,Sales Executive,28149.00
64,Sales,Sales Executive,47355.00
71,Sales,Sales Executive,40425.00
77,Sales,Sales Executive,25608.00
83,Sales,Sales Executive,3663.00
90,Sales,Sales Executive,22077.00
92,Sales,Sales Executive,20856.00
93,Sales,Sales Executive,44022.00
95,Sales,Sales Executive,36069.00
97,Sales,Sales Executive,44649.00
98,Sales,Sales Executive,3960.00
99,Sales,Sales Executive,22506.00
108,Sales,Sales Executive,7920.00
116,Sales,Sales Executive,39237.00
118,Sales,Sales Executive,48411.00
122,Sales,Sales Executive,24750.00
125,Sales,Sales Executive,8217.00
132,Sales,Sales Executive,26697.00
133,Sales,Sales Executive,17886.00
134,Sales,Sales Executive,26466.00
23,Research & Development,Research Director,13827.00
46,Research & Development,Research Director,44880.00
56,Research & Development,Research Director,16995.00
63,Research & Development,Research Director,32637.00
78,Research & Development,Research Director,6369.00
79,Research & Development,Research Director,13101.00
96,Research & Development,Research Director,40161.00
107,Research & Development,Research Director,36795.00
124,Research & Development,Research Director,22572.00
9,Research & Development,Manufacturing Director,7128.00
16,Research & Development,Manufacturing Director,45837.00
21,Research & Development,Manufacturing Director,22209.00
60,Research & Development,Manufacturing Director,36795.00
61,Research & Development,Manufacturing Director,14091.00
67,Research & Development,Manufacturing Director,39435.00
76,Research & Development,Manufacturing Director,24618.00
85,Research & Development,Manufacturing Director,38049.00
86,Research & Development,Manufacturing Director,46200.00
130,Research & Development,Manufacturing Director,15510.00
136,Research & Development,Manufacturing Director,7128.00
137,Research & Development,Manufacturing Director,37950.00
2,Research & Development,Research Scientist,9207.00
4,Research & Development,Research Scientist,45936.00
13,Research & Development,Research Scientist,22110.00
17,Research & Development,Research Scientist,11022.00
20,Research & Development,Research Scientist,12243.00
24,Research & Development,Research Scientist,12903.00
25,Research & Development,Research Scientist,23067.00
27,Research & Development,Research Scientist,37125.00
35,Research & Development,Research Scientist,26829.00
36,Research & Development,Research Scientist,42009.00
39,Research & Development,Research Scientist,28116.00
48,Research & Development,Research Scientist,13464.00
68,Research & Development,Research Scientist,44187.00
69,Research & Development,Research Scientist,21912.00
70,Research & Development,Research Scientist,10494.00
72,Research & Development,Research Scientist,43824.00
73,Research & Development,Research Scientist,35706.00
74,Research & Development,Research Scientist,18084.00
82,Research & Development,Research Scientist,40062.00
84,Research & Development,Research Scientist,18909.00
102,Research & Development,Research Scientist,27291.00
104,Research & Development,Research Scientist,21945.00
109,Research & Development,Research Scientist,42240.00
115,Research & Development,Research Scientist,34023.00
121,Research & Development,Research Scientist,43296.00
123,Research & Development,Research Scientist,14553.00
126,Research & Development,Research Scientist,27753.00
131,Research & Development,Research Scientist,31581.00
142,Research & Development,Research Scientist,43428.00
10,Research & Development,Healthcare Representative,42867.00
29,Research & Development,Healthcare Representative,15741.00
32,Research & Development,Healthcare Representative,48147.00
54,Research & Development,Healthcare Representative,36201.00
65,Research & Development,Healthcare Representative,40359.00
89,Research & Development,Healthcare Representative,9504.00
91,Research & Development,Healthcare Representative,17490.00
94,Research & Development,Healthcare Representative,21054.00
105,Research & Development,Healthcare Representative,34320.00
111,Research & Development,Healthcare Representative,48048.00
127,Research & Development,Healthcare Representative,4851.00
22,Sales,Sales Representative,40194.00
34,Sales,Sales Representative,29535.00
37,Sales,Sales Representative,28677.00
38,Sales,Sales Representative,29370.00
87,Sales,Sales Representative,17853.00
128,Sales,Sales Representative,17424.00
80,Human Resources,Human Resources,31185.00
101,Human Resources,Human Resources,26631.00
135,Human Resources,Human Resources,44715.00
140,Human Resources,Human Resources,40920.00
152,Sales,Sales Executive,21846.00
155,Sales,Sales Executive,31911.00
159,Sales,Sales Executive,20790.00
168,Sales,Sales Executive,44187.00
169,Sales,Sales Executive,23166.00
175,Sales,Sales Executive,41844.00
179,Sales,Sales Executive,17358.00
206,Sales,Sales Executive,3993.00
211,Sales,Sales Executive,34485.00
213,Sales,Sales Executive,40986.00
217,Sales,Sales Executive,11022.00
219,Sales,Sales Executive,34716.00
220,Sales,Sales Executive,37851.00
224,Sales,Sales Executive,3927.00
228,Sales,Sales Executive,46629.00
229,Sales,Sales Executive,31152.00
242,Sales,Sales Executive,32208.00
188,Research & Development,Research Director,22836.00
214,Research & Development,Research Director,48477.00
223,Research & Development,Research Director,21879.00
246,Research & Development,Research Director,43791.00
258,Research & Development,Research Director,46728.00
276,Research & Development,Research Director,24024.00
280,Research & Development,Research Director,26301.00
281,Research & Development,Research Director,35310.00
291,Research & Development,Research Director,20988.00
156,Research & Development,Manufacturing Director,49368.00
157,Research & Development,Manufacturing Director,38577.00
185,Research & Development,Manufacturing Director,35772.00
189,Research & Development,Manufacturing Director,35277.00
193,Research & Development,Manufacturing Director,18348.00
198,Research & Development,Manufacturing Director,30558.00
199,Research & Development,Manufacturing Director,41613.00
200,Research & Development,Manufacturing Director,35772.00
201,Research & Development,Manufacturing Director,15576.00
202,Research & Development,Manufacturing Director,33066.00
212,Research & Development,Manufacturing Director,27357.00
225,Research & Development,Manufacturing Director,32307.00
248,Research & Development,Manufacturing Director,15510.00
250,Research & Development,Manufacturing Director,39567.00
251,Research & Development,Manufacturing Director,16632.00
256,Research & Development,Manufacturing Director,22605.00
146,Research & Development,Research Scientist,6633.00
151,Research & Development,Research Scientist,46035.00
158,Research & Development,Research Scientist,37785.00
161,Research & Development,Research Scientist,41448.00
162,Research & Development,Research Scientist,22803.00
163,Research & Development,Research Scientist,14520.00
165,Research & Development,Research Scientist,47850.00
167,Research & Development,Research Scientist,15345.00
170,Research & Development,Research Scientist,3960.00
171,Research & Development,Research Scientist,38181.00
176,Research & Development,Research Scientist,23529.00
177,Research & Development,Research Scientist,4422.00
181,Research & Development,Research Scientist,4620.00
182,Research & Development,Research Scientist,20757.00
186,Research & Development,Research Scientist,30723.00
192,Research & Development,Research Scientist,29502.00
194,Research & Development,Research Scientist,44352.00
196,Research & Development,Research Scientist,9570.00
203,Research & Development,Research Scientist,28974.00
207,Research & Development,Research Scientist,37488.00
215,Research & Development,Research Scientist,33165.00
218,Research & Development,Research Scientist,32736.00
222,Research & Development,Research Scientist,4851.00
226,Research & Development,Research Scientist,4686.00
230,Research & Development,Research Scientist,29568.00
164,Research & Development,Healthcare Representative,11022.00
190,Research & Development,Healthcare Representative,10329.00
205,Research & Development,Healthcare Representative,38940.00
209,Research & Development,Healthcare Representative,37983.00
210,Research & Development,Healthcare Representative,21252.00
252,Research & Development,Healthcare Representative,16665.00
267,Research & Development,Healthcare Representative,48279.00
268,Research & Development,Healthcare Representative,22275.00
269,Research & Development,Healthcare Representative,45705.00
285,Research & Development,Healthcare Representative,16368.00
288,Research & Development,Healthcare Representative,22704.00
153,Sales,Sales Representative,47388.00
160,Sales,Sales Representative,9999.00
172,Sales,Sales Representative,19866.00
183,Sales,Sales Representative,44748.00
227,Sales,Sales Representative,10527.00
239,Sales,Sales Representative,46233.00
293,Sales,Sales Representative,14652.00
233,Human Resources,Human Resources,26994.00
304,Sales,Sales Executive,7194.00
307,Sales,Sales Executive,29898.00
320,Sales,Sales Executive,19404.00
321,Sales,Sales Executive,45441.00
322,Sales,Sales Executive,22803.00
328,Sales,Sales Executive,38346.00
329,Sales,Sales Executive,16764.00
332,Sales,Sales Executive,6930.00
336,Sales,Sales Executive,37092.00
339,Sales,Sales Executive,18810.00
340,Sales,Sales Executive,37290.00
344,Sales,Sales Executive,4752.00
350,Sales,Sales Executive,24618.00
355,Sales,Sales Executive,21153.00
356,Sales,Sales Executive,30789.00
359,Sales,Sales Executive,27885.00
360,Sales,Sales Executive,17853.00
367,Sales,Sales Executive,4719.00
369,Sales,Sales Executive,18975.00
375,Sales,Sales Executive,10032.00
308,Research & Development,Research Director,28017.00
330,Research & Development,Research Director,48906.00
342,Research & Development,Research Director,11319.00
349,Research & Development,Research Director,26730.00
391,Research & Development,Research Director,32406.00
393,Research & Development,Research Director,27093.00
421,Research & Development,Research Director,32538.00
430,Research & Development,Research Director,33297.00
300,Research & Development,Manufacturing Director,42966.00
326,Research & Development,Manufacturing Director,26334.00
341,Research & Development,Manufacturing Director,39336.00
343,Research & Development,Manufacturing Director,40656.00
345,Research & Development,Manufacturing Director,42768.00
347,Research & Development,Manufacturing Director,15939.00
366,Research & Development,Manufacturing Director,37752.00
390,Research & Development,Manufacturing Director,43065.00
395,Research & Development,Manufacturing Director,15840.00
407,Research & Development,Manufacturing Director,10527.00
411,Research & Development,Manufacturing Director,10461.00
413,Research & Development,Manufacturing Director,49005.00
429,Research & Development,Manufacturing Director,32439.00
435,Research & Development,Manufacturing Director,42042.00
449,Research & Development,Manufacturing Director,9966.00
310,Research & Development,Research Scientist,22803.00
313,Research & Development,Research Scientist,6336.00
318,Research & Development,Research Scientist,23859.00
319,Research & Development,Research Scientist,40260.00
323,Research & Development,Research Scientist,33594.00
324,Research & Development,Research Scientist,38181.00
325,Research & Development,Research Scientist,42075.00
333,Research & Development,Research Scientist,30624.00
335,Research & Development,Research Scientist,18117.00
346,Research & Development,Research Scientist,43197.00
354,Research & Development,Research Scientist,43527.00
370,Research & Development,Research Scientist,13464.00
372,Research & Development,Research Scientist,42339.00
378,Research & Development,Research Scientist,10857.00
383,Research & Development,Research Scientist,18975.00
384,Research & Development,Research Scientist,8349.00
386,Research & Development,Research Scientist,15312.00
399,Research & Development,Research Scientist,35079.00
408,Research & Development,Research Scientist,6336.00
410,Research & Development,Research Scientist,17556.00
419,Research & Development,Research Scientist,44517.00
422,Research & Development,Research Scientist,13464.00
433,Research & Development,Research Scientist,42999.00
303,Research & Development,Healthcare Representative,48708.00
305,Research & Development,Healthcare Representative,37356.00
309,Research & Development,Healthcare Representative,12870.00
317,Research & Development,Healthcare Representative,36003.00
334,Research & Development,Healthcare Representative,33033.00
357,Research & Development,Healthcare Representative,43956.00
361,Research & Development,Healthcare Representative,19569.00
368,Research & Development,Healthcare Representative,34518.00
373,Research & Development,Healthcare Representative,24915.00
376,Research & Development,Healthcare Representative,41613.00
397,Research & Development,Healthcare Representative,48609.00
414,Research & Development,Healthcare Representative,45144.00
439,Research & Development,Healthcare Representative,42108.00
440,Research & Development,Healthcare Representative,17622.00
302,Sales,Sales Representative,26796.00
348,Sales,Sales Representative,43197.00
358,Sales,Sales Representative,24948.00
363,Sales,Sales Representative,29535.00
364,Sales,Sales Representative,11550.00
371,Sales,Sales Representative,5148.00
382,Sales,Sales Representative,6666.00
415,Sales,Sales Representative,47784.00
416,Sales,Sales Representative,9768.00
438,Sales,Sales Representative,13629.00
311,Human Resources,Human Resources,3498.00
351,Human Resources,Human Resources,17952.00
423,Human Resources,Human Resources,16137.00
441,Human Resources,Human Resources,32604.00
451,Sales,Sales Executive,27324.00
453,Sales,Sales Executive,18513.00
459,Sales,Sales Executive,36102.00
461,Sales,Sales Executive,25575.00
462,Sales,Sales Executive,6435.00
463,Sales,Sales Executive,8514.00
468,Sales,Sales Executive,4686.00
470,Sales,Sales Executive,48642.00
476,Sales,Sales Executive,23199.00
483,Sales,Sales Executive,45045.00
485,Sales,Sales Executive,17325.00
487,Sales,Sales Executive,18414.00
500,Sales,Sales Executive,40128.00
503,Sales,Sales Executive,7854.00
505,Sales,Sales Executive,10098.00
456,Research & Development,Research Director,30426.00
474,Research & Development,Research Director,41085.00
490,Research & Development,Research Director,25806.00
532,Research & Development,Research Director,33594.00
535,Research & Development,Research Director,32010.00
542,Research & Development,Research Director,14091.00
589,Research & Development,Research Director,22803.00
591,Research & Development,Research Director,7029.00
596,Research & Development,Research Director,9438.00
452,Research & Development,Manufacturing Director,10527.00
455,Research & Development,Manufacturing Director,7656.00
465,Research & Development,Manufacturing Director,26367.00
473,Research & Development,Manufacturing Director,14718.00
507,Research & Development,Manufacturing Director,15906.00
512,Research & Development,Manufacturing Director,30129.00
531,Research & Development,Manufacturing Director,20064.00
538,Research & Development,Manufacturing Director,9702.00
543,Research & Development,Manufacturing Director,5544.00
561,Research & Development,Manufacturing Director,5511.00
576,Research & Development,Manufacturing Director,12408.00
579,Research & Development,Manufacturing Director,7920.00
594,Research & Development,Manufacturing Director,22308.00
598,Research & Development,Manufacturing Director,30756.00
469,Research & Development,Research Scientist,31548.00
475,Research & Development,Research Scientist,22803.00
482,Research & Development,Research Scientist,8382.00
486,Research & Development,Research Scientist,26334.00
488,Research & Development,Research Scientist,31647.00
491,Research & Development,Research Scientist,11946.00
499,Research & Development,Research Scientist,19932.00
501,Research & Development,Research Scientist,21318.00
502,Research & Development,Research Scientist,5280.00
504,Research & Development,Research Scientist,46101.00
509,Research & Development,Research Scientist,33561.00
513,Research & Development,Research Scientist,36795.00
514,Research & Development,Research Scientist,44946.00
515,Research & Development,Research Scientist,35508.00
517,Research & Development,Research Scientist,29205.00
520,Research & Development,Research Scientist,26598.00
460,Research & Development,Healthcare Representative,16797.00
466,Research & Development,Healthcare Representative,34122.00
472,Research & Development,Healthcare Representative,49335.00
489,Research & Development,Healthcare Representative,20526.00
510,Research & Development,Healthcare Representative,42768.00
525,Research & Development,Healthcare Representative,47586.00
527,Research & Development,Healthcare Representative,13464.00
530,Research & Development,Healthcare Representative,27291.00
550,Research & Development,Healthcare Representative,32010.00
553,Research & Development,Healthcare Representative,27456.00
555,Research & Development,Healthcare Representative,32175.00
558,Research & Development,Healthcare Representative,40425.00
573,Research & Development,Healthcare Representative,21681.00
583,Research & Development,Healthcare Representative,26103.00
458,Sales,Sales Representative,43098.00
471,Sales,Sales Representative,17655.00
479,Sales,Sales Representative,20526.00
481,Sales,Sales Representative,14784.00
495,Sales,Sales Representative,6732.00
496,Sales,Sales Representative,46860.00
497,Sales,Sales Representative,44319.00
540,Sales,Sales Representative,10428.00
547,Sales,Sales Representative,46068.00
556,Sales,Sales Representative,35970.00
565,Sales,Sales Representative,31482.00
581,Sales,Sales Representative,12672.00
454,Human Resources,Human Resources,14058.00
494,Human Resources,Human Resources,36696.00
511,Human Resources,Human Resources,13101.00
552,Human Resources,Human Resources,4653.00
608,Sales,Sales Executive,39072.00
609,Sales,Sales Executive,14388.00
613,Sales,Sales Executive,25080.00
620,Sales,Sales Executive,19338.00
622,Sales,Sales Executive,30624.00
623,Sales,Sales Executive,3861.00
625,Sales,Sales Executive,21813.00
626,Sales,Sales Executive,30690.00
629,Sales,Sales Executive,11286.00
635,Sales,Sales Executive,4653.00
639,Sales,Sales Executive,19239.00
642,Sales,Sales Executive,12507.00
647,Sales,Sales Executive,28644.00
652,Sales,Sales Executive,8217.00
653,Sales,Sales Executive,41316.00
660,Sales,Sales Executive,27093.00
673,Sales,Sales Executive,15246.00
680,Sales,Sales Executive,39204.00
685,Sales,Sales Executive,21714.00
686,Sales,Sales Executive,42339.00
694,Sales,Sales Executive,17490.00
696,Sales,Sales Executive,20625.00
699,Sales,Sales Executive,40227.00
703,Sales,Sales Executive,7623.00
610,Research & Development,Research Director,19437.00
611,Research & Development,Research Director,8877.00
650,Research & Development,Research Director,3366.00
682,Research & Development,Research Director,43989.00
715,Research & Development,Research Director,37158.00
717,Research & Development,Research Director,27720.00
731,Research & Development,Research Director,5049.00
601,Research & Development,Manufacturing Director,28347.00
603,Research & Development,Manufacturing Director,31218.00
605,Research & Development,Manufacturing Director,30789.00
612,Research & Development,Manufacturing Director,31350.00
628,Research & Development,Manufacturing Director,29370.00
631,Research & Development,Manufacturing Director,40590.00
636,Research & Development,Manufacturing Director,20031.00
648,Research & Development,Manufacturing Director,22176.00
662,Research & Development,Manufacturing Director,5841.00
667,Research & Development,Manufacturing Director,20361.00
693,Research & Development,Manufacturing Director,16434.00
708,Research & Development,Manufacturing Director,45507.00
722,Research & Development,Manufacturing Director,30987.00
724,Research & Development,Manufacturing Director,18678.00
725,Research & Development,Manufacturing Director,39798.00
727,Research & Development,Manufacturing Director,28149.00
604,Research & Development,Research Scientist,8316.00
607,Research & Development,Research Scientist,23166.00
615,Research & Development,Research Scientist,29271.00
616,Research & Development,Research Scientist,14619.00
619,Research & Development,Research Scientist,5940.00
621,Research & Development,Research Scientist,44319.00
624,Research & Development,Research Scientist,33396.00
627,Research & Development,Research Scientist,21054.00
633,Research & Development,Research Scientist,41943.00
637,Research & Development,Research Scientist,4290.00
640,Research & Development,Research Scientist,46794.00
645,Research & Development,Research Scientist,40326.00
659,Research & Development,Research Scientist,21813.00
664,Research & Development,Research Scientist,47091.00
669,Research & Development,Research Scientist,32835.00
671,Research & Development,Research Scientist,20394.00
674,Research & Development,Research Scientist,39534.00
679,Research & Development,Research Scientist,48477.00
681,Research & Development,Research Scientist,6204.00
692,Research & Development,Research Scientist,48477.00
701,Research & Development,Research Scientist,9537.00
710,Research & Development,Research Scientist,11055.00
712,Research & Development,Research Scientist,29898.00
713,Research & Development,Research Scientist,15213.00
721,Research & Development,Research Scientist,4554.00
723,Research & Development,Research Scientist,45903.00
606,Research & Development,Healthcare Representative,15543.00
618,Research & Development,Healthcare Representative,20625.00
651,Research & Development,Healthcare Representative,13926.00
665,Research & Development,Healthcare Representative,47025.00
675,Research & Development,Healthcare Representative,41976.00
677,Research & Development,Healthcare Representative,37521.00
691,Research & Development,Healthcare Representative,20328.00
695,Research & Development,Healthcare Representative,35277.00
716,Research & Development,Healthcare Representative,27291.00
730,Research & Development,Healthcare Representative,19239.00
736,Research & Development,Healthcare Representative,9141.00
737,Research & Development,Healthcare Representative,44715.00
643,Sales,Sales Representative,13035.00
646,Sales,Sales Representative,11253.00
649,Sales,Sales Representative,40623.00
663,Sales,Sales Representative,16500.00
666,Sales,Sales Representative,47982.00
676,Sales,Sales Representative,5082.00
684,Sales,Sales Representative,28611.00
689,Sales,Sales Representative,13827.00
698,Sales,Sales Representative,46332.00
600,Human Resources,Human Resources,34353.00
614,Human Resources,Human Resources,27357.00
630,Human Resources,Human Resources,38577.00
634,Human Resources,Human Resources,42174.00
655,Human Resources,Human Resources,45639.00
656,Human Resources,Human Resources,35475.00
748,Sales,Sales Executive,34155.00
749,Sales,Sales Executive,8745.00
751,Sales,Sales Executive,47784.00
752,Sales,Sales Executive,4785.00
758,Sales,Sales Executive,7128.00
761,Sales,Sales Executive,4092.00
769,Sales,Sales Executive,9900.00
772,Sales,Sales Executive,35706.00
776,Sales,Sales Executive,13695.00
792,Sales,Sales Executive,39732.00
796,Sales,Sales Executive,10197.00
802,Sales,Sales Executive,31647.00
803,Sales,Sales Executive,32010.00
806,Sales,Sales Executive,34650.00
808,Sales,Sales Executive,25410.00
812,Sales,Sales Executive,4290.00
821,Sales,Sales Executive,39006.00
822,Sales,Sales Executive,5742.00
830,Sales,Sales Executive,19899.00
835,Sales,Sales Executive,46200.00
837,Sales,Sales Executive,13464.00
839,Sales,Sales Executive,15873.00
845,Sales,Sales Executive,28116.00
850,Sales,Sales Executive,45276.00
866,Sales,Sales Executive,43857.00
867,Sales,Sales Executive,39072.00
871,Sales,Sales Executive,44913.00
873,Sales,Sales Executive,37818.00
880,Sales,Sales Executive,22968.00
747,Research & Development,Research Director,8151.00
767,Research & Development,Research Director,48312.00
771,Research & Development,Research Director,14190.00
815,Research & Development,Research Director,43164.00
838,Research & Development,Research Director,19569.00
870,Research & Development,Research Director,47850.00
888,Research & Development,Research Director,15114.00
744,Research & Development,Manufacturing Director,23595.00
754,Research & Development,Manufacturing Director,31185.00
774,Research & Development,Manufacturing Director,26268.00
783,Research & Development,Manufacturing Director,38808.00
788,Research & Development,Manufacturing Director,36003.00
818,Research & Development,Manufacturing Director,7161.00
810,Research & Development,Manufacturing Director,31350.00
813,Research & Development,Manufacturing Director,35706.00
823,Research & Development,Manufacturing Director,33099.00
826,Research & Development,Manufacturing Director,23694.00
847,Research & Development,Manufacturing Director,27027.00
856,Research & Development,Manufacturing Director,32241.00
878,Research & Development,Manufacturing Director,4950.00
883,Research & Development,Manufacturing Director,11979.00
891,Research & Development,Manufacturing Director,31878.00
763,Research & Development,Research Scientist,11286.00
766,Research & Development,Research Scientist,39138.00
770,Research & Development,Research Scientist,30393.00
773,Research & Development,Research Scientist,40920.00
779,Research & Development,Research Scientist,33099.00
780,Research & Development,Research Scientist,43659.00
784,Research & Development,Research Scientist,16797.00
789,Research & Development,Research Scientist,28281.00
793,Research & Development,Research Scientist,27291.00
799,Research & Development,Research Scientist,33561.00
804,Research & Development,Research Scientist,23001.00
809,Research & Development,Research Scientist,36531.00
816,Research & Development,Research Scientist,32472.00
820,Research & Development,Research Scientist,47883.00
824,Research & Development,Research Scientist,16170.00
828,Research & Development,Research Scientist,25509.00
834,Research & Development,Research Scientist,6567.00
846,Research & Development,Research Scientist,29766.00
854,Research & Development,Research Scientist,21285.00
855,Research & Development,Research Scientist,48081.00
858,Research & Development,Research Scientist,36201.00
860,Research & Development,Research Scientist,31086.00
861,Research & Development,Research Scientist,41448.00
863,Research & Development,Research Scientist,3663.00
745,Research & Development,Healthcare Representative,37653.00
746,Research & Development,Healthcare Representative,4455.00
768,Research & Development,Healthcare Representative,4092.00
781,Research & Development,Healthcare Representative,45078.00
785,Research & Development,Healthcare Representative,10890.00
786,Research & Development,Healthcare Representative,49236.00
791,Research & Development,Healthcare Representative,21582.00
795,Research & Development,Healthcare Representative,20394.00
807,Research & Development,Healthcare Representative,32802.00
814,Research & Development,Healthcare Representative,6699.00
833,Research & Development,Healthcare Representative,12111.00
848,Research & Development,Healthcare Representative,22077.00
755,Sales,Sales Representative,34254.00
764,Sales,Sales Representative,43989.00
765,Sales,Sales Representative,37752.00
777,Sales,Sales Representative,25377.00
819,Sales,Sales Representative,26169.00
851,Sales,Sales Representative,28446.00
877,Sales,Sales Representative,21582.00
760,Human Resources,Human Resources,26004.00
790,Human Resources,Human Resources,45408.00
827,Human Resources,Human Resources,14289.00
836,Human Resources,Human Resources,17424.00
864,Human Resources,Human Resources,4851.00
879,Human Resources,Human Resources,5907.00
898,Sales,Sales Executive,10758.00
909,Sales,Sales Executive,17688.00
918,Sales,Sales Executive,4323.00
927,Sales,Sales Executive,17523.00
936,Sales,Sales Executive,19932.00
947,Sales,Sales Executive,9867.00
948,Sales,Sales Executive,33990.00
951,Sales,Sales Executive,19371.00
952,Sales,Sales Executive,8448.00
961,Sales,Sales Executive,33594.00
964,Sales,Sales Executive,33297.00
965,Sales,Sales Executive,16731.00
969,Sales,Sales Executive,20031.00
975,Sales,Sales Executive,26169.00
976,Sales,Sales Executive,8811.00
982,Sales,Sales Executive,21846.00
985,Sales,Sales Executive,24288.00
987,Sales,Sales Executive,49434.00
988,Sales,Sales Executive,17853.00
895,Research & Development,Research Director,22605.00
899,Research & Development,Research Director,30360.00
905,Research & Development,Research Director,23595.00
906,Research & Development,Research Director,22902.00
946,Research & Development,Research Director,43626.00
1009,Research & Development,Research Director,32043.00
1010,Research & Development,Research Director,34815.00
1011,Research & Development,Research Director,37488.00
1015,Research & Development,Research Director,6006.00
1025,Research & Development,Research Director,11847.00
1041,Research & Development,Research Director,7194.00
1044,Research & Development,Research Director,14751.00
920,Research & Development,Manufacturing Director,47157.00
928,Research & Development,Manufacturing Director,14157.00
932,Research & Development,Manufacturing Director,29007.00
950,Research & Development,Manufacturing Director,17292.00
967,Research & Development,Manufacturing Director,19833.00
970,Research & Development,Manufacturing Director,28215.00
972,Research & Development,Manufacturing Director,46365.00
977,Research & Development,Manufacturing Director,45177.00
986,Research & Development,Manufacturing Director,10890.00
995,Research & Development,Manufacturing Director,10626.00
1003,Research & Development,Manufacturing Director,6600.00
1034,Research & Development,Manufacturing Director,47685.00
1038,Research & Development,Manufacturing Director,47784.00
894,Research & Development,Research Scientist,33330.00
901,Research & Development,Research Scientist,15477.00
903,Research & Development,Research Scientist,38511.00
907,Research & Development,Research Scientist,43560.00
910,Research & Development,Research Scientist,8745.00
911,Research & Development,Research Scientist,12309.00
913,Research & Development,Research Scientist,19239.00
925,Research & Development,Research Scientist,24255.00
926,Research & Development,Research Scientist,19899.00
934,Research & Development,Research Scientist,21120.00
935,Research & Development,Research Scientist,8778.00
939,Research & Development,Research Scientist,27984.00
941,Research & Development,Research Scientist,11880.00
958,Research & Development,Research Scientist,15114.00
960,Research & Development,Research Scientist,17259.00
962,Research & Development,Research Scientist,15906.00
978,Research & Development,Research Scientist,32967.00
983,Research & Development,Research Scientist,22869.00
989,Research & Development,Research Scientist,39600.00
990,Research & Development,Research Scientist,47487.00
996,Research & Development,Research Scientist,30690.00
998,Research & Development,Research Scientist,4455.00
999,Research & Development,Research Scientist,22539.00
1016,Research & Development,Research Scientist,18480.00
1017,Research & Development,Research Scientist,6666.00
896,Research & Development,Healthcare Representative,43956.00
897,Research & Development,Healthcare Representative,35046.00
904,Research & Development,Healthcare Representative,43857.00
915,Research & Development,Healthcare Representative,5841.00
929,Research & Development,Healthcare Representative,20493.00
943,Research & Development,Healthcare Representative,10725.00
959,Research & Development,Healthcare Representative,31119.00
979,Research & Development,Healthcare Representative,39666.00
984,Research & Development,Healthcare Representative,13332.00
993,Research & Development,Healthcare Representative,49005.00
1008,Research & Development,Healthcare Representative,11121.00
1035,Research & Development,Healthcare Representative,34254.00
1045,Research & Development,Healthcare Representative,49335.00
912,Sales,Sales Representative,19767.00
953,Sales,Sales Representative,34980.00
971,Sales,Sales Representative,42603.00
981,Sales,Sales Representative,23199.00
1013,Sales,Sales Representative,22011.00
1022,Sales,Sales Representative,12639.00
924,Human Resources,Human Resources,21384.00
944,Human Resources,Human Resources,32703.00
1006,Human Resources,Human Resources,10956.00
1036,Human Resources,Human Resources,46134.00
1040,Human Resources,Human Resources,36531.00
138,Sales,Sales Executive,43857.00
139,Sales,Sales Executive,31647.00
145,Sales,Sales Executive,22737.00
255,Sales,Sales Executive,41151.00
262,Sales,Sales Executive,43791.00
266,Sales,Sales Executive,39930.00
274,Sales,Sales Executive,7524.00
278,Sales,Sales Executive,10626.00
282,Sales,Sales Executive,20955.00
283,Sales,Sales Executive,14586.00
294,Sales,Sales Executive,31350.00
296,Sales,Sales Executive,18315.00
298,Sales,Sales Executive,40656.00
377,Sales,Sales Executive,38874.00
379,Sales,Sales Executive,44946.00
381,Sales,Sales Executive,45243.00
385,Sales,Sales Executive,5412.00
388,Sales,Sales Executive,25047.00
394,Sales,Sales Executive,45573.00
398,Sales,Sales Executive,29403.00
402,Sales,Sales Executive,29898.00
403,Sales,Sales Executive,35706.00
404,Sales,Sales Executive,21285.00
424,Sales,Sales Executive,46134.00
428,Sales,Sales Executive,49467.00
434,Sales,Sales Executive,37125.00
443,Sales,Sales Executive,20955.00
445,Sales,Sales Executive,5379.00
447,Sales,Sales Executive,8811.00
1056,Research & Development,Research Director,27357.00
1079,Research & Development,Research Director,4488.00
1087,Research & Development,Research Director,10989.00
1141,Research & Development,Research Director,43329.00
1177,Research & Development,Research Director,9933.00
1178,Research & Development,Research Director,26829.00
1186,Research & Development,Research Director,42603.00
1063,Research & Development,Manufacturing Director,39369.00
1074,Research & Development,Manufacturing Director,35739.00
1080,Research & Development,Manufacturing Director,35937.00
1092,Research & Development,Manufacturing Director,18975.00
1112,Research & Development,Manufacturing Director,20031.00
1113,Research & Development,Manufacturing Director,29799.00
1146,Research & Development,Manufacturing Director,18447.00
1147,Research & Development,Manufacturing Director,14058.00
1149,Research & Development,Manufacturing Director,45771.00
1152,Research & Development,Manufacturing Director,19140.00
1157,Research & Development,Manufacturing Director,29172.00
1159,Research & Development,Manufacturing Director,22143.00
1160,Research & Development,Manufacturing Director,23463.00
1161,Research & Development,Manufacturing Director,43857.00
1162,Research & Development,Manufacturing Director,13101.00
1165,Research & Development,Manufacturing Director,14784.00
1175,Research & Development,Manufacturing Director,25476.00
1046,Research & Development,Research Scientist,29568.00
1047,Research & Development,Research Scientist,48411.00
1053,Research & Development,Research Scientist,32670.00
1054,Research & Development,Research Scientist,13365.00
1070,Research & Development,Research Scientist,46959.00
1078,Research & Development,Research Scientist,7392.00
1086,Research & Development,Research Scientist,18513.00
1090,Research & Development,Research Scientist,22242.00
1093,Research & Development,Research Scientist,31350.00
1102,Research & Development,Research Scientist,27192.00
1105,Research & Development,Research Scientist,19734.00
1114,Research & Development,Research Scientist,39600.00
1115,Research & Development,Research Scientist,36564.00
1116,Research & Development,Research Scientist,15807.00
1118,Research & Development,Research Scientist,44583.00
1119,Research & Development,Research Scientist,15642.00
1128,Research & Development,Research Scientist,32241.00
1138,Research & Development,Research Scientist,15081.00
1140,Research & Development,Research Scientist,20922.00
1142,Research & Development,Research Scientist,7953.00
1151,Research & Development,Research Scientist,27027.00
1153,Research & Development,Research Scientist,18018.00
1164,Research & Development,Research Scientist,48510.00
1169,Research & Development,Research Scientist,18711.00
1055,Research & Development,Healthcare Representative,49170.00
1066,Research & Development,Healthcare Representative,40557.00
1075,Research & Development,Healthcare Representative,17028.00
1082,Research & Development,Healthcare Representative,33957.00
1091,Research & Development,Healthcare Representative,14553.00
1094,Research & Development,Healthcare Representative,9504.00
1099,Research & Development,Healthcare Representative,37686.00
1100,Research & Development,Healthcare Representative,17754.00
1124,Research & Development,Healthcare Representative,22110.00
1126,Research & Development,Healthcare Representative,32835.00
1132,Research & Development,Healthcare Representative,21549.00
1139,Research & Development,Healthcare Representative,40722.00
1158,Research & Development,Healthcare Representative,6864.00
1174,Research & Development,Healthcare Representative,23463.00
1182,Research & Development,Healthcare Representative,15345.00
1184,Research & Development,Healthcare Representative,34320.00
1057,Sales,Sales Representative,49368.00
1060,Sales,Sales Representative,21780.00
1062,Sales,Sales Representative,27390.00
1088,Sales,Sales Representative,47520.00
1101,Sales,Sales Representative,46266.00
1103,Sales,Sales Representative,38181.00
1154,Sales,Sales Representative,17952.00
1179,Sales,Sales Representative,37653.00
1065,Human Resources,Human Resources,10890.00
1108,Human Resources,Human Resources,29304.00
1166,Human Resources,Human Resources,19866.00
448,Sales,Sales Executive,20427.00
508,Sales,Sales Executive,38808.00
518,Sales,Sales Executive,26730.00
519,Sales,Sales Executive,8019.00
521,Sales,Sales Executive,26961.00
522,Sales,Sales Executive,46530.00
526,Sales,Sales Executive,22869.00
528,Sales,Sales Executive,30657.00
529,Sales,Sales Executive,18546.00
533,Sales,Sales Executive,23199.00
534,Sales,Sales Executive,19140.00
537,Sales,Sales Executive,38907.00
545,Sales,Sales Executive,7161.00
546,Sales,Sales Executive,16533.00
549,Sales,Sales Executive,25575.00
564,Sales,Sales Executive,29139.00
567,Sales,Sales Executive,23727.00
568,Sales,Sales Executive,10032.00
570,Sales,Sales Executive,47322.00
574,Sales,Sales Executive,37818.00
577,Sales,Sales Executive,27357.00
584,Sales,Sales Executive,36663.00
592,Sales,Sales Executive,3894.00
704,Sales,Sales Executive,5016.00
705,Sales,Sales Executive,29106.00
706,Sales,Sales Executive,29799.00
707,Sales,Sales Executive,48807.00
1197,Sales,Sales Executive,39798.00
1199,Sales,Sales Executive,17490.00
1212,Sales,Sales Executive,42174.00
1217,Sales,Sales Executive,38907.00
1219,Sales,Sales Executive,30294.00
1224,Sales,Sales Executive,36069.00
1235,Sales,Sales Executive,17919.00
1236,Sales,Sales Executive,42141.00
1237,Sales,Sales Executive,48048.00
1238,Sales,Sales Executive,31812.00
1242,Sales,Sales Executive,12243.00
1248,Sales,Sales Executive,33099.00
1252,Sales,Sales Executive,32307.00
1254,Sales,Sales Executive,42339.00
1226,Research & Development,Research Director,33165.00
1265,Research & Development,Research Director,15774.00
1278,Research & Development,Research Director,24222.00
1285,Research & Development,Research Director,41349.00
1311,Research & Development,Research Director,40128.00
1332,Research & Development,Research Director,40392.00
1230,Research & Development,Manufacturing Director,12177.00
1233,Research & Development,Manufacturing Director,45210.00
1240,Research & Development,Manufacturing Director,5379.00
1269,Research & Development,Manufacturing Director,21813.00
1289,Research & Development,Manufacturing Director,38940.00
1292,Research & Development,Manufacturing Director,12210.00
1297,Research & Development,Manufacturing Director,36036.00
1304,Research & Development,Manufacturing Director,33033.00
1323,Research & Development,Manufacturing Director,23298.00
1208,Research & Development,Research Scientist,47553.00
1213,Research & Development,Research Scientist,22374.00
1216,Research & Development,Research Scientist,4818.00
1218,Research & Development,Research Scientist,19173.00
1227,Research & Development,Research Scientist,19305.00
1234,Research & Development,Research Scientist,26169.00
1245,Research & Development,Research Scientist,43296.00
1249,Research & Development,Research Scientist,34782.00
1253,Research & Development,Research Scientist,5973.00
1259,Research & Development,Research Scientist,19470.00
1261,Research & Development,Research Scientist,31449.00
1263,Research & Development,Research Scientist,26631.00
1266,Research & Development,Research Scientist,25575.00
1280,Research & Development,Research Scientist,14157.00
1283,Research & Development,Research Scientist,28611.00
1284,Research & Development,Research Scientist,38973.00
1294,Research & Development,Research Scientist,11319.00
1306,Research & Development,Research Scientist,14223.00
1308,Research & Development,Research Scientist,40161.00
1312,Research & Development,Research Scientist,47223.00
1316,Research & Development,Research Scientist,14190.00
1321,Research & Development,Research Scientist,11715.00
1200,Research & Development,Healthcare Representative,44583.00
1204,Research & Development,Healthcare Representative,46035.00
1210,Research & Development,Healthcare Representative,12210.00
1215,Research & Development,Healthcare Representative,30393.00
1222,Research & Development,Healthcare Representative,40854.00
1232,Research & Development,Healthcare Representative,23661.00
1251,Research & Development,Healthcare Representative,15213.00
1260,Research & Development,Healthcare Representative,10065.00
1262,Research & Development,Healthcare Representative,27489.00
1279,Research & Development,Healthcare Representative,45639.00
1288,Research & Development,Healthcare Representative,37224.00
1295,Research & Development,Healthcare Representative,14751.00
1299,Research & Development,Healthcare Representative,8613.00
1300,Research & Development,Healthcare Representative,39402.00
1305,Research & Development,Healthcare Representative,24750.00
1325,Research & Development,Healthcare Representative,23958.00
1198,Sales,Sales Representative,23991.00
1205,Sales,Sales Representative,23364.00
1214,Sales,Sales Representative,14091.00
1221,Sales,Sales Representative,17490.00
1250,Sales,Sales Representative,14124.00
1272,Sales,Sales Representative,11121.00
1309,Sales,Sales Representative,23859.00
1329,Sales,Sales Representative,24024.00
1201,Human Resources,Human Resources,17424.00
1223,Human Resources,Human Resources,7920.00
1229,Human Resources,Human Resources,18216.00
1244,Human Resources,Human Resources,5808.00
1246,Human Resources,Human Resources,29601.00
1247,Human Resources,Human Resources,19800.00
1270,Human Resources,Human Resources,8052.00
1281,Human Resources,Human Resources,40887.00
1290,Human Resources,Human Resources,44088.00
1298,Human Resources,Human Resources,30360.00
1313,Human Resources,Human Resources,11847.00
1314,Human Resources,Human Resources,11550.00
1324,Human Resources,Human Resources,9240.00
1330,Human Resources,Human Resources,11616.00
709,Sales,Sales Executive,40557.00
720,Sales,Sales Executive,31515.00
840,Sales,Sales Executive,21351.00
885,Sales,Sales Executive,3531.00
886,Sales,Sales Executive,44748.00
889,Sales,Sales Executive,39996.00
991,Sales,Sales Executive,36663.00
992,Sales,Sales Executive,16467.00
994,Sales,Sales Executive,45276.00
997,Sales,Sales Executive,6765.00
1012,Sales,Sales Executive,38742.00
1014,Sales,Sales Executive,28215.00
1020,Sales,Sales Executive,10857.00
1026,Sales,Sales Executive,48708.00
1027,Sales,Sales Executive,19833.00
1031,Sales,Sales Executive,10758.00
1032,Sales,Sales Executive,12441.00
1039,Sales,Sales Executive,40293.00
1042,Sales,Sales Executive,28578.00
1125,Sales,Sales Executive,48246.00
1133,Sales,Sales Executive,3894.00
1144,Sales,Sales Executive,11088.00
1145,Sales,Sales Executive,23595.00
1163,Sales,Sales Executive,24321.00
1168,Sales,Sales Executive,25179.00
1173,Sales,Sales Executive,15477.00
1187,Sales,Sales Executive,29040.00
1189,Sales,Sales Executive,32703.00
1190,Sales,Sales Executive,12936.00
1192,Sales,Sales Executive,36696.00
1255,Sales,Sales Executive,43329.00
1256,Sales,Sales Executive,6963.00
1258,Sales,Sales Executive,35607.00
1268,Sales,Sales Executive,45375.00
1271,Sales,Sales Executive,16863.00
1275,Sales,Sales Executive,6468.00
1358,Research & Development,Research Director,46068.00
1378,Research & Development,Research Director,35112.00
1406,Research & Development,Research Director,23001.00
1422,Research & Development,Research Director,38346.00
1431,Research & Development,Research Director,6633.00
1433,Research & Development,Research Director,5313.00
1478,IT,IT Manager,146175.00
1346,Research & Development,Manufacturing Director,7227.00
1347,Research & Development,Manufacturing Director,18348.00
1373,Research & Development,Manufacturing Director,28611.00
1395,Research & Development,Manufacturing Director,45309.00
1407,Research & Development,Manufacturing Director,5181.00
1419,Research & Development,Manufacturing Director,16764.00
1441,Research & Development,Manufacturing Director,22704.00
1446,Research & Development,Manufacturing Director,19206.00
1464,Research & Development,Manufacturing Director,10725.00
1468,Research & Development,Manufacturing Director,5115.00
1337,Research & Development,Research Scientist,27588.00
1340,Research & Development,Research Scientist,12903.00
1345,Research & Development,Research Scientist,25839.00
1350,Research & Development,Research Scientist,15906.00
1354,Research & Development,Research Scientist,31911.00
1368,Research & Development,Research Scientist,44682.00
1369,Research & Development,Research Scientist,24255.00
1371,Research & Development,Research Scientist,38577.00
1374,Research & Development,Research Scientist,46002.00
1376,Research & Development,Research Scientist,7854.00
1377,Research & Development,Research Scientist,39798.00
1382,Research & Development,Research Scientist,36399.00
1383,Research & Development,Research Scientist,32208.00
1390,Research & Development,Research Scientist,37125.00
1398,Research & Development,Research Scientist,5115.00
1405,Research & Development,Research Scientist,11055.00
1420,Research & Development,Research Scientist,18381.00
1421,Research & Development,Research Scientist,21186.00
1477,IT,System Admin,94873.00
1472,Operations,Logistics,53853.00
1473,Operations,Operations Manager,47782.00
1476,Operations,Operations Manager,50321.00
1353,Research & Development,Healthcare Representative,5610.00
1363,Research & Development,Healthcare Representative,42801.00
1388,Research & Development,Healthcare Representative,4488.00
1389,Research & Development,Healthcare Representative,37818.00
1399,Research & Development,Healthcare Representative,42999.00
1400,Research & Development,Healthcare Representative,18942.00
1408,Research & Development,Healthcare Representative,25443.00
1415,Research & Development,Healthcare Representative,38940.00
1426,Research & Development,Healthcare Representative,16533.00
1442,Research & Development,Healthcare Representative,22011.00
1457,Research & Development,Healthcare Representative,39567.00
1467,Research & Development,Healthcare Representative,20229.00
1474,Finance,CFO,193877.00
1479,Finance,CFO,65562.00
1480,Finance,CFO,92642.00
1338,Sales,Sales Representative,38676.00
1339,Sales,Sales Representative,31185.00
1366,Sales,Sales Representative,24618.00
1392,Sales,Sales Representative,46332.00
1418,Sales,Sales Representative,38082.00
1429,Sales,Sales Representative,7722.00
1435,Sales,Sales Representative,19305.00
1437,Sales,Sales Representative,16533.00
1439,Sales,Sales Representative,21054.00
1465,Sales,Sales Representative,38511.00
1348,Human Resources,Human Resources,40029.00
1380,Human Resources,Human Resources,44121.00
1401,Human Resources,Human Resources,47652.00
1412,Human Resources,Human Resources,10197.00
1451,Human Resources,Human Resources,37818.00
1471,Operations,Operations Director,53168.00
1475,Operations,Operations Director,219477.00
1277,Sales,Sales Executive,19437.00
1282,Sales,Sales Executive,9999.00
1286,Sales,Sales Executive,28017.00
1293,Sales,Sales Executive,25278.00
1296,Sales,Sales Executive,26268.00
1301,Sales,Sales Executive,26730.00
1307,Sales,Sales Executive,37125.00
1310,Sales,Sales Executive,18876.00
1315,Sales,Sales Executive,19437.00
1317,Sales,Sales Executive,46926.00
1320,Sales,Sales Executive,43494.00
1327,Sales,Sales Executive,13662.00
1328,Sales,Sales Executive,43527.00
1482,IT,IT Manager,56685.00
1497,IT,IT Manager,55072.00
1508,IT,IT Manager,55832.00
1509,IT,IT Manager,107324.00
1516,IT,IT Manager,91250.00
1523,IT,IT Manager,106058.00
1524,IT,IT Manager,51337.00
1483,Finance,Financial Analyst,337527.00
1546,Finance,Financial Analyst,57976.00
1548,Finance,Financial Analyst,96708.00
1589,Finance,Financial Analyst,55518.00
1596,Finance,Financial Analyst,58649.00
1613,Finance,Financial Analyst,60630.00
1504,IT,System Admin,130386.00
1505,IT,System Admin,59742.00
1510,IT,System Admin,62126.00
1512,IT,System Admin,61160.00
1513,IT,System Admin,118852.00
1519,IT,System Admin,70257.00
1532,IT,System Admin,158996.00
1542,IT,System Admin,60497.00
1561,IT,System Admin,69353.00
1590,IT,System Admin,141879.00
1614,IT,System Admin,61597.00
1493,Finance,Tax Specialist,252703.00
1498,Finance,Tax Specialist,156273.00
1585,Finance,Tax Specialist,50754.00
1484,Operations,Logistics,161295.00
1491,Operations,Logistics,53499.00
1514,Operations,Logistics,39952.00
1529,Operations,Logistics,58197.00
1552,Operations,Logistics,76083.00
1562,Operations,Logistics,95097.00
1578,Operations,Logistics,44250.00
1595,Operations,Logistics,56257.00
1609,Operations,Logistics,97567.00
1487,Operations,Operations Manager,150701.00
1515,Operations,Operations Manager,264517.00
1520,Operations,Operations Manager,130620.00
1522,Operations,Operations Manager,44804.00
1539,Operations,Operations Manager,47381.00
1550,Operations,Operations Manager,91953.00
1553,Operations,Operations Manager,158181.00
1554,Operations,Operations Manager,45496.00
1556,Operations,Operations Manager,95936.00
1564,Operations,Operations Manager,43402.00
1599,Operations,Operations Manager,131742.00
1615,Operations,Operations Manager,196276.00
1481,Operations,Supply Chain,103815.00
1541,Operations,Supply Chain,99176.00
1583,Operations,Supply Chain,152682.00
1584,Operations,Supply Chain,55524.00
1591,Operations,Supply Chain,124857.00
1598,Operations,Supply Chain,79809.00
1604,Operations,Supply Chain,63504.00
1490,Finance,Accountant,109767.00
1500,Finance,Accountant,48357.00
1503,Finance,Accountant,104387.00
1511,Finance,Accountant,57770.00
1574,Finance,Accountant,91492.00
1492,Finance,CFO,67548.00
1506,Finance,CFO,50234.00
1507,Finance,CFO,54018.00
1536,Finance,CFO,86819.00
1540,Finance,CFO,193604.00
1582,Finance,CFO,49102.00
1499,IT,DevOps Engineer,105142.00
1525,IT,DevOps Engineer,100542.00
1641,IT,DevOps Engineer,139213.00
1560,IT,DevOps Engineer,61902.00
1568,IT,DevOps Engineer,231826.00
1594,IT,DevOps Engineer,187726.00
1612,IT,DevOps Engineer,62475.00
1486,IT,Data Engineer,96162.00
1488,IT,Data Engineer,69082.00
1496,IT,Data Engineer,109640.00
1501,IT,Data Engineer,94459.00
1545,IT,Data Engineer,167725.00
1566,IT,Data Engineer,109255.00
1567,IT,Data Engineer,50578.00
1581,IT,Data Engineer,56082.00
1586,IT,Data Engineer,65500.00
1587,IT,Data Engineer,105669.00
1592,IT,Data Engineer,96463.00
1485,Operations,Operations Director,43959.00
1518,Operations,Operations Director,58219.00
1526,Operations,Operations Director,49489.00
1530,Operations,Operations Director,100153.00
1533,Operations,Operations Director,93476.00
1547,Operations,Operations Director,61279.00
1558,Operations,Operations Director,153954.00
1559,Operations,Operations Director,166145.00
1563,Operations,Operations Director,122655.00
1570,Operations,Operations Director,43583.00
1572,Operations,Operations Director,97821.00
1576,Operations,Operations Director,96097.00
1489,Finance,Finance Manager,173797.00
1495,Finance,Finance Manager,91466.00
1537,Finance,Finance Manager,101283.00
1597,Finance,Finance Manager,111117.00
1601,Finance,Finance Manager,63087.00
1611,Finance,Finance Manager,185546.00
1494,IT,Software Developer,282645.00
1502,IT,Software Developer,52584.00
1521,IT,Software Developer,49370.00
1531,IT,Software Developer,59159.00
1538,IT,Software Developer,48903.00
1543,IT,Software Developer,55213.00
1549,IT,Software Developer,57853.00
1565,IT,Software Developer,90206.00
1569,IT,Software Developer,71079.00
1571,IT,Software Developer,73190.00
1575,IT,Software Developer,174830.00
1577,IT,Software Developer,68282.00
1334,Sales,Sales Executive,41382.00
1434,Sales,Sales Executive,45606.00
1440,Sales,Sales Executive,18381.00
1447,Sales,Sales Executive,23232.00
1448,Sales,Sales Executive,9933.00
1048,Sales,Sales Executive,14190.00
1049,Sales,Sales Executive,43758.00
1050,Sales,Sales Executive,44814.00
1052,Sales,Sales Executive,12639.00
1058,Sales,Sales Executive,3795.00
1059,Sales,Sales Executive,26070.00
1618,IT,IT Manager,89047.00
1627,IT,IT Manager,55559.00
1629,IT,IT Manager,70494.00
1657,IT,IT Manager,151819.00
1673,IT,IT Manager,63962.00
1678,IT,IT Manager,166316.00
1682,IT,IT Manager,63954.00
1654,Finance,Financial Analyst,61811.00
1684,Finance,Financial Analyst,57247.00
1705,Finance,Financial Analyst,68733.00
1709,Finance,Financial Analyst,56092.00
1712,Finance,Financial Analyst,178770.00
1733,Finance,Financial Analyst,46389.00
1735,Finance,Financial Analyst,157294.00
1742,Finance,Financial Analyst,157759.00
1745,Finance,Financial Analyst,64881.00
1749,IT,System Admin,61242.00
1634,IT,System Admin,100973.00
1646,IT,System Admin,57916.00
1666,IT,System Admin,51306.00
1706,IT,System Admin,87613.00
1707,IT,System Admin,108609.00
1711,IT,System Admin,68478.00
1715,IT,System Admin,167959.00
1858,Finance,Tax Specialist,90063.00
1669,Finance,Tax Specialist,102689.00
1708,Finance,Tax Specialist,48500.00
1731,Finance,Tax Specialist,45347.00
1651,Operations,Logistics,60101.00
1665,Operations,Logistics,154196.00
1672,Operations,Logistics,50169.00
1679,Operations,Logistics,75792.00
1680,Operations,Logistics,97462.00
1689,Operations,Logistics,50782.00
1694,Operations,Logistics,87084.00
1719,Operations,Logistics,82791.00
1720,Operations,Logistics,55235.00
1617,Operations,Operations Manager,166065.00
1623,Operations,Operations Manager,43685.00
1624,Operations,Operations Manager,58576.00
1626,Operations,Operations Manager,90863.00
1644,Operations,Operations Manager,41555.00
1647,Operations,Operations Manager,46744.00
1658,Operations,Operations Manager,123427.00
1668,Operations,Operations Manager,82834.00
1738,Operations,Operations Manager,60362.00
1636,Operations,Supply Chain,53763.00
1663,Operations,Supply Chain,92869.00
1695,Operations,Supply Chain,84261.00
1723,Operations,Supply Chain,56707.00
1727,Operations,Supply Chain,85311.00
1728,Operations,Supply Chain,46435.00
1637,Finance,Accountant,84001.00
1650,Finance,Accountant,107045.00
1671,Finance,Accountant,47681.00
1674,Finance,Accountant,142245.00
1675,Finance,Accountant,85930.00
1676,Finance,Accountant,164813.00
1704,Finance,Accountant,64013.00
1729,Finance,Accountant,86509.00
1730,Finance,Accountant,56294.00
1638,Finance,CFO,108589.00
1653,Finance,CFO,48621.00
1683,Finance,CFO,271463.00
1685,Finance,CFO,179645.00
1697,Finance,CFO,54775.00
1700,Finance,CFO,95940.00
1724,Finance,CFO,56422.00
1925,Finance,CFO,52312.00
1737,Finance,CFO,89488.00
1747,Finance,CFO,46470.00
1616,IT,DevOps Engineer,53477.00
1631,IT,DevOps Engineer,177802.00
1643,IT,DevOps Engineer,103280.00
1649,IT,DevOps Engineer,101259.00
1652,IT,DevOps Engineer,174990.00
1656,IT,DevOps Engineer,114029.00
1660,IT,DevOps Engineer,105916.00
1670,IT,DevOps Engineer,106327.00
1677,IT,DevOps Engineer,58586.00
1621,IT,Data Engineer,182677.00
1628,IT,Data Engineer,54741.00
1630,IT,Data Engineer,60483.00
1633,IT,Data Engineer,52956.00
1639,IT,Data Engineer,114706.00
1645,IT,Data Engineer,129673.00
1655,IT,Data Engineer,63912.00
1667,IT,Data Engineer,98755.00
1692,IT,Data Engineer,100709.00
1696,IT,Data Engineer,180541.00
1736,IT,Data Engineer,70732.00
1622,Operations,Operations Director,58933.00
1625,Operations,Operations Director,78906.00
1632,Operations,Operations Director,146231.00
1635,Operations,Operations Director,82804.00
1648,Operations,Operations Director,139835.00
1659,Operations,Operations Director,90902.00
1688,Operations,Operations Director,57113.00
1691,Operations,Operations Director,92910.00
1699,Operations,Operations Director,225897.00
1716,Operations,Operations Director,85189.00
1750,Operations,Operations Director,55536.00
1664,Finance,Finance Manager,99761.00
1734,Finance,Finance Manager,46461.00
1741,Finance,Finance Manager,109898.00
1640,IT,Software Developer,58281.00
1642,IT,Software Developer,99590.00
1661,IT,Software Developer,50042.00
1690,IT,Software Developer,69974.00
1698,IT,Software Developer,59925.00
1710,IT,Software Developer,90948.00
1714,IT,Software Developer,55514.00
1722,IT,Software Developer,59672.00
1732,IT,Software Developer,65968.00
1739,IT,Software Developer,61132.00
1743,IT,Software Developer,55288.00
1064,Sales,Sales Executive,41118.00
1068,Sales,Sales Executive,18843.00
1071,Sales,Sales Executive,15411.00
1085,Sales,Sales Executive,32043.00
1095,Sales,Sales Executive,44286.00
1104,Sales,Sales Executive,16236.00
1106,Sales,Sales Executive,40986.00
1107,Sales,Sales Executive,24420.00
1110,Sales,Sales Executive,42504.00
1120,Sales,Sales Executive,41085.00
1121,Sales,Sales Executive,14421.00
1122,Sales,Sales Executive,29172.00
1449,Sales,Sales Executive,30690.00
1452,Sales,Sales Executive,11385.00
1453,Sales,Sales Executive,28974.00
1454,Sales,Sales Executive,36960.00
1455,Sales,Sales Executive,12342.00
1762,IT,IT Manager,111067.00
1776,IT,IT Manager,106462.00
1795,IT,IT Manager,143727.00
1801,IT,IT Manager,53539.00
1805,IT,IT Manager,101345.00
1752,Finance,Financial Analyst,117758.00
1772,Finance,Financial Analyst,111860.00
1783,Finance,Financial Analyst,105431.00
1800,Finance,Financial Analyst,64068.00
1802,Finance,Financial Analyst,68266.00
1820,Finance,Financial Analyst,107147.00
1859,Finance,Financial Analyst,93893.00
1755,IT,System Admin,94992.00
1757,IT,System Admin,95577.00
1761,IT,System Admin,98994.00
1764,IT,System Admin,54803.00
1771,IT,System Admin,145671.00
1773,IT,System Admin,170281.00
1777,IT,System Admin,143160.00
1798,IT,System Admin,118866.00
1810,IT,System Admin,58978.00
1813,IT,System Admin,56683.00
1850,IT,System Admin,108491.00
1754,Finance,Tax Specialist,141042.00
1756,Finance,Tax Specialist,91616.00
1782,Finance,Tax Specialist,103141.00
1789,Finance,Tax Specialist,104451.00
1796,Finance,Tax Specialist,88726.00
1804,Finance,Tax Specialist,63542.00
1843,Finance,Tax Specialist,59136.00
1884,Finance,Tax Specialist,156361.00
1766,Operations,Logistics,94772.00
1769,Operations,Logistics,124858.00
1779,Operations,Logistics,46053.00
1827,Operations,Logistics,100960.00
1830,Operations,Logistics,87433.00
1841,Operations,Logistics,86208.00
1855,Operations,Logistics,58980.00
1866,Operations,Logistics,77328.00
1882,Operations,Logistics,50472.00
1785,Operations,Operations Manager,46139.00
1791,Operations,Operations Manager,90681.00
1808,Operations,Operations Manager,58788.00
1815,Operations,Operations Manager,144234.00
1816,Operations,Operations Manager,84412.00
1823,Operations,Operations Manager,133601.00
1829,Operations,Operations Manager,43255.00
1835,Operations,Operations Manager,43743.00
1839,Operations,Operations Manager,72597.00
1860,Operations,Operations Manager,96247.00
1751,Operations,Supply Chain,92952.00
1778,Operations,Supply Chain,55460.00
1806,Operations,Supply Chain,43021.00
1814,Operations,Supply Chain,56252.00
1824,Operations,Supply Chain,62959.00
1831,Operations,Supply Chain,81877.00
1879,Operations,Supply Chain,41660.00
1883,Operations,Supply Chain,128767.00
1759,Finance,Accountant,92898.00
1842,Finance,Accountant,94286.00
1797,Finance,CFO,252798.00
1803,Finance,CFO,63287.00
1807,Finance,CFO,50945.00
1818,Finance,CFO,175898.00
1836,Finance,CFO,61617.00
1871,Finance,CFO,102568.00
1878,Finance,CFO,90932.00
1881,Finance,CFO,70096.00
1760,IT,DevOps Engineer,154574.00
1775,IT,DevOps Engineer,59557.00
1784,IT,DevOps Engineer,128288.00
1786,IT,DevOps Engineer,108896.00
1787,IT,DevOps Engineer,102296.00
1792,IT,DevOps Engineer,150516.00
1838,IT,DevOps Engineer,51796.00
1840,IT,DevOps Engineer,100741.00
1851,IT,DevOps Engineer,70159.00
1758,IT,Data Engineer,119210.00
1763,IT,Data Engineer,95187.00
1765,IT,Data Engineer,56805.00
1793,IT,Data Engineer,59372.00
1817,IT,Data Engineer,53465.00
1821,IT,Data Engineer,97451.00
1825,IT,Data Engineer,99414.00
1833,IT,Data Engineer,116868.00
1848,IT,Data Engineer,65161.00
1867,IT,Data Engineer,98448.00
1768,Operations,Operations Director,141706.00
1799,Operations,Operations Director,42785.00
1844,Operations,Operations Director,129277.00
1861,Operations,Operations Director,178211.00
1887,Operations,Operations Director,160239.00
1753,Finance,Finance Manager,83678.00
1770,Finance,Finance Manager,137920.00
1811,Finance,Finance Manager,56060.00
1826,Finance,Finance Manager,88838.00
1837,Finance,Finance Manager,91531.00
1854,Finance,Finance Manager,98780.00
1872,Finance,Finance Manager,55848.00
1885,Finance,Finance Manager,47144.00
1774,IT,Software Developer,91532.00
1780,IT,Software Developer,229477.00
1781,IT,Software Developer,179306.00
1794,IT,Software Developer,68361.00
1819,IT,Software Developer,72101.00
1822,IT,Software Developer,57079.00
1832,IT,Software Developer,95539.00
1846,IT,Software Developer,68640.00
1852,IT,Software Developer,101379.00
1853,IT,Software Developer,172691.00
1863,IT,Software Developer,89793.00
1462,Sales,Sales Executive,13530.00
1463,Sales,Sales Executive,23826.00
1469,Sales,Sales Executive,33759.00
1341,Sales,Sales Executive,41778.00
1343,Sales,Sales Executive,48840.00
1351,Sales,Sales Executive,16863.00
1356,Sales,Sales Executive,11055.00
1357,Sales,Sales Executive,11121.00
1359,Sales,Sales Executive,35607.00
1360,Sales,Sales Executive,24255.00
1364,Sales,Sales Executive,7161.00
1365,Sales,Sales Executive,25839.00
1367,Sales,Sales Executive,41283.00
1370,Sales,Sales Executive,48675.00
1372,Sales,Sales Executive,47619.00
1379,Sales,Sales Executive,13827.00
1381,Sales,Sales Executive,22506.00
1888,IT,IT Manager,97566.00
1899,IT,IT Manager,54899.00
1906,IT,IT Manager,100050.00
1920,IT,IT Manager,103039.00
1924,IT,IT Manager,60277.00
1955,Finance,Financial Analyst,104599.00
1985,Finance,Financial Analyst,52090.00
1905,IT,System Admin,99876.00
1929,IT,System Admin,86078.00
1947,IT,System Admin,102613.00
1952,IT,System Admin,114811.00
1975,IT,System Admin,61952.00
1990,IT,System Admin,69149.00
2009,IT,System Admin,232262.00
2013,IT,System Admin,70598.00
2022,IT,System Admin,57191.00
1922,Finance,Tax Specialist,89576.00
1946,Finance,Tax Specialist,65441.00
1960,Finance,Tax Specialist,81074.00
1971,Finance,Tax Specialist,81857.00
2019,Finance,Tax Specialist,106704.00
1903,Operations,Logistics,181704.00
1912,Operations,Logistics,90583.00
1948,Operations,Logistics,77135.00
1951,Operations,Logistics,130721.00
1964,Operations,Logistics,53088.00
1967,Operations,Logistics,45047.00
1972,Operations,Logistics,77159.00
1977,Operations,Logistics,128405.00
2004,Operations,Logistics,129079.00
1890,Operations,Operations Manager,42599.00
1907,Operations,Operations Manager,166014.00
1938,Operations,Operations Manager,59160.00
1942,Operations,Operations Manager,104512.00
1956,Operations,Operations Manager,236709.00
1969,Operations,Operations Manager,76300.00
2001,Operations,Operations Manager,93777.00
2006,Operations,Operations Manager,141851.00
2020,Operations,Operations Manager,72828.00
1894,Operations,Supply Chain,84572.00
1916,Operations,Supply Chain,61358.00
1998,Operations,Supply Chain,202462.00
1897,Finance,Accountant,106649.00
1904,Finance,Accountant,88609.00
1927,Finance,Accountant,147208.00
1932,Finance,Accountant,101893.00
1940,Finance,Accountant,93102.00
1953,Finance,Accountant,106552.00
1954,Finance,Accountant,85727.00
1974,Finance,Accountant,55211.00
1909,Finance,CFO,266393.00
1913,Finance,CFO,142675.00
1987,Finance,CFO,292229.00
1992,Finance,CFO,48450.00
2007,Finance,CFO,179122.00
1895,IT,DevOps Engineer,91658.00
1908,IT,DevOps Engineer,159838.00
1921,IT,DevOps Engineer,63305.00
1928,IT,DevOps Engineer,100587.00
1941,IT,DevOps Engineer,60645.00
1950,IT,DevOps Engineer,102377.00
1957,IT,DevOps Engineer,97359.00
1958,IT,DevOps Engineer,104692.00
1963,IT,DevOps Engineer,101682.00
1891,IT,Data Engineer,62034.00
1893,IT,Data Engineer,58912.00
1900,IT,Data Engineer,97854.00
1902,IT,Data Engineer,174830.00
1910,IT,Data Engineer,100200.00
1914,IT,Data Engineer,100538.00
1917,IT,Data Engineer,49634.00
1918,IT,Data Engineer,161311.00
1930,IT,Data Engineer,94304.00
1968,IT,Data Engineer,88783.00
1978,IT,Data Engineer,112170.00
1989,IT,Data Engineer,50015.00
2016,IT,Data Engineer,182142.00
1898,Operations,Operations Director,85245.00
1919,Operations,Operations Director,238465.00
1935,Operations,Operations Director,127296.00
1949,Operations,Operations Director,84440.00
1962,Operations,Operations Director,122155.00
1980,Operations,Operations Director,61254.00
1986,Operations,Operations Director,140045.00
2011,Operations,Operations Director,49295.00
2018,Operations,Operations Director,93383.00
2024,Operations,Operations Director,162104.00
1889,Finance,Finance Manager,83678.00
1915,Finance,Finance Manager,54319.00
1926,Finance,Finance Manager,102001.00
1931,Finance,Finance Manager,64000.00
1936,Finance,Finance Manager,109917.00
1943,Finance,Finance Manager,99056.00
1945,Finance,Finance Manager,98709.00
1965,Finance,Finance Manager,104969.00
1983,Finance,Finance Manager,136825.00
2008,Finance,Finance Manager,100623.00
2010,Finance,Finance Manager,96577.00
2012,Finance,Finance Manager,102067.00
1896,IT,Software Developer,116613.00
1901,IT,Software Developer,104651.00
1911,IT,Software Developer,55567.00
1923,IT,Software Developer,65542.00
1934,IT,Software Developer,53331.00
1937,IT,Software Developer,160899.00
1959,IT,Software Developer,56967.00
1966,IT,Software Developer,173662.00
1970,IT,Software Developer,154851.00
1973,IT,Software Developer,61844.00
1984,IT,Software Developer,143915.00
1988,IT,Software Developer,86905.00
1385,Sales,Sales Executive,30921.00
1386,Sales,Sales Executive,40887.00
1393,Sales,Sales Executive,40392.00
1394,Sales,Sales Executive,31482.00
1396,Sales,Sales Executive,24882.00
1397,Sales,Sales Executive,38544.00
1404,Sales,Sales Executive,3927.00
1411,Sales,Sales Executive,14652.00
1417,Sales,Sales Executive,43593.00
1432,Sales,Sales Executive,26433.00
2041,IT,IT Manager,109439.00
2052,IT,IT Manager,60187.00
2062,IT,IT Manager,155421.00
2064,IT,IT Manager,106542.00
2074,IT,IT Manager,98362.00
2095,IT,IT Manager,53375.00
2096,IT,IT Manager,96038.00
2099,IT,IT Manager,67452.00
2101,IT,IT Manager,55141.00
2102,IT,IT Manager,94450.00
2111,IT,IT Manager,106088.00
2112,IT,IT Manager,59582.00
2043,Finance,Financial Analyst,62441.00
2048,Finance,Financial Analyst,106811.00
2067,Finance,Financial Analyst,104663.00
2069,Finance,Financial Analyst,103251.00
2098,Finance,Financial Analyst,57791.00
2118,Finance,Financial Analyst,80967.00
2133,Finance,Financial Analyst,68284.00
2140,Finance,Financial Analyst,100662.00
2144,Finance,Financial Analyst,61759.00
2149,Finance,Financial Analyst,49658.00
2026,IT,System Admin,50493.00
2042,IT,System Admin,139940.00
2054,IT,System Admin,99836.00
2059,IT,System Admin,150669.00
2086,IT,System Admin,97105.00
2089,IT,System Admin,83503.00
2113,IT,System Admin,149855.00
2146,IT,System Admin,55739.00
2028,Finance,Tax Specialist,83636.00
2031,Finance,Tax Specialist,114119.00
2040,Finance,Tax Specialist,93464.00
2056,Finance,Tax Specialist,66785.00
2152,Finance,Tax Specialist,89130.00
2037,Operations,Logistics,82192.00
2051,Operations,Logistics,42330.00
2071,Operations,Logistics,46369.00
2110,Operations,Logistics,43489.00
2122,Operations,Logistics,102492.00
2134,Operations,Logistics,47689.00
2049,Operations,Operations Manager,145998.00
2053,Operations,Operations Manager,97786.00
2085,Operations,Operations Manager,161911.00
2123,Operations,Operations Manager,84587.00
2135,Operations,Operations Manager,258552.00
2055,Operations,Supply Chain,43340.00
2063,Operations,Supply Chain,99916.00
2080,Operations,Supply Chain,87587.00
2083,Operations,Supply Chain,47063.00
2088,Operations,Supply Chain,45590.00
2093,Operations,Supply Chain,89932.00
2117,Operations,Supply Chain,57670.00
2129,Operations,Supply Chain,123780.00
2137,Operations,Supply Chain,74562.00
2141,Operations,Supply Chain,162132.00
2155,Operations,Supply Chain,77051.00
2036,Finance,Accountant,88352.00
2047,Finance,Accountant,110696.00
2092,Finance,Accountant,154279.00
2094,Finance,Accountant,45672.00
2131,Finance,Accountant,67733.00
2142,Finance,Accountant,61164.00
2150,Finance,Accountant,149411.00
2153,Finance,Accountant,158510.00
2025,Finance,CFO,51868.00
2046,Finance,CFO,83677.00
2058,Finance,CFO,45370.00
2065,Finance,CFO,100854.00
2079,Finance,CFO,99915.00
2082,Finance,CFO,91091.00
2090,Finance,CFO,62053.00
2143,Finance,CFO,128727.00
2151,Finance,CFO,152429.00
2032,IT,DevOps Engineer,104505.00
2078,IT,DevOps Engineer,99126.00
2100,IT,DevOps Engineer,65998.00
2103,IT,DevOps Engineer,100511.00
2106,IT,DevOps Engineer,105895.00
2109,IT,DevOps Engineer,97577.00
2119,IT,DevOps Engineer,56672.00
2120,IT,DevOps Engineer,63033.00
2147,IT,DevOps Engineer,108309.00
2154,IT,DevOps Engineer,97643.00
2039,IT,Data Engineer,55180.00
2045,IT,Data Engineer,53334.00
2072,IT,Data Engineer,68889.00
2077,IT,Data Engineer,102069.00
2097,IT,Data Engineer,155540.00
2105,IT,Data Engineer,62758.00
2107,IT,Data Engineer,69177.00
2108,IT,Data Engineer,63674.00
2116,IT,Data Engineer,64761.00
2124,IT,Data Engineer,106038.00
2029,Operations,Operations Director,53194.00
2030,Operations,Operations Director,42489.00
2034,Operations,Operations Director,45571.00
2044,Operations,Operations Director,147108.00
2060,Operations,Operations Director,93255.00
2070,Operations,Operations Director,53155.00
2073,Operations,Operations Director,98285.00
2115,Operations,Operations Director,233372.00
2138,Operations,Operations Director,45801.00
2158,Operations,Operations Director,87951.00
2081,Finance,Finance Manager,181430.00
2104,Finance,Finance Manager,231330.00
2126,Finance,Finance Manager,88785.00
2128,Finance,Finance Manager,97859.00
2136,Finance,Finance Manager,104234.00
2156,Finance,Finance Manager,93530.00
2159,Finance,Finance Manager,146033.00
2050,IT,Software Developer,94152.00
2068,IT,Software Developer,56988.00
2091,IT,Software Developer,48800.00
2127,IT,Software Developer,178889.00
2130,IT,Software Developer,58944.00
2148,IT,Software Developer,93357.00
2166,IT,IT Manager,106115.00
2181,IT,IT Manager,96554.00
2186,IT,IT Manager,111173.00
2189,IT,IT Manager,57158.00
2195,IT,IT Manager,71495.00
2200,IT,IT Manager,112433.00
2203,IT,IT Manager,111420.00
2216,IT,IT Manager,144021.00
2162,Finance,Financial Analyst,97639.00
2170,Finance,Financial Analyst,65875.00
2177,Finance,Financial Analyst,61116.00
2236,Finance,Financial Analyst,65521.00
2251,Finance,Financial Analyst,104604.00
2274,Finance,Financial Analyst,100556.00
2288,Finance,Financial Analyst,116039.00
2163,IT,System Admin,94659.00
2165,IT,System Admin,94230.00
2188,IT,System Admin,92712.00
2192,IT,System Admin,55600.00
2208,IT,System Admin,91677.00
2218,IT,System Admin,110734.00
2227,IT,System Admin,169156.00
2229,IT,System Admin,60185.00
2240,IT,System Admin,48727.00
2252,IT,System Admin,115781.00
2259,IT,System Admin,93341.00
2261,IT,System Admin,54843.00
2273,IT,System Admin,147682.00
2284,IT,System Admin,126022.00
2172,Finance,Tax Specialist,98632.00
2201,Finance,Tax Specialist,53529.00
2210,Finance,Tax Specialist,50363.00
2219,Finance,Tax Specialist,146097.00
2239,Finance,Tax Specialist,109016.00
2250,Finance,Tax Specialist,105494.00
2254,Finance,Tax Specialist,106516.00
2256,Finance,Tax Specialist,163241.00
2272,Finance,Tax Specialist,53186.00
2278,Finance,Tax Specialist,63097.00
2182,Operations,Logistics,46121.00
2183,Operations,Logistics,57586.00
2191,Operations,Logistics,52946.00
2204,Operations,Logistics,88984.00
2212,Operations,Logistics,59030.00
2266,Operations,Logistics,43085.00
2167,Operations,Operations Manager,93182.00
2174,Operations,Operations Manager,51198.00
2198,Operations,Operations Manager,47513.00
2233,Operations,Operations Manager,58367.00
2241,Operations,Operations Manager,98965.00
2275,Operations,Operations Manager,85285.00
2205,Operations,Supply Chain,78856.00
2214,Operations,Supply Chain,50812.00
2222,Operations,Supply Chain,48002.00
2238,Operations,Supply Chain,80956.00
2245,Operations,Supply Chain,102967.00
2262,Operations,Supply Chain,220466.00
2285,Operations,Supply Chain,57356.00
2175,Finance,Accountant,86906.00
2180,Finance,Accountant,98425.00
2199,Finance,Accountant,98902.00
2220,Finance,Accountant,48532.00
2260,Finance,Accountant,49571.00
2282,Finance,Accountant,165984.00
2290,Finance,Accountant,58304.00
2190,Finance,CFO,59661.00
2213,Finance,CFO,178052.00
2243,Finance,CFO,142848.00
2270,Finance,CFO,63510.00
2283,Finance,CFO,62950.00
2194,IT,DevOps Engineer,57116.00
2197,IT,DevOps Engineer,116752.00
2209,IT,DevOps Engineer,66452.00
2217,IT,DevOps Engineer,60868.00
2224,IT,DevOps Engineer,60542.00
2225,IT,DevOps Engineer,57392.00
2234,IT,DevOps Engineer,84381.00
2255,IT,DevOps Engineer,132709.00
2264,IT,DevOps Engineer,112451.00
2280,IT,DevOps Engineer,97553.00
2161,IT,Data Engineer,115591.00
2169,IT,Data Engineer,85499.00
2173,IT,Data Engineer,101321.00
2178,IT,Data Engineer,99350.00
2193,IT,Data Engineer,88231.00
2244,IT,Data Engineer,251625.00
2247,IT,Data Engineer,99844.00
2268,IT,Data Engineer,66063.00
2277,IT,Data Engineer,68922.00
2168,Operations,Operations Director,55102.00
2176,Operations,Operations Director,133415.00
2179,Operations,Operations Director,51735.00
2206,Operations,Operations Director,147418.00
2207,Operations,Operations Director,79466.00
2223,Operations,Operations Director,79621.00
2226,Operations,Operations Director,82151.00
2263,Operations,Operations Director,41762.00
2287,Operations,Operations Director,153297.00
2294,Operations,Operations Director,58130.00
2187,Finance,Finance Manager,99447.00
2196,Finance,Finance Manager,91828.00
2215,Finance,Finance Manager,54589.00
2230,Finance,Finance Manager,53749.00
2232,Finance,Finance Manager,255125.00
2258,Finance,Finance Manager,170816.00
2281,Finance,Finance Manager,47775.00
2286,Finance,Finance Manager,106845.00
2164,IT,Software Developer,62955.00
2171,IT,Software Developer,107565.00
2185,IT,Software Developer,112692.00
2211,IT,Software Developer,106999.00
2237,IT,Software Developer,170047.00
2248,IT,Software Developer,70039.00
2257,IT,Software Developer,61376.00
2265,IT,Software Developer,90534.00
2328,IT,IT Manager,98938.00
2358,IT,IT Manager,52664.00
2381,IT,IT Manager,188258.00
2386,IT,IT Manager,92393.00
2399,IT,IT Manager,87740.00
2409,IT,IT Manager,57233.00
2420,IT,IT Manager,56282.00
2425,IT,IT Manager,54840.00
2427,IT,IT Manager,86702.00
2303,Finance,Financial Analyst,147584.00
2359,Finance,Financial Analyst,102933.00
2383,Finance,Financial Analyst,155370.00
2298,IT,System Admin,263634.00
2309,IT,System Admin,132739.00
2326,IT,System Admin,104250.00
2330,IT,System Admin,102031.00
2331,IT,System Admin,110088.00
2348,IT,System Admin,63175.00
2349,IT,System Admin,110908.00
2362,IT,System Admin,64276.00
2369,IT,System Admin,165740.00
2374,IT,System Admin,98617.00
2377,IT,System Admin,177615.00
2392,IT,System Admin,107827.00
2344,Finance,Tax Specialist,48616.00
2347,Finance,Tax Specialist,104392.00
2394,Finance,Tax Specialist,80456.00
2402,Finance,Tax Specialist,55408.00
2308,Operations,Logistics,45581.00
2364,Operations,Logistics,98705.00
2372,Operations,Logistics,88929.00
2375,Operations,Logistics,152058.00
2379,Operations,Logistics,80213.00
2405,Operations,Logistics,42226.00
2413,Operations,Logistics,94616.00
2429,Operations,Logistics,94640.00
2430,Operations,Logistics,47224.00
2297,Operations,Operations Manager,136794.00
2312,Operations,Operations Manager,86812.00
2332,Operations,Operations Manager,145380.00
2341,Operations,Operations Manager,168338.00
2366,Operations,Operations Manager,57836.00
2376,Operations,Operations Manager,144724.00
2393,Operations,Operations Manager,73725.00
2410,Operations,Operations Manager,89390.00
2423,Operations,Operations Manager,97542.00
2300,Operations,Supply Chain,41566.00
2307,Operations,Supply Chain,49403.00
2318,Operations,Supply Chain,80896.00
2340,Operations,Supply Chain,59675.00
2380,Operations,Supply Chain,42935.00
2388,Operations,Supply Chain,55731.00
2403,Operations,Supply Chain,127211.00
2408,Operations,Supply Chain,154746.00
2419,Operations,Supply Chain,96666.00
2322,Finance,Accountant,45653.00
2337,Finance,Accountant,94119.00
2361,Finance,Accountant,54863.00
2371,Finance,Accountant,52286.00
2390,Finance,Accountant,100184.00
2327,Finance,CFO,89589.00
2343,Finance,CFO,49080.00
2365,Finance,CFO,85644.00
2389,Finance,CFO,89400.00
2400,Finance,CFO,61990.00
2412,Finance,CFO,113496.00
2299,IT,DevOps Engineer,57146.00
2301,IT,DevOps Engineer,187679.00
2313,IT,DevOps Engineer,172597.00
2316,IT,DevOps Engineer,70538.00
2320,IT,DevOps Engineer,87047.00
2334,IT,DevOps Engineer,101050.00
2342,IT,DevOps Engineer,92783.00
2363,IT,DevOps Engineer,52681.00
2367,IT,DevOps Engineer,110559.00
2378,IT,DevOps Engineer,101195.00
2382,IT,DevOps Engineer,152904.00
2385,IT,DevOps Engineer,113427.00
2315,IT,Data Engineer,114554.00
2323,IT,Data Engineer,148100.00
2339,IT,Data Engineer,64982.00
2350,IT,Data Engineer,53575.00
2353,IT,Data Engineer,50326.00
2357,IT,Data Engineer,107149.00
2370,IT,Data Engineer,117096.00
2406,IT,Data Engineer,153486.00
2414,IT,Data Engineer,180006.00
2418,IT,Data Engineer,93571.00
2421,IT,Data Engineer,65634.00
2426,IT,Data Engineer,105946.00
2302,Operations,Operations Director,77072.00
2311,Operations,Operations Director,87692.00
2314,Operations,Operations Director,42098.00
2324,Operations,Operations Director,101906.00
2329,Operations,Operations Director,238718.00
2333,Operations,Operations Director,101357.00
2336,Operations,Operations Director,50210.00
2368,Operations,Operations Director,50541.00
2428,Operations,Operations Director,135125.00
2304,Finance,Finance Manager,46894.00
2306,Finance,Finance Manager,169921.00
2404,Finance,Finance Manager,67019.00
2305,IT,Software Developer,113745.00
2317,IT,Software Developer,165248.00
2319,IT,Software Developer,52620.00
2325,IT,Software Developer,115229.00
2488,IT,Software Developer,69243.00
2355,IT,Software Developer,93823.00
2360,IT,Software Developer,68025.00
2384,IT,Software Developer,59305.00
2397,IT,Software Developer,55815.00
2401,IT,Software Developer,62165.00
2407,IT,Software Developer,92059.00
2417,IT,Software Developer,65733.00
2453,IT,IT Manager,53699.00
2477,IT,IT Manager,113934.00
2493,IT,IT Manager,94977.00
2494,IT,IT Manager,165303.00
2496,IT,IT Manager,70946.00
2514,IT,IT Manager,96320.00
2525,IT,IT Manager,68945.00
2537,IT,IT Manager,168324.00
2539,IT,IT Manager,94597.00
2543,IT,IT Manager,94739.00
2450,Finance,Financial Analyst,184553.00
2495,Finance,Financial Analyst,61941.00
2500,Finance,Financial Analyst,88270.00
2502,Finance,Financial Analyst,57919.00
2509,Finance,Financial Analyst,44767.00
2511,Finance,Financial Analyst,154347.00
2536,Finance,Financial Analyst,49310.00
2540,Finance,Financial Analyst,89885.00
2437,IT,System Admin,107341.00
2460,IT,System Admin,169605.00
2485,IT,System Admin,52549.00
2486,IT,System Admin,169774.00
2497,IT,System Admin,66205.00
2532,IT,System Admin,96841.00
2554,IT,System Admin,167002.00
2566,IT,System Admin,119463.00
2567,IT,System Admin,105914.00
2445,Finance,Tax Specialist,88919.00
2498,Finance,Tax Specialist,85032.00
2508,Finance,Tax Specialist,102564.00
2433,Operations,Logistics,43248.00
2438,Operations,Logistics,47895.00
2448,Operations,Logistics,56282.00
2518,Operations,Logistics,85822.00
2527,Operations,Logistics,52380.00
2531,Operations,Logistics,95577.00
2534,Operations,Logistics,81332.00
2535,Operations,Logistics,57673.00
2541,Operations,Logistics,44309.00
2545,Operations,Logistics,95145.00
2441,Operations,Operations Manager,130241.00
2442,Operations,Operations Manager,45501.00
2466,Operations,Operations Manager,160844.00
2470,Operations,Operations Manager,52710.00
2517,Operations,Operations Manager,58407.00
2523,Operations,Operations Manager,50692.00
2449,Operations,Supply Chain,138609.00
2452,Operations,Supply Chain,82516.00
2475,Operations,Supply Chain,88986.00
2482,Operations,Supply Chain,141773.00
2530,Operations,Supply Chain,73674.00
2544,Operations,Supply Chain,211590.00
2553,Operations,Supply Chain,47350.00
2564,Operations,Supply Chain,132883.00
2469,Finance,Accountant,262362.00
2529,Finance,Accountant,172857.00
2533,Finance,Accountant,87446.00
2439,Finance,CFO,81829.00
2455,Finance,CFO,51129.00
2459,Finance,CFO,171600.00
2467,Finance,CFO,66014.00
2476,Finance,CFO,48225.00
2479,Finance,CFO,97841.00
2456,IT,DevOps Engineer,65401.00
2458,IT,DevOps Engineer,155050.00
2480,IT,DevOps Engineer,110272.00
2513,IT,DevOps Engineer,59323.00
2522,IT,DevOps Engineer,84840.00
2552,IT,DevOps Engineer,163320.00
2555,IT,DevOps Engineer,58149.00
2446,IT,Data Engineer,56018.00
2447,IT,Data Engineer,53856.00
2454,IT,Data Engineer,108328.00
2461,IT,Data Engineer,54806.00
2462,IT,Data Engineer,109132.00
2463,IT,Data Engineer,70965.00
2474,IT,Data Engineer,105241.00
2478,IT,Data Engineer,84605.00
2483,IT,Data Engineer,130035.00
2487,IT,Data Engineer,69906.00
2491,IT,Data Engineer,167080.00
2507,IT,Data Engineer,49866.00
2512,IT,Data Engineer,68731.00
2432,Operations,Operations Director,57207.00
2434,Operations,Operations Director,42589.00
2464,Operations,Operations Director,114788.00
2468,Operations,Operations Director,48888.00
2471,Operations,Operations Director,97280.00
2499,Operations,Operations Director,50748.00
2501,Operations,Operations Director,90985.00
2505,Operations,Operations Director,42370.00
2515,Operations,Operations Director,98450.00
2524,Operations,Operations Director,59470.00
2526,Operations,Operations Director,87872.00
2528,Operations,Operations Director,78249.00
2548,Operations,Operations Director,55267.00
2556,Operations,Operations Director,76721.00
2435,Finance,Finance Manager,54223.00
2457,Finance,Finance Manager,167547.00
2481,Finance,Finance Manager,250438.00
2504,Finance,Finance Manager,46835.00
2510,Finance,Finance Manager,154752.00
2521,Finance,Finance Manager,110072.00
2560,Finance,Finance Manager,84906.00
2443,IT,Software Developer,169622.00
2451,IT,Software Developer,177834.00
2472,IT,Software Developer,60222.00
2489,IT,Software Developer,54521.00
2490,IT,Software Developer,96509.00
2503,IT,Software Developer,58906.00
2506,IT,Software Developer,68555.00
2542,IT,Software Developer,66381.00
2550,IT,Software Developer,57927.00
2559,IT,Software Developer,275733.00
2562,IT,Software Developer,101845.00
2589,IT,IT Manager,100168.00
2631,IT,IT Manager,90132.00
2633,IT,IT Manager,68094.00
2634,IT,IT Manager,116050.00
2642,IT,IT Manager,106000.00
2662,IT,IT Manager,90251.00
2668,IT,IT Manager,74699.00
2592,Finance,Financial Analyst,92349.00
2615,Finance,Financial Analyst,56284.00
2572,IT,System Admin,89700.00
2576,IT,System Admin,92580.00
2577,IT,System Admin,52631.00
2579,IT,System Admin,56537.00
2584,IT,System Admin,143595.00
2585,IT,System Admin,72000.00
2594,IT,System Admin,59607.00
2600,IT,System Admin,65519.00
2571,Finance,Tax Specialist,102371.00
2587,Finance,Tax Specialist,59130.00
2590,Finance,Tax Specialist,54178.00
2599,Finance,Tax Specialist,84994.00
2637,Finance,Tax Specialist,53093.00
2638,Finance,Tax Specialist,56634.00
2658,Finance,Tax Specialist,98103.00
2701,Finance,Tax Specialist,52800.00
2569,Operations,Logistics,44444.00
2616,Operations,Logistics,81812.00
2619,Operations,Logistics,190606.00
2621,Operations,Logistics,88772.00
2646,Operations,Logistics,57697.00
2650,Operations,Logistics,54939.00
2652,Operations,Logistics,165795.00
2656,Operations,Logistics,47360.00
2682,Operations,Logistics,147415.00
2689,Operations,Logistics,264642.00
2700,Operations,Logistics,56065.00
2591,Operations,Operations Manager,137236.00
2617,Operations,Operations Manager,78486.00
2628,Operations,Operations Manager,127735.00
2643,Operations,Operations Manager,87709.00
2684,Operations,Operations Manager,58124.00
2692,Operations,Operations Manager,56155.00
2698,Operations,Operations Manager,88017.00
2702,Operations,Operations Manager,138377.00
2604,Operations,Supply Chain,82923.00
2605,Operations,Supply Chain,92764.00
2607,Operations,Supply Chain,89461.00
2610,Operations,Supply Chain,95609.00
2611,Operations,Supply Chain,42291.00
2660,Operations,Supply Chain,259624.00
2676,Operations,Supply Chain,55927.00
2686,Operations,Supply Chain,42560.00
2580,Finance,Accountant,165600.00
2672,Finance,Accountant,50158.00
2674,Finance,Accountant,136096.00
2675,Finance,Accountant,52877.00
2583,Finance,CFO,69042.00
2636,Finance,CFO,170495.00
2665,Finance,CFO,183291.00
2670,Finance,CFO,104638.00
2570,IT,DevOps Engineer,174504.00
2574,IT,DevOps Engineer,58522.00
2575,IT,DevOps Engineer,60794.00
2581,IT,DevOps Engineer,145961.00
2582,IT,DevOps Engineer,67078.00
2588,IT,DevOps Engineer,67785.00
2624,IT,DevOps Engineer,106918.00
2629,IT,DevOps Engineer,112916.00
2639,IT,DevOps Engineer,59117.00
2655,IT,DevOps Engineer,89640.00
2687,IT,DevOps Engineer,170259.00
2573,IT,Data Engineer,105424.00
2596,IT,Data Engineer,253986.00
2586,IT,Data Engineer,70239.00
2595,IT,Data Engineer,106179.00
2614,IT,Data Engineer,95594.00
2622,IT,Data Engineer,104230.00
2625,IT,Data Engineer,59514.00
2635,IT,Data Engineer,145137.00
2640,IT,Data Engineer,191895.00
2644,IT,Data Engineer,107332.00
2645,IT,Data Engineer,59983.00
2649,IT,Data Engineer,150624.00
2663,IT,Data Engineer,92541.00
2601,Operations,Operations Director,81019.00
2612,Operations,Operations Director,81279.00
2654,Operations,Operations Director,55235.00
2661,Operations,Operations Director,50386.00
2671,Operations,Operations Director,74896.00
2680,Operations,Operations Director,75103.00
2696,Operations,Operations Director,57433.00
2618,Finance,Finance Manager,97066.00
2620,Finance,Finance Manager,107383.00
2632,Finance,Finance Manager,88027.00
2648,Finance,Finance Manager,110106.00
2653,Finance,Finance Manager,117031.00
2659,Finance,Finance Manager,90218.00
2666,Finance,Finance Manager,165731.00
2578,IT,Software Developer,90136.00
2593,IT,Software Developer,182582.00
2598,IT,Software Developer,54566.00
2609,IT,Software Developer,53201.00
2613,IT,Software Developer,149331.00
2623,IT,Software Developer,108790.00
2626,IT,Software Developer,157363.00
2657,IT,Software Developer,116990.00
2678,IT,Software Developer,55583.00
2679,IT,Software Developer,95525.00
2699,IT,Software Developer,112224.00
2703,IT,Software Developer,56413.00
2722,IT,IT Manager,105781.00
2742,IT,IT Manager,85954.00
2765,IT,IT Manager,68004.00
2804,IT,IT Manager,72003.00
2835,IT,IT Manager,145647.00
2727,Finance,Financial Analyst,82373.00
2750,Finance,Financial Analyst,59211.00
2771,Finance,Financial Analyst,97951.00
2827,Finance,Financial Analyst,154782.00
2837,Finance,Financial Analyst,100073.00
2706,IT,System Admin,105846.00
2719,IT,System Admin,158136.00
2739,IT,System Admin,64179.00
2756,IT,System Admin,63921.00
2767,IT,System Admin,101247.00
2803,IT,System Admin,53823.00
2809,IT,System Admin,97282.00
2810,IT,System Admin,105867.00
2816,IT,System Admin,156170.00
2823,IT,System Admin,156876.00
2839,IT,System Admin,55270.00
2734,Finance,Tax Specialist,55994.00
2740,Finance,Tax Specialist,97234.00
2752,Finance,Tax Specialist,111295.00
2755,Finance,Tax Specialist,50014.00
2774,Finance,Tax Specialist,277344.00
2790,Finance,Tax Specialist,107809.00
2797,Finance,Tax Specialist,98410.00
2713,Operations,Logistics,40542.00
2725,Operations,Logistics,88880.00
2730,Operations,Logistics,164903.00
2749,Operations,Logistics,59400.00
2753,Operations,Logistics,150350.00
2783,Operations,Logistics,98050.00
2792,Operations,Logistics,98971.00
2802,Operations,Logistics,100410.00
2830,Operations,Logistics,44893.00
2836,Operations,Logistics,82481.00
2705,Operations,Operations Manager,76871.00
2748,Operations,Operations Manager,50079.00
2762,Operations,Operations Manager,172212.00
2788,Operations,Operations Manager,94111.00
2793,Operations,Operations Manager,156435.00
2806,Operations,Operations Manager,49163.00
2708,Operations,Supply Chain,90037.00
2721,Operations,Supply Chain,82454.00
2728,Operations,Supply Chain,41743.00
2732,Operations,Supply Chain,103027.00
2736,Operations,Supply Chain,105011.00
2759,Operations,Supply Chain,87307.00
2763,Operations,Supply Chain,40275.00
2770,Operations,Supply Chain,49401.00
2787,Operations,Supply Chain,52162.00
2733,Finance,Accountant,100408.00
2778,Finance,Accountant,174192.00
2785,Finance,Accountant,161823.00
2829,Finance,Accountant,60449.00
2711,Finance,CFO,161591.00
2714,Finance,CFO,100335.00
2720,Finance,CFO,156344.00
2764,Finance,CFO,49421.00
2815,Finance,CFO,98874.00
2833,Finance,CFO,149888.00
2709,IT,DevOps Engineer,90344.00
2717,IT,DevOps Engineer,111018.00
2718,IT,DevOps Engineer,101250.00
2726,IT,DevOps Engineer,177589.00
2737,IT,DevOps Engineer,59082.00
2741,IT,DevOps Engineer,56573.00
2743,IT,DevOps Engineer,132338.00
2744,IT,DevOps Engineer,151085.00
2899,IT,DevOps Engineer,56116.00
2754,IT,DevOps Engineer,68351.00
2710,IT,Data Engineer,55995.00
2731,IT,Data Engineer,52066.00
2757,IT,Data Engineer,49395.00
2766,IT,Data Engineer,153924.00
2769,IT,Data Engineer,86103.00
2772,IT,Data Engineer,83989.00
2773,IT,Data Engineer,86317.00
2775,IT,Data Engineer,183850.00
2791,IT,Data Engineer,164887.00
2796,IT,Data Engineer,140477.00
2800,IT,Data Engineer,86507.00
2801,IT,Data Engineer,85906.00
2811,IT,Data Engineer,115189.00
2813,IT,Data Engineer,157038.00
2814,IT,Data Engineer,97843.00
2715,Operations,Operations Director,60746.00
2724,Operations,Operations Director,55514.00
2747,Operations,Operations Director,51524.00
2768,Operations,Operations Director,51180.00
2781,Operations,Operations Director,93630.00
2784,Operations,Operations Director,105041.00
2818,Operations,Operations Director,48732.00
2824,Operations,Operations Director,95089.00
2707,Finance,Finance Manager,104028.00
2712,Finance,Finance Manager,95949.00
2723,Finance,Finance Manager,101604.00
2735,Finance,Finance Manager,66554.00
2758,Finance,Finance Manager,45041.00
2786,Finance,Finance Manager,48988.00
2817,Finance,Finance Manager,98497.00
2820,Finance,Finance Manager,48991.00
2822,Finance,Finance Manager,142484.00
2831,Finance,Finance Manager,60996.00
2745,IT,Software Developer,56315.00
2761,IT,Software Developer,69830.00
2782,IT,Software Developer,63026.00
2795,IT,Software Developer,181915.00
2799,IT,Software Developer,54319.00
2805,IT,Software Developer,141869.00
2834,IT,Software Developer,52246.00
2841,IT,IT Manager,92549.00
2842,IT,IT Manager,102623.00
2849,Finance,Financial Analyst,46690.00
2855,Finance,Financial Analyst,101765.00
2859,Finance,Financial Analyst,58377.00
2872,Finance,Financial Analyst,84049.00
2881,Finance,Financial Analyst,69014.00
2942,Finance,Financial Analyst,139854.00
2953,Finance,Financial Analyst,60232.00
2861,IT,System Admin,105277.00
2866,IT,System Admin,56464.00
2873,IT,System Admin,51004.00
2887,IT,System Admin,156767.00
2894,IT,System Admin,87113.00
2909,IT,System Admin,96316.00
2914,IT,System Admin,138903.00
2917,IT,System Admin,92211.00
2924,IT,System Admin,84624.00
2930,IT,System Admin,60946.00
2945,IT,System Admin,61023.00
2951,IT,System Admin,90587.00
2845,Finance,Tax Specialist,60417.00
2910,Finance,Tax Specialist,174574.00
2946,Finance,Tax Specialist,209634.00
2947,Finance,Tax Specialist,52881.00
2963,Finance,Tax Specialist,54267.00
2876,Operations,Logistics,119013.00
2895,Operations,Logistics,62453.00
2936,Operations,Logistics,167372.00
2937,Operations,Logistics,48701.00
2941,Operations,Logistics,41563.00
2948,Operations,Logistics,168601.00
2950,Operations,Logistics,46572.00
2960,Operations,Logistics,88696.00
2972,Operations,Logistics,60343.00
2973,Operations,Logistics,56248.00
2843,Operations,Operations Manager,49361.00
2856,Operations,Operations Manager,49700.00
2865,Operations,Operations Manager,94968.00
2878,Operations,Operations Manager,42836.00
2886,Operations,Operations Manager,86527.00
2891,Operations,Operations Manager,51780.00
2904,Operations,Operations Manager,99115.00
2907,Operations,Operations Manager,90244.00
2919,Operations,Operations Manager,91650.00
2921,Operations,Operations Manager,57396.00
2925,Operations,Operations Manager,89199.00
2857,Operations,Supply Chain,72898.00
2863,Operations,Supply Chain,59079.00
2864,Operations,Supply Chain,93880.00
2874,Operations,Supply Chain,55260.00
2880,Operations,Supply Chain,153040.00
2884,Operations,Supply Chain,98484.00
2898,Operations,Supply Chain,81338.00
2916,Operations,Supply Chain,137006.00
2944,Operations,Supply Chain,84482.00
2965,Operations,Supply Chain,56457.00
2844,Finance,Accountant,165486.00
2846,Finance,Accountant,96445.00
2858,Finance,Accountant,90219.00
2868,Finance,Accountant,47323.00
2897,Finance,Accountant,157384.00
2915,Finance,Accountant,47982.00
2940,Finance,Accountant,51000.00
2888,Finance,CFO,114086.00
2911,Finance,CFO,69813.00
2939,Finance,CFO,94174.00
2949,Finance,CFO,66292.00
2955,Finance,CFO,59193.00
2970,Finance,CFO,95510.00
2975,Finance,CFO,64727.00
2851,IT,DevOps Engineer,163033.00
2852,IT,DevOps Engineer,56782.00
2901,IT,DevOps Engineer,141149.00
2923,IT,DevOps Engineer,52959.00
2932,IT,DevOps Engineer,95309.00
2954,IT,DevOps Engineer,167091.00
2964,IT,DevOps Engineer,163031.00
2969,IT,DevOps Engineer,90168.00
2848,IT,Data Engineer,169826.00
2853,IT,Data Engineer,94721.00
2871,IT,Data Engineer,104971.00
2877,IT,Data Engineer,49755.00
2882,IT,Data Engineer,101310.00
2889,IT,Data Engineer,54457.00
2902,IT,Data Engineer,109279.00
2903,IT,Data Engineer,55765.00
2912,IT,Data Engineer,67818.00
2952,IT,Data Engineer,59705.00
2968,IT,Data Engineer,109871.00
2869,Operations,Operations Director,47088.00
2885,Operations,Operations Director,145317.00
2890,Operations,Operations Director,58503.00
2913,Operations,Operations Director,77168.00
2918,Operations,Operations Director,133700.00
2928,Operations,Operations Director,95934.00
2961,Operations,Operations Director,87485.00
2971,Operations,Operations Director,129309.00
2974,Operations,Operations Director,53119.00
2860,Finance,Finance Manager,53318.00
2892,Finance,Finance Manager,162091.00
2908,Finance,Finance Manager,86620.00
2922,Finance,Finance Manager,66762.00
2956,Finance,Finance Manager,57558.00
2958,Finance,Finance Manager,99174.00
2840,IT,Software Developer,275545.00
2847,IT,Software Developer,140752.00
2850,IT,Software Developer,92637.00
2870,IT,Software Developer,49172.00
2879,IT,Software Developer,99147.00
2883,IT,Software Developer,152706.00
2893,IT,Software Developer,52255.00
2906,IT,Software Developer,99264.00
2920,IT,Software Developer,53473.00
2931,IT,Software Developer,112476.00
2996,Operations,Operations Analyst,49014.00
26,Research & Development,R&D Manager,42306.00
66,Research & Development,R&D Manager,27588.00
117,Research & Development,R&D Manager,44682.00
148,Research & Development,R&D Manager,28281.00
166,Research & Development,R&D Manager,47916.00
187,Research & Development,R&D Manager,32637.00
191,Research & Development,R&D Manager,23067.00
195,Research & Development,R&D Manager,39435.00
232,Research & Development,R&D Manager,17556.00
245,Research & Development,R&D Manager,8316.00
271,Research & Development,R&D Manager,14916.00
272,Research & Development,R&D Manager,21978.00
2980,IT,IT Manager,154071.00
3000,IT,System Admin,60256.00
2988,Finance,Tax Specialist,110546.00
2993,Finance,Tax Specialist,257128.00
2991,Operations,Logistics,86400.00
2995,Operations,Logistics,127319.00
2985,Operations,Operations Manager,46206.00
2989,Operations,Operations Manager,51291.00
106,Human Resources,Recruitment Manager,46860.00
113,Human Resources,Recruitment Manager,4686.00
478,Human Resources,Recruitment Manager,41118.00
536,Human Resources,Recruitment Manager,14091.00
539,Human Resources,Recruitment Manager,10362.00
957,Human Resources,Recruitment Manager,6798.00
963,Human Resources,Recruitment Manager,25410.00
1000,Human Resources,Recruitment Manager,37851.00
1097,Human Resources,Recruitment Manager,29634.00
1155,Human Resources,Recruitment Manager,38808.00
1402,Human Resources,Recruitment Manager,6237.00
2981,Operations,Supply Chain,57134.00
2983,Operations,Supply Chain,95771.00
2997,Operations,Supply Chain,52599.00
2978,Finance,Accountant,88829.00
2984,Finance,Accountant,64688.00
2986,Finance,CFO,149227.00
2994,Finance,CFO,50354.00
2977,IT,DevOps Engineer,88115.00
2990,IT,DevOps Engineer,94911.00
2992,IT,Data Engineer,153217.00
2979,Operations,Operations Director,43692.00
2982,Operations,Operations Director,43524.00
2998,Operations,Operations Director,83971.00
2987,Finance,Finance Manager,54912.00
2999,IT,Software Developer,94095.00
19,Sales,Sales Manager,40227.00
30,Sales,Sales Manager,23265.00
353,Sales,Sales Manager,17490.00
120,Sales,Sales Manager,13002.00
216,Sales,Sales Manager,29568.00
234,Sales,Sales Manager,28182.00
236,Sales,Sales Manager,34122.00
238,Sales,Sales Manager,25443.00
264,Sales,Sales Manager,16104.00
301,Sales,Sales Manager,11022.00
418,Sales,Sales Manager,46134.00
425,Sales,Sales Manager,6930.00
446,Sales,Sales Manager,36861.00
457,Sales,Sales Manager,22704.00
467,Sales,Sales Manager,42108.00
277,Research & Development,R&D Manager,43395.00
314,Research & Development,R&D Manager,18249.00
315,Research & Development,R&D Manager,3861.00
327,Research & Development,R&D Manager,22176.00
380,Research & Development,R&D Manager,43263.00
401,Research & Development,R&D Manager,40194.00
409,Research & Development,R&D Manager,49170.00
412,Research & Development,R&D Manager,13926.00
426,Research & Development,R&D Manager,36267.00
436,Research & Development,R&D Manager,42141.00
493,Research & Development,R&D Manager,40788.00
498,Research & Development,R&D Manager,43395.00
569,Research & Development,R&D Manager,23925.00
585,Research & Development,R&D Manager,18810.00
593,Research & Development,R&D Manager,6666.00
654,Research & Development,R&D Manager,29073.00
700,Research & Development,R&D Manager,34749.00
775,Research & Development,R&D Manager,14652.00
800,Research & Development,R&D Manager,15477.00
805,Research & Development,R&D Manager,41646.00
852,Research & Development,R&D Manager,23694.00
859,Research & Development,R&D Manager,40359.00
868,Research & Development,R&D Manager,46893.00
900,Research & Development,R&D Manager,36234.00
923,Research & Development,R&D Manager,39567.00
937,Research & Development,R&D Manager,12012.00
938,Research & Development,R&D Manager,13596.00
949,Research & Development,R&D Manager,20922.00
955,Research & Development,R&D Manager,16335.00
956,Research & Development,R&D Manager,9306.00
1076,Research & Development,R&D Manager,16335.00
1077,Research & Development,R&D Manager,34650.00
1130,Research & Development,R&D Manager,34947.00
1167,Research & Development,R&D Manager,12045.00
1185,Research & Development,R&D Manager,19272.00
1196,Research & Development,R&D Manager,26697.00
1276,Research & Development,R&D Manager,31086.00
1331,Research & Development,R&D Manager,27159.00
1349,Research & Development,R&D Manager,37521.00
1352,Research & Development,R&D Manager,3861.00
1438,Research & Development,R&D Manager,3465.00
1444,Research & Development,R&D Manager,9900.00
1517,Operations,Operations Analyst,51022.00
1528,Operations,Operations Analyst,59144.00
1557,Operations,Operations Analyst,124522.00
1573,Operations,Operations Analyst,172394.00
1579,Operations,Operations Analyst,91329.00
1606,Operations,Operations Analyst,126190.00
1607,Operations,Operations Analyst,74714.00
1608,Operations,Operations Analyst,59511.00
1619,Operations,Operations Analyst,141215.00
1620,Operations,Operations Analyst,94799.00
1662,Operations,Operations Analyst,56344.00
1686,Operations,Operations Analyst,163161.00
1687,Operations,Operations Analyst,163254.00
1702,Operations,Operations Analyst,164721.00
1718,Operations,Operations Analyst,44850.00
1746,Operations,Operations Analyst,166688.00
1767,Operations,Operations Analyst,102715.00
1788,Operations,Operations Analyst,190030.00
1790,Operations,Operations Analyst,97942.00
1809,Operations,Operations Analyst,80380.00
1834,Operations,Operations Analyst,163023.00
1856,Operations,Operations Analyst,217745.00
1892,Operations,Operations Analyst,82592.00
1933,Operations,Operations Analyst,50169.00
1981,Operations,Operations Analyst,89208.00
1982,Operations,Operations Analyst,44248.00
2002,Operations,Operations Analyst,89885.00
2003,Operations,Operations Analyst,127154.00
2027,Operations,Operations Analyst,81334.00
2033,Operations,Operations Analyst,51527.00
2035,Operations,Operations Analyst,101398.00
2038,Operations,Operations Analyst,138207.00
2057,Operations,Operations Analyst,253212.00
2061,Operations,Operations Analyst,47481.00
2066,Operations,Operations Analyst,211620.00
2075,Operations,Operations Analyst,169116.00
2076,Operations,Operations Analyst,131523.00
2084,Operations,Operations Analyst,40639.00
2087,Operations,Operations Analyst,58802.00
2121,Operations,Operations Analyst,79779.00
2160,Operations,Operations Analyst,92604.00
2184,Operations,Operations Analyst,59456.00
2202,Operations,Operations Analyst,259898.00
2221,Operations,Operations Analyst,93949.00
2231,Operations,Operations Analyst,77870.00
2235,Operations,Operations Analyst,49392.00
2249,Operations,Operations Analyst,84817.00
2253,Operations,Operations Analyst,124537.00
2269,Operations,Operations Analyst,52330.00
2276,Operations,Operations Analyst,163978.00
2310,Operations,Operations Analyst,59675.00
2321,Operations,Operations Analyst,162374.00
2335,Operations,Operations Analyst,148233.00
2338,Operations,Operations Analyst,76740.00
2345,Operations,Operations Analyst,80919.00
2346,Operations,Operations Analyst,84682.00
2351,Operations,Operations Analyst,45274.00
2352,Operations,Operations Analyst,140990.00
2354,Operations,Operations Analyst,91048.00
2356,Operations,Operations Analyst,57592.00
2373,Operations,Operations Analyst,58164.00
2387,Operations,Operations Analyst,97221.00
2396,Operations,Operations Analyst,48194.00
2415,Operations,Operations Analyst,52675.00
2436,Operations,Operations Analyst,47327.00
2440,Operations,Operations Analyst,88313.00
2444,Operations,Operations Analyst,137156.00
2465,Operations,Operations Analyst,125380.00
2473,Operations,Operations Analyst,76989.00
2484,Operations,Operations Analyst,146720.00
2492,Operations,Operations Analyst,47223.00
2516,Operations,Operations Analyst,95998.00
2520,Operations,Operations Analyst,88037.00
2538,Operations,Operations Analyst,52725.00
2565,Operations,Operations Analyst,50663.00
2597,Operations,Operations Analyst,137759.00
2603,Operations,Operations Analyst,164238.00
2606,Operations,Operations Analyst,48966.00
2627,Operations,Operations Analyst,92725.00
2630,Operations,Operations Analyst,75033.00
2641,Operations,Operations Analyst,84505.00
2651,Operations,Operations Analyst,73950.00
2677,Operations,Operations Analyst,159482.00
2716,Operations,Operations Analyst,51669.00
2729,Operations,Operations Analyst,83663.00
2738,Operations,Operations Analyst,158788.00
2746,Operations,Operations Analyst,45595.00
2751,Operations,Operations Analyst,44887.00
2779,Operations,Operations Analyst,53111.00
2794,Operations,Operations Analyst,95087.00
2798,Operations,Operations Analyst,60632.00
2807,Operations,Operations Analyst,171736.00
2808,Operations,Operations Analyst,46863.00
2812,Operations,Operations Analyst,48177.00
2819,Operations,Operations Analyst,91136.00
2828,Operations,Operations Analyst,78989.00
2927,Operations,Operations Analyst,109794.00
2959,Operations,Operations Analyst,154477.00
2976,Operations,Operations Analyst,265589.00
3,Research & Development,Laboratory Technician,45309.00
5,Research & Development,Laboratory Technician,19503.00
6,Research & Development,Laboratory Technician,33165.00
7,Research & Development,Laboratory Technician,43692.00
8,Research & Development,Laboratory Technician,44814.00
11,Research & Development,Laboratory Technician,26697.00
12,Research & Development,Laboratory Technician,5049.00
14,Research & Development,Laboratory Technician,44418.00
15,Research & Development,Laboratory Technician,3399.00
18,Research & Development,Laboratory Technician,37059.00
31,Research & Development,Laboratory Technician,30492.00
33,Research & Development,Laboratory Technician,4125.00
41,Research & Development,Laboratory Technician,15312.00
42,Research & Development,Laboratory Technician,40920.00
43,Research & Development,Laboratory Technician,44781.00
45,Research & Development,Laboratory Technician,23793.00
50,Research & Development,Laboratory Technician,40557.00
51,Research & Development,Laboratory Technician,20658.00
52,Research & Development,Laboratory Technician,47322.00
58,Research & Development,Laboratory Technician,37686.00
59,Research & Development,Laboratory Technician,21615.00
62,Research & Development,Laboratory Technician,21549.00
75,Research & Development,Laboratory Technician,4356.00
81,Research & Development,Laboratory Technician,28116.00
88,Research & Development,Laboratory Technician,14256.00
100,Research & Development,Laboratory Technician,16137.00
103,Research & Development,Laboratory Technician,28743.00
110,Research & Development,Laboratory Technician,17622.00
112,Research & Development,Laboratory Technician,21714.00
114,Research & Development,Laboratory Technician,37191.00
119,Research & Development,Laboratory Technician,30426.00
129,Research & Development,Laboratory Technician,19602.00
141,Research & Development,Laboratory Technician,34089.00
147,Research & Development,Laboratory Technician,47091.00
149,Research & Development,Laboratory Technician,30789.00
150,Research & Development,Laboratory Technician,38973.00
154,Research & Development,Laboratory Technician,6402.00
173,Research & Development,Laboratory Technician,48840.00
174,Research & Development,Laboratory Technician,3663.00
178,Research & Development,Laboratory Technician,9999.00
180,Research & Development,Laboratory Technician,45540.00
184,Research & Development,Laboratory Technician,10824.00
197,Research & Development,Laboratory Technician,4554.00
204,Research & Development,Laboratory Technician,29865.00
208,Research & Development,Laboratory Technician,20955.00
221,Research & Development,Laboratory Technician,46068.00
231,Research & Development,Laboratory Technician,43659.00
235,Research & Development,Laboratory Technician,26829.00
237,Research & Development,Laboratory Technician,15345.00
240,Research & Development,Laboratory Technician,16995.00
241,Research & Development,Laboratory Technician,47223.00
257,Research & Development,Laboratory Technician,8877.00
260,Research & Development,Laboratory Technician,10131.00
261,Research & Development,Laboratory Technician,43263.00
263,Research & Development,Laboratory Technician,4224.00
265,Research & Development,Laboratory Technician,17457.00
270,Research & Development,Laboratory Technician,46299.00
284,Research & Development,Laboratory Technician,4851.00
287,Research & Development,Laboratory Technician,30360.00
289,Research & Development,Laboratory Technician,47817.00
297,Research & Development,Laboratory Technician,7590.00
299,Research & Development,Laboratory Technician,18678.00
306,Research & Development,Laboratory Technician,36465.00
312,Research & Development,Laboratory Technician,41217.00
316,Research & Development,Laboratory Technician,6105.00
331,Research & Development,Laboratory Technician,18447.00
337,Research & Development,Laboratory Technician,10494.00
338,Research & Development,Laboratory Technician,24354.00
352,Research & Development,Laboratory Technician,35046.00
362,Research & Development,Laboratory Technician,38643.00
365,Research & Development,Laboratory Technician,30393.00
374,Research & Development,Laboratory Technician,48477.00
387,Research & Development,Laboratory Technician,36531.00
389,Research & Development,Laboratory Technician,6633.00
392,Research & Development,Laboratory Technician,18315.00
396,Research & Development,Laboratory Technician,10329.00
400,Research & Development,Laboratory Technician,10857.00
405,Research & Development,Laboratory Technician,42900.00
406,Research & Development,Laboratory Technician,22704.00
417,Research & Development,Laboratory Technician,49170.00
420,Research & Development,Laboratory Technician,46200.00
427,Research & Development,Laboratory Technician,36828.00
431,Research & Development,Laboratory Technician,4752.00
432,Research & Development,Laboratory Technician,18084.00
437,Research & Development,Laboratory Technician,19371.00
442,Research & Development,Laboratory Technician,48642.00
444,Research & Development,Laboratory Technician,45144.00
450,Research & Development,Laboratory Technician,14619.00
464,Research & Development,Laboratory Technician,15543.00
477,Research & Development,Laboratory Technician,27159.00
480,Research & Development,Laboratory Technician,42471.00
484,Research & Development,Laboratory Technician,17754.00
492,Research & Development,Laboratory Technician,33033.00
506,Research & Development,Laboratory Technician,32703.00
516,Research & Development,Laboratory Technician,23991.00
524,Research & Development,Laboratory Technician,39831.00
544,Research & Development,Laboratory Technician,12573.00
551,Research & Development,Laboratory Technician,21450.00
557,Research & Development,Laboratory Technician,11418.00
559,Research & Development,Laboratory Technician,14190.00
572,Research & Development,Laboratory Technician,18975.00
582,Research & Development,Laboratory Technician,30393.00
586,Research & Development,Laboratory Technician,41019.00
587,Research & Development,Laboratory Technician,36036.00
588,Research & Development,Laboratory Technician,43725.00
590,Research & Development,Laboratory Technician,26565.00
602,Research & Development,Laboratory Technician,23760.00
632,Research & Development,Laboratory Technician,32538.00
638,Research & Development,Laboratory Technician,9900.00
641,Research & Development,Laboratory Technician,41877.00
644,Research & Development,Laboratory Technician,41745.00
657,Research & Development,Laboratory Technician,12342.00
658,Research & Development,Laboratory Technician,35838.00
661,Research & Development,Laboratory Technician,25773.00
668,Research & Development,Laboratory Technician,35805.00
670,Research & Development,Laboratory Technician,37026.00
672,Research & Development,Laboratory Technician,18018.00
678,Research & Development,Laboratory Technician,17391.00
683,Research & Development,Laboratory Technician,39072.00
687,Research & Development,Laboratory Technician,8679.00
688,Research & Development,Laboratory Technician,30954.00
690,Research & Development,Laboratory Technician,4257.00
697,Research & Development,Laboratory Technician,26565.00
714,Research & Development,Laboratory Technician,32142.00
718,Research & Development,Laboratory Technician,37422.00
719,Research & Development,Laboratory Technician,8184.00
726,Research & Development,Laboratory Technician,20526.00
733,Research & Development,Laboratory Technician,3597.00
735,Research & Development,Laboratory Technician,7161.00
741,Research & Development,Laboratory Technician,26466.00
743,Research & Development,Laboratory Technician,26532.00
753,Research & Development,Laboratory Technician,29205.00
757,Research & Development,Laboratory Technician,36597.00
762,Research & Development,Laboratory Technician,21780.00
778,Research & Development,Laboratory Technician,44022.00
782,Research & Development,Laboratory Technician,6336.00
787,Research & Development,Laboratory Technician,42141.00
794,Research & Development,Laboratory Technician,29535.00
797,Research & Development,Laboratory Technician,40227.00
798,Research & Development,Laboratory Technician,43890.00
801,Research & Development,Laboratory Technician,33297.00
817,Research & Development,Laboratory Technician,14487.00
825,Research & Development,Laboratory Technician,6204.00
829,Research & Development,Laboratory Technician,8151.00
831,Research & Development,Laboratory Technician,5511.00
832,Research & Development,Laboratory Technician,28842.00
841,Research & Development,Laboratory Technician,32406.00
842,Research & Development,Laboratory Technician,15741.00
843,Research & Development,Laboratory Technician,49005.00
844,Research & Development,Laboratory Technician,45672.00
849,Research & Development,Laboratory Technician,20988.00
853,Research & Development,Laboratory Technician,46233.00
857,Research & Development,Laboratory Technician,26565.00
869,Research & Development,Laboratory Technician,38907.00
872,Research & Development,Laboratory Technician,32472.00
874,Research & Development,Laboratory Technician,30261.00
875,Research & Development,Laboratory Technician,28149.00
881,Research & Development,Laboratory Technician,3828.00
902,Research & Development,Laboratory Technician,31977.00
916,Research & Development,Laboratory Technician,8283.00
921,Research & Development,Laboratory Technician,4455.00
922,Research & Development,Laboratory Technician,26103.00
930,Research & Development,Laboratory Technician,6369.00
931,Research & Development,Laboratory Technician,31944.00
933,Research & Development,Laboratory Technician,26598.00
940,Research & Development,Laboratory Technician,35937.00
942,Research & Development,Laboratory Technician,37554.00
945,Research & Development,Laboratory Technician,48708.00
954,Research & Development,Laboratory Technician,30855.00
966,Research & Development,Laboratory Technician,29106.00
968,Research & Development,Laboratory Technician,10857.00
973,Research & Development,Laboratory Technician,37092.00
974,Research & Development,Laboratory Technician,26961.00
980,Research & Development,Laboratory Technician,9405.00
1001,Research & Development,Laboratory Technician,8514.00
1002,Research & Development,Laboratory Technician,48246.00
1004,Research & Development,Laboratory Technician,31317.00
1005,Research & Development,Laboratory Technician,21516.00
1007,Research & Development,Laboratory Technician,48675.00
1018,Research & Development,Laboratory Technician,45441.00
1019,Research & Development,Laboratory Technician,5676.00
1023,Research & Development,Laboratory Technician,46629.00
1028,Research & Development,Laboratory Technician,13233.00
1030,Research & Development,Laboratory Technician,21879.00
1033,Research & Development,Laboratory Technician,19536.00
1037,Research & Development,Laboratory Technician,17259.00
1043,Research & Development,Laboratory Technician,32373.00
1051,Research & Development,Laboratory Technician,24684.00
1061,Research & Development,Laboratory Technician,12573.00
1067,Research & Development,Laboratory Technician,36267.00
1069,Research & Development,Laboratory Technician,9537.00
1072,Research & Development,Laboratory Technician,8943.00
1073,Research & Development,Laboratory Technician,13530.00
1083,Research & Development,Laboratory Technician,16731.00
1084,Research & Development,Laboratory Technician,22308.00
1089,Research & Development,Laboratory Technician,39930.00
1096,Research & Development,Laboratory Technician,19437.00
1098,Research & Development,Laboratory Technician,11550.00
1109,Research & Development,Laboratory Technician,32736.00
1111,Research & Development,Laboratory Technician,3432.00
1123,Research & Development,Laboratory Technician,45210.00
1129,Research & Development,Laboratory Technician,42966.00
1131,Research & Development,Laboratory Technician,24750.00
1134,Research & Development,Laboratory Technician,32670.00
1135,Research & Development,Laboratory Technician,44517.00
1137,Research & Development,Laboratory Technician,10857.00
1143,Research & Development,Laboratory Technician,33495.00
1148,Research & Development,Laboratory Technician,23826.00
1150,Research & Development,Laboratory Technician,42966.00
1156,Research & Development,Laboratory Technician,5610.00
1172,Research & Development,Laboratory Technician,43857.00
1181,Research & Development,Laboratory Technician,10263.00
1193,Research & Development,Laboratory Technician,15312.00
1194,Research & Development,Laboratory Technician,4884.00
1202,Research & Development,Laboratory Technician,43560.00
1203,Research & Development,Laboratory Technician,49335.00
1206,Research & Development,Laboratory Technician,41547.00
1207,Research & Development,Laboratory Technician,25938.00
1209,Research & Development,Laboratory Technician,38181.00
1211,Research & Development,Laboratory Technician,8811.00
1220,Research & Development,Laboratory Technician,35706.00
1225,Research & Development,Laboratory Technician,12870.00
1228,Research & Development,Laboratory Technician,24453.00
1231,Research & Development,Laboratory Technician,16698.00
1239,Research & Development,Laboratory Technician,5280.00
1241,Research & Development,Laboratory Technician,26136.00
1257,Research & Development,Laboratory Technician,19602.00
1264,Research & Development,Laboratory Technician,28215.00
1267,Research & Development,Laboratory Technician,18084.00
1273,Research & Development,Laboratory Technician,38049.00
1274,Research & Development,Laboratory Technician,42702.00
1287,Research & Development,Laboratory Technician,20328.00
1291,Research & Development,Laboratory Technician,7722.00
1303,Research & Development,Laboratory Technician,6105.00
1318,Research & Development,Laboratory Technician,42801.00
1319,Research & Development,Laboratory Technician,18942.00
1322,Research & Development,Laboratory Technician,6831.00
1326,Research & Development,Laboratory Technician,37686.00
1342,Research & Development,Laboratory Technician,10263.00
1344,Research & Development,Laboratory Technician,19536.00
1355,Research & Development,Laboratory Technician,38346.00
1361,Research & Development,Laboratory Technician,15543.00
1362,Research & Development,Laboratory Technician,36168.00
1384,Research & Development,Laboratory Technician,44583.00
1387,Research & Development,Laboratory Technician,5181.00
1391,Research & Development,Laboratory Technician,46332.00
1403,Research & Development,Laboratory Technician,42108.00
1409,Research & Development,Laboratory Technician,18843.00
1410,Research & Development,Laboratory Technician,22836.00
1413,Research & Development,Laboratory Technician,30063.00
1414,Research & Development,Laboratory Technician,32241.00
1416,Research & Development,Laboratory Technician,43329.00
1423,Research & Development,Laboratory Technician,49170.00
1427,Research & Development,Laboratory Technician,8811.00
1428,Research & Development,Laboratory Technician,17919.00
1445,Research & Development,Laboratory Technician,10230.00
1460,Research & Development,Laboratory Technician,45474.00
1466,Research & Development,Laboratory Technician,29172.00
1470,Research & Development,Laboratory Technician,20724.00
1527,IT,IT Manager,115311.00
1534,IT,IT Manager,81628.00
1535,IT,IT Manager,101404.00
1544,IT,IT Manager,90453.00
1551,IT,IT Manager,109070.00
1555,IT,IT Manager,54498.00
1580,IT,IT Manager,92077.00
1600,IT,IT Manager,64857.00
1603,IT,IT Manager,237091.00
1701,IT,IT Manager,92496.00
1713,IT,IT Manager,260102.00
1812,IT,IT Manager,255033.00
1828,IT,IT Manager,142408.00
1845,IT,IT Manager,56629.00
1847,IT,IT Manager,88321.00
1849,IT,IT Manager,55795.00
1873,IT,IT Manager,61386.00
1876,IT,IT Manager,266603.00
1939,IT,IT Manager,88261.00
1944,IT,IT Manager,69712.00
1961,IT,IT Manager,98873.00
1991,IT,IT Manager,112897.00
1993,IT,IT Manager,106181.00
2021,IT,IT Manager,102242.00
2114,IT,IT Manager,164928.00
2132,IT,IT Manager,175219.00
2145,IT,IT Manager,58374.00
2157,IT,IT Manager,60418.00
2228,IT,IT Manager,107530.00
2242,IT,IT Manager,96301.00
2246,IT,IT Manager,108144.00
2271,IT,IT Manager,95559.00
2267,IT,IT Manager,94388.00
2291,IT,IT Manager,72991.00
2292,IT,IT Manager,97603.00
2561,IT,IT Manager,97388.00
2568,IT,IT Manager,87016.00
2681,IT,IT Manager,182719.00
2704,IT,IT Manager,259428.00
2854,IT,IT Manager,60814.00
2862,IT,IT Manager,136310.00
2867,IT,IT Manager,98136.00
2875,IT,IT Manager,145160.00
2896,IT,IT Manager,251588.00
2900,IT,IT Manager,260740.00
2905,IT,IT Manager,59389.00
2929,IT,IT Manager,104124.00
2933,IT,IT Manager,174267.00
2935,IT,IT Manager,106234.00
2957,IT,IT Manager,166871.00
279,Research & Development,Manufacturing Director,48807.00
729,Research & Development,Manufacturing Director,47553.00
734,Research & Development,Manufacturing Director,35178.00
738,Research & Development,Manufacturing Director,18117.00
739,Research & Development,Manufacturing Director,15378.00
740,Research & Development,Manufacturing Director,34815.00
1176,Research & Development,Manufacturing Director,16236.00
1183,Research & Development,Manufacturing Director,29502.00
143,Research & Development,Research Scientist,12012.00
144,Research & Development,Research Scientist,14454.00
243,Research & Development,Research Scientist,46563.00
244,Research & Development,Research Scientist,42900.00
247,Research & Development,Research Scientist,27456.00
249,Research & Development,Research Scientist,33561.00
253,Research & Development,Research Scientist,21945.00
254,Research & Development,Research Scientist,30228.00
259,Research & Development,Research Scientist,27489.00
273,Research & Development,Research Scientist,38214.00
275,Research & Development,Research Scientist,32868.00
286,Research & Development,Research Scientist,45276.00
290,Research & Development,Research Scientist,36861.00
292,Research & Development,Research Scientist,16698.00
295,Research & Development,Research Scientist,29337.00
523,Research & Development,Research Scientist,40425.00
541,Research & Development,Research Scientist,21582.00
548,Research & Development,Research Scientist,30789.00
554,Research & Development,Research Scientist,26532.00
560,Research & Development,Research Scientist,8844.00
563,Research & Development,Research Scientist,17391.00
566,Research & Development,Research Scientist,10230.00
571,Research & Development,Research Scientist,23595.00
575,Research & Development,Research Scientist,6006.00
578,Research & Development,Research Scientist,18843.00
580,Research & Development,Research Scientist,3993.00
595,Research & Development,Research Scientist,41316.00
597,Research & Development,Research Scientist,41514.00
599,Research & Development,Research Scientist,29370.00
728,Research & Development,Research Scientist,9471.00
732,Research & Development,Research Scientist,36201.00
865,Research & Development,Research Scientist,29898.00
876,Research & Development,Research Scientist,6600.00
882,Research & Development,Research Scientist,43428.00
884,Research & Development,Research Scientist,3861.00
887,Research & Development,Research Scientist,48345.00
890,Research & Development,Research Scientist,36399.00
892,Research & Development,Research Scientist,36861.00
893,Research & Development,Research Scientist,16632.00
1021,Research & Development,Research Scientist,15345.00
1024,Research & Development,Research Scientist,41415.00
1029,Research & Development,Research Scientist,42339.00
1170,Research & Development,Research Scientist,16038.00
1171,Research & Development,Research Scientist,19503.00
1180,Research & Development,Research Scientist,37290.00
1188,Research & Development,Research Scientist,39237.00
1191,Research & Development,Research Scientist,32241.00
1333,Research & Development,Research Scientist,15147.00
1335,Research & Development,Research Scientist,37323.00
1336,Research & Development,Research Scientist,27555.00
1424,Research & Development,Research Scientist,19173.00
1425,Research & Development,Research Scientist,46035.00
1430,Research & Development,Research Scientist,3828.00
1436,Research & Development,Research Scientist,34221.00
1443,Research & Development,Research Scientist,36036.00
1450,Research & Development,Research Scientist,17457.00
1456,Research & Development,Research Scientist,43626.00
1458,Research & Development,Research Scientist,39402.00
1459,Research & Development,Research Scientist,9471.00
1461,Research & Development,Research Scientist,15444.00
1721,IT,System Admin,59958.00
1726,IT,System Admin,150780.00
1877,IT,System Admin,54884.00
2416,IT,System Admin,96676.00
2422,IT,System Admin,58243.00
2424,IT,System Admin,101330.00
2431,IT,System Admin,48382.00
2602,IT,System Admin,91205.00
2608,IT,System Admin,59292.00
2647,IT,System Admin,107539.00
2667,IT,System Admin,109780.00
2685,IT,System Admin,174589.00
2690,IT,System Admin,49552.00
2691,IT,System Admin,55567.00
2693,IT,System Admin,57759.00
2695,IT,System Admin,66046.00
2962,IT,System Admin,90132.00
1725,Operations,Logistics,92681.00
2546,Operations,Logistics,87061.00
2547,Operations,Logistics,98348.00
2549,Operations,Logistics,143817.00
2551,Operations,Logistics,51228.00
2557,Operations,Logistics,161638.00
2563,Operations,Logistics,51304.00
1744,Operations,Operations Manager,99885.00
1869,Operations,Operations Manager,42979.00
2926,Operations,Operations Manager,74165.00
2934,Operations,Operations Manager,76866.00
2938,Operations,Operations Manager,42291.00
2967,Operations,Operations Manager,44842.00
2789,Operations,Supply Chain,43542.00
2825,Operations,Supply Chain,133274.00
2826,Operations,Supply Chain,144823.00
1740,Finance,Accountant,65352.00
1979,Finance,Accountant,60107.00
1995,Finance,Accountant,92507.00
1681,IT,DevOps Engineer,175930.00
1693,IT,DevOps Engineer,65254.00
1703,IT,DevOps Engineer,58091.00
1717,IT,DevOps Engineer,113622.00
1748,IT,DevOps Engineer,52064.00
1857,IT,DevOps Engineer,147634.00
1862,IT,DevOps Engineer,150423.00
1976,IT,DevOps Engineer,92891.00
1997,IT,DevOps Engineer,55514.00
2000,IT,DevOps Engineer,53599.00
2005,IT,DevOps Engineer,170194.00
2014,IT,DevOps Engineer,234689.00
2017,IT,DevOps Engineer,148999.00
2391,IT,DevOps Engineer,84979.00
2395,IT,DevOps Engineer,148113.00
2398,IT,DevOps Engineer,165718.00
2411,IT,DevOps Engineer,50677.00
2760,IT,DevOps Engineer,98840.00
2776,IT,DevOps Engineer,66921.00
2777,IT,DevOps Engineer,64274.00
2780,IT,DevOps Engineer,88664.00
2821,IT,DevOps Engineer,89749.00
2832,IT,DevOps Engineer,167242.00
1593,IT,Data Engineer,89401.00
1602,IT,Data Engineer,114494.00
1605,IT,Data Engineer,128421.00
1610,IT,Data Engineer,240149.00
1875,IT,Data Engineer,116262.00
1886,IT,Data Engineer,64583.00
2125,IT,Data Engineer,57434.00
2139,IT,Data Engineer,51073.00
2289,IT,Data Engineer,109393.00
2519,IT,Data Engineer,62330.00
2558,IT,Data Engineer,265464.00
2664,IT,Data Engineer,191829.00
2669,IT,Data Engineer,59232.00
2673,IT,Data Engineer,69214.00
2683,IT,Data Engineer,285544.00
2688,IT,Data Engineer,195801.00
2694,IT,Data Engineer,105982.00
2697,IT,Data Engineer,100720.00
2838,IT,Data Engineer,103087.00
1588,IT,Software Developer,61619.00
1864,IT,Software Developer,53779.00
1865,IT,Software Developer,54098.00
1868,IT,Software Developer,67741.00
1870,IT,Software Developer,87776.00
1874,IT,Software Developer,103844.00
1880,IT,Software Developer,110293.00
1994,IT,Software Developer,148324.00
1996,IT,Software Developer,92197.00
1999,IT,Software Developer,61531.00
2015,IT,Software Developer,61202.00
2023,IT,Software Developer,59563.00
2279,IT,Software Developer,89030.00
2293,IT,Software Developer,53960.00
2295,IT,Software Developer,50427.00
2296,IT,Software Developer,103774.00
2943,IT,Software Developer,69769.00
2966,IT,Software Developer,92515.00
562,Sales,Sales Manager,20493.00
617,Sales,Sales Manager,43494.00
702,Sales,Sales Manager,45408.00
711,Sales,Sales Manager,23826.00
742,Sales,Sales Manager,8745.00
750,Sales,Sales Manager,8778.00
756,Sales,Sales Manager,40722.00
759,Sales,Sales Manager,35937.00
811,Sales,Sales Manager,13398.00
862,Sales,Sales Manager,46266.00
908,Sales,Sales Manager,36267.00
914,Sales,Sales Manager,47817.00
917,Sales,Sales Manager,5544.00
919,Sales,Sales Manager,7821.00
1081,Sales,Sales Manager,7524.00
1117,Sales,Sales Manager,22605.00
1127,Sales,Sales Manager,8712.00
1136,Sales,Sales Manager,18579.00
1195,Sales,Sales Manager,40425.00
1243,Sales,Sales Manager,20163.00
1302,Sales,Sales Manager,11550.00
1375,Sales,Sales Manager,19965.00
